id	label	concurrency	round	nodes_evaluated	root_lines
g687537-p46	a0-c2	2	0	1	h6h2:0:0.5;d6d1:0:0.24408755556920006;d6f6:0:0.14404072586099295
g687537-p46	a0-c2	2	1	2	d6d1:1:0.5345967022274557;h6h2:0:0.5;d6f6:0:0.14404072586099295
g687537-p46	a0-c2	2	1	3	d6d1:1:0.5345967022274557;h6h2:1:0.5;d6f6:0:0.14404072586099295
g687537-p46	a0-c2	2	2	4	d6d1:2:0.5342717108305003;h6h2:1:0.5;d6f6:0:0.14404072586099295
g687537-p46	a0-c2	2	2	5	h6h2:1:0.5;d6d1:3:0.46995243879848725;d6f6:0:0.14404072586099295
g687537-p46	a0-c2	2	3	6	d6d1:4:0.6714097015887323;h6h2:1:0.5;d6f6:0:0.14404072586099295
g687537-p46	a0-c2	2	4	7	d6d1:5:0.6801903717359231;h6h2:1:0.5;d6f6:0:0.14404072586099295
g687537-p46	a0-c2	2	4	8	d6d1:6:0.6845456470377415;h6h2:1:0.5;d6f6:0:0.14404072586099295
g687537-p46	a0-c2	2	5	9	d6d1:7:0.6738580908118629;h6h2:1:0.5;d6f6:0:0.14404072586099295
g687537-p46	a0-c2	2	5	10	d6d1:8:0.6672495908209278;h6h2:1:0.5;d6f6:0:0.14404072586099295
g687537-p46	a0-c2	2	6	11	d6d1:9:0.6644082187652286;h6h2:1:0.5;d6f6:0:0.14404072586099295
g687537-p46	a0-c2	2	6	12	d6d1:10:0.6751223398884052;h6h2:1:0.5;d6f6:0:0.14404072586099295
g687537-p46	a0-c2	2	7	13	d6d1:11:0.6737968363111355;h6h2:1:0.5;d6f6:0:0.14404072586099295
g687537-p46	a0-c2	2	7	14	d6d1:12:0.6168508112834962;h6h2:1:0.5;d6f6:0:0.14404072586099295
g687537-p46	a0-c2	2	8	15	d6d1:13:0.6168508112834962;h6h2:1:0.5;d6f6:0:0.14404072586099295
g687537-p46	a0-c2	2	8	16	d6d1:14:0.619693904011194;h6h2:1:0.5;d6f6:0:0.14404072586099295
g687537-p46	a0-c2	2	9	17	d6d1:15:0.6206505195873634;h6h2:1:0.5;d6f6:0:0.14404072586099295
g687537-p46	a0-c2	2	9	18	d6d1:16:0.6190678931368921;h6h2:1:0.5;d6f6:0:0.14404072586099295
g687537-p46	a0-c2	2	10	19	d6d1:16:0.6190678931368921;h6h2:1:0.5;d6f6:1:0.13998146055546482
g687537-p46	a0-c2	2	10	20	d6d1:17:0.6196953148672463;h6h2:1:0.5;d6f6:1:0.13998146055546482
g687537-p46	a0-c2	2	11	21	d6d1:18:0.615104345564977;h6h2:1:0.5;d6f6:1:0.13998146055546482
g687537-p46	a0-c2	2	11	22	d6d1:19:0.6121335431013989;h6h2:1:0.5;d6f6:1:0.13998146055546482
g687537-p46	a0-c2	2	12	23	d6d1:20:0.5933543850679538;h6h2:1:0.5;d6f6:1:0.13998146055546482
g687537-p46	a0-c2	2	13	24	d6d1:21:0.5945509074685205;h6h2:1:0.5;d6f6:1:0.13998146055546482
g687537-p46	a0-c2	2	13	25	d6d1:22:0.5951291546828317;h6h2:1:0.5;d6f6:1:0.13998146055546482
g687537-p46	a0-c2	2	14	26	d6d1:23:0.5951291546828317;h6h2:1:0.5;d6f6:1:0.13998146055546482
g687537-p46	a0-c2	2	14	27	d6d1:24:0.5948443442443672;h6h2:1:0.5;d6f6:1:0.13998146055546482
g687537-p46	a0-c2	2	15	28	d6d1:24:0.5948443442443672;h6h2:2:0.21664199213296997;d6f6:1:0.13998146055546482
g687537-p46	a0-c2	2	16	29	d6d1:25:0.5997696077308353;h6h2:2:0.21664199213296997;d6f6:1:0.13998146055546482
g687537-p46	a0-c2	2	16	30	d6d1:26:0.6000264652977451;h6h2:2:0.21664199213296997;d6f6:1:0.13998146055546482
g687537-p46	a0-c2	2	17	31	d6d1:27:0.5982685267272353;h6h2:2:0.21664199213296997;d6f6:1:0.13998146055546482
g687537-p46	a0-c2	2	18	32	d6d1:28:0.5931816882377283;h6h2:2:0.21664199213296997;d6f6:1:0.13998146055546482
g687537-p46	a0-c2	2	18	33	d6d1:29:0.5933959594574769;h6h2:2:0.21664199213296997;d6f6:1:0.13998146055546482
g687537-p46	a0-c2	2	19	34	d6d1:30:0.5973991535405191;h6h2:2:0.21664199213296997;d6f6:1:0.13998146055546482
g687537-p46	a0-c2	2	19	35	d6d1:31:0.5983024137430211;h6h2:2:0.21664199213296997;d6f6:1:0.13998146055546482
g687537-p46	a0-c2	2	20	36	d6d1:32:0.5983024137430211;h6h2:2:0.21664199213296997;d6f6:1:0.13998146055546482
g687537-p46	a0-c2	2	20	37	d6d1:33:0.5982242175792908;h6h2:2:0.21664199213296997;d6f6:1:0.13998146055546482
g687537-p46	a0-c2	2	21	38	d6d1:36:0.5993544139349661;h6h2:2:0.21664199213296997;d6f6:1:0.13998146055546482
g687537-p46	a0-c2	2	21	39	d6d1:37:0.6001175212975427;h6h2:2:0.21664199213296997;d6f6:1:0.13998146055546482
g687537-p46	a0-c2	2	22	40	d6d1:38:0.6009080115738711;h6h2:2:0.21664199213296997;d6f6:1:0.13998146055546482
g687537-p46	a0-c2	2	22	41	d6d1:39:0.5988877674607648;h6h2:2:0.21664199213296997;d6f6:1:0.13998146055546482
g687537-p46	a0-c2	2	23	42	d6d1:40:0.5978947588805444;h6h2:2:0.21664199213296997;d6f6:1:0.13998146055546482
g687537-p46	a0-c2	2	23	43	d6d1:41:0.5949571856356849;h6h2:2:0.21664199213296997;d6f6:1:0.13998146055546482
g687537-p46	a0-c2	2	24	44	d6d1:42:0.5897343838100584;h6h2:2:0.21664199213296997;d6f6:1:0.13998146055546482
g687537-p46	a0-c2	2	24	45	d6d1:43:0.5885306567440715;h6h2:2:0.21664199213296997;d6f6:1:0.13998146055546482
g687537-p46	a0-c2	2	25	46	d6d1:43:0.5885306567440715;h6h2:2:0.21664199213296997;d6f6:2:0.14591103347121806
g687537-p46	a0-c2	2	25	47	d6d1:43:0.5885306567440715;h6h2:2:0.21664199213296997;d6f6:3:0.14591203941018205
g687537-p46	a0-c2	2	26	48	d6d1:44:0.5888776593583895;h6h2:2:0.21664199213296997;d6f6:3:0.14591203941018205
g687537-p46	a0-c2	2	26	49	d6d1:45:0.5890133108514283;h6h2:2:0.21664199213296997;d6f6:3:0.14591203941018205
g687537-p46	a0-c2	2	27	50	d6d1:46:0.5953892938218823;h6h2:2:0.21664199213296997;d6f6:3:0.14591203941018205
g687537-p48	a0-c2	2	0	1	d6h6:0:0.5;d6d1:0:0.1231914908486222;d6f6:0:0.10361398030487234;d6d3:0:0.10090987209463725
g687537-p48	a0-c2	2	1	2	d6h6:0:0.5;d6d1:1:0.11821172576402832;d6f6:0:0.10361398030487234;d6d3:0:0.10090987209463725
g687537-p48	a0-c2	2	1	3	d6h6:1:0.5;d6d1:1:0.11821172576402832;d6f6:0:0.10361398030487234;d6d3:0:0.10090987209463725
g687537-p48	a0-c2	2	2	4	d6h6:1:0.5;d6d1:2:0.10845028780037042;d6f6:0:0.10361398030487234;d6d3:0:0.10090987209463725
g687537-p48	a0-c2	2	2	5	d6h6:1:0.5;d6f6:0:0.10361398030487234;d6d3:0:0.10090987209463725;d6d1:3:0.09844495664117033
g687537-p48	a0-c2	2	3	6	d6h6:2:0.5;d6f6:0:0.10361398030487234;d6d3:0:0.10090987209463725;d6d1:3:0.09844495664117033
g687537-p48	a0-c2	2	4	7	d6h6:3:0.5;d6f6:0:0.10361398030487234;d6d3:0:0.10090987209463725;d6d1:3:0.09844495664117033
g687537-p48	a0-c2	2	5	8	d6h6:4:0.3219529969018357;d6f6:0:0.10361398030487234;d6d3:0:0.10090987209463725;d6d1:3:0.09844495664117033
g687537-p48	a0-c2	2	6	9	d6h6:4:0.3219529969018357;d6f6:1:0.11556223988449775;d6d3:0:0.10090987209463725;d6d1:3:0.09844495664117033
g687537-p48	a0-c2	2	6	10	d6h6:4:0.3219529969018357;d6d3:1:0.14088654600012973;d6f6:1:0.11556223988449775;d6d1:3:0.09844495664117033
g687537-p48	a0-c2	2	7	11	d6h6:4:0.3219529969018357;d6d3:1:0.14088654600012973;d6f6:1:0.11556223988449775;d6d1:4:0.10095025759573524
g687537-p48	a0-c2	2	7	12	d6h6:4:0.3219529969018357;d6d3:1:0.14088654600012973;d6f6:1:0.11556223988449775;d6d1:5:0.1018531508985099
g687537-p48	a0-c2	2	8	13	d6h6:4:0.3219529969018357;d6d3:1:0.14088654600012973;d6f6:1:0.11556223988449775;d6d1:6:0.10654229998020161
g687537-p48	a0-c2	2	8	14	d6h6:4:0.3219529969018357;d6d3:1:0.14088654600012973;d6f6:1:0.11556223988449775;d6d1:7:0.10691410989086421
g687537-p48	a0-c2	2	9	15	d6h6:4:0.3219529969018357;d6d3:1:0.14088654600012973;d6f6:2:0.11662286934226902;d6d1:7:0.10691410989086421
g687537-p48	a0-c2	2	9	16	d6h6:4:0.3219529969018357;d6d3:1:0.14088654600012973;d6f6:3:0.11616303099036362;d6d1:7:0.10691410989086421
g687537-p48	a0-c2	2	10	17	d6h6:4:0.3219529969018357;d6d3:2:0.13002961026242738;d6f6:3:0.11616303099036362;d6d1:7:0.10691410989086421
g687537-p48	a0-c2	2	10	18	d6h6:4:0.3219529969018357;d6d3:3:0.12794991377661769;d6f6:3:0.11616303099036362;d6d1:7:0.10691410989086421
g687537-p48	a0-c2	2	11	19	d6h6:5:0.3219529969018357;d6d3:3:0.12794991377661769;d6f6:3:0.11616303099036362;d6d1:7:0.10691410989086421
g687537-p48	a0-c2	2	11	20	d6h6:6:0.35040778694927516;d6d3:3:0.12794991377661769;d6f6:3:0.11616303099036362;d6d1:7:0.10691410989086421
g687537-p48	a0-c2	2	12	21	d6h6:6:0.35040778694927516;d6d3:3:0.12794991377661769;d6f6:3:0.11616303099036362;d6d1:8:0.10361815415694352
g687537-p48	a0-c2	2	12	22	d6h6:6:0.35040778694927516;d6d3:3:0.12794991377661769;d6f6:3:0.11616303099036362;d6d1:9:0.10129280418559082
g687537-p48	a0-c2	2	13	23	d6h6:7:0.35040778694927516;d6d3:3:0.12794991377661769;d6f6:3:0.11616303099036362;d6d1:9:0.10129280418559082
g687537-p48	a0-c2	2	14	24	d6h6:8:0.35040778694927516;d6d3:3:0.12794991377661769;d6f6:3:0.11616303099036362;d6d1:9:0.10129280418559082
g687537-p48	a0-c2	2	15	25	d6h6:8:0.35040778694927516;d6d3:3:0.12794991377661769;d6f6:3:0.11616303099036362;d6d1:10:0.1005750842233535
g687537-p48	a0-c2	2	15	26	d6h6:8:0.35040778694927516;d6d3:3:0.12794991377661769;d6f6:3:0.11616303099036362;d6d1:11:0.09907357426863707
g687537-p48	a0-c2	2	16	27	d6h6:10:0.36848045541063607;d6d3:3:0.12794991377661769;d6f6:3:0.11616303099036362;d6d1:11:0.09907357426863707
g687537-p48	a0-c2	2	16	28	d6h6:11:0.38925230004542805;d6d3:3:0.12794991377661769;d6f6:3:0.11616303099036362;d6d1:11:0.09907357426863707
g687537-p48	a0-c2	2	17	29	d6h6:12:0.408759390374203;d6d3:3:0.12794991377661769;d6f6:3:0.11616303099036362;d6d1:11:0.09907357426863707
g687537-p48	a0-c2	2	17	30	d6h6:13:0.4167726205214938;d6d3:3:0.12794991377661769;d6f6:3:0.11616303099036362;d6d1:11:0.09907357426863707
g687537-p48	a0-c2	2	18	31	d6h6:14:0.4167726205214938;d6d3:3:0.12794991377661769;d6f6:3:0.11616303099036362;d6d1:11:0.09907357426863707
g687537-p48	a0-c2	2	18	32	d6h6:15:0.41589894650950354;d6d3:3:0.12794991377661769;d6f6:3:0.11616303099036362;d6d1:11:0.09907357426863707
g687537-p48	a0-c2	2	19	33	d6h6:16:0.41589894650950354;d6d3:3:0.12794991377661769;d6f6:3:0.11616303099036362;d6d1:11:0.09907357426863707
g687537-p48	a0-c2	2	19	34	d6h6:17:0.4153378206876117;d6d3:3:0.12794991377661769;d6f6:3:0.11616303099036362;d6d1:11:0.09907357426863707
g687537-p48	a0-c2	2	20	35	d6h6:18:0.4153378206876117;d6d3:3:0.12794991377661769;d6f6:3:0.11616303099036362;d6d1:11:0.09907357426863707
g687537-p48	a0-c2	2	20	36	d6h6:19:0.4135499968287931;d6d3:3:0.12794991377661769;d6f6:3:0.11616303099036362;d6d1:11:0.09907357426863707
g687537-p48	a0-c2	2	21	37	d6h6:19:0.4135499968287931;d6d3:3:0.12794991377661769;d6f6:3:0.11616303099036362;d6d1:12:0.09808178142502205
g687537-p48	a0-c2	2	21	38	d6h6:19:0.4135499968287931;d6d3:3:0.12794991377661769;d6f6:3:0.11616303099036362;d6d1:13:0.09741826657525476
g687537-p48	a0-c2	2	22	39	d6h6:20:0.4135499968287931;d6d3:3:0.12794991377661769;d6f6:3:0.11616303099036362;d6d1:13:0.09741826657525476
g687537-p48	a0-c2	2	22	40	d6h6:21:0.4132383994208225;d6d3:3:0.12794991377661769;d6f6:3:0.11616303099036362;d6d1:13:0.09741826657525476
g687537-p48	a0-c2	2	23	41	d6h6:22:0.4132383994208225;d6d3:3:0.12794991377661769;d6f6:3:0.11616303099036362;d6d1:13:0.09741826657525476
g687537-p48	a0-c2	2	23	42	d6h6:23:0.4124305240155681;d6d3:3:0.12794991377661769;d6f6:3:0.11616303099036362;d6d1:13:0.09741826657525476
g687537-p48	a0-c2	2	24	43	d6h6:24:0.4124305240155681;d6d3:3:0.12794991377661769;d6f6:3:0.11616303099036362;d6d1:13:0.09741826657525476
g687537-p48	a0-c2	2	25	44	d6h6:25:0.4124305240155681;d6d3:3:0.12794991377661769;d6f6:3:0.11616303099036362;d6d1:13:0.09741826657525476
g687537-p48	a0-c2	2	26	45	d6h6:26:0.4124305240155681;d6d3:3:0.12794991377661769;d6f6:3:0.11616303099036362;d6d1:13:0.09741826657525476
g687537-p48	a0-c2	2	27	46	d6h6:27:0.4124305240155681;d6d3:3:0.12794991377661769;d6f6:3:0.11616303099036362;d6d1:14:0.10063097985741726
g687537-p48	a0-c2	2	28	47	d6h6:27:0.4124305240155681;d6d3:3:0.12794991377661769;d6f6:4:0.11885985865990745;d6d1:14:0.10063097985741726
g687537-p48	a0-c2	2	28	48	d6h6:27:0.4124305240155681;d6d3:3:0.12794991377661769;d6f6:5:0.11936182789067991;d6d1:14:0.10063097985741726
g687537-p48	a0-c2	2	29	49	d6h6:28:0.4124305240155681;d6d3:3:0.12794991377661769;d6f6:5:0.11936182789067991;d6d1:14:0.10063097985741726
g687537-p48	a0-c2	2	30	50	d6h6:28:0.4124305240155681;d6d3:4:0.13100373997938747;d6f6:5:0.11936182789067991;d6d1:14:0.10063097985741726
qFkqJ	a0-c2	2	0	1	h4f2:0:0.9754474363414323;h4f6:0:0.40808439067529095
qFkqJ	a0-c2	2	1	2	h4f2:1:0.9754474363414323;h4f6:0:0.40808439067529095
qFkqJ	a0-c2	2	1	3	h4f2:1:0.9754474363414323;h4f6:1:0.7786384406342908
qFkqJ	a0-c2	2	2	4	h4f2:2:0.957932927944767;h4f6:1:0.7786384406342908
qFkqJ	a0-c2	2	3	5	h4f2:3:0.957932927944767;h4f6:1:0.7786384406342908
qFkqJ	a0-c2	2	3	6	h4f2:4:0.9564885214340287;h4f6:1:0.7786384406342908
qFkqJ	a0-c2	2	4	7	h4f2:5:0.9803103984915033;h4f6:1:0.7786384406342908
qFkqJ	a0-c2	2	5	8	h4f2:6:0.9802299763318589;h4f6:1:0.7786384406342908
qFkqJ	a0-c2	2	5	9	h4f2:7:0.9795400655075726;h4f6:1:0.7786384406342908
qFkqJ	a0-c2	2	6	10	h4f2:8:0.9814002901115008;h4f6:1:0.7786384406342908
qFkqJ	a0-c2	2	7	11	h4f2:9:0.9794964528654875;h4f6:1:0.7786384406342908
qFkqJ	a0-c2	2	7	12	h4f2:10:0.9780710169298051;h4f6:1:0.7786384406342908
qFkqJ	a0-c2	2	8	13	h4f2:11:0.9784548213083495;h4f6:1:0.7786384406342908
qFkqJ	a0-c2	2	8	14	h4f2:12:0.9785338128013127;h4f6:1:0.7786384406342908
qFkqJ	a0-c2	2	9	15	h4f2:13:0.9790144481315869;h4f6:1:0.7786384406342908
qFkqJ	a0-c2	2	9	16	h4f2:14:0.979055080074773;h4f6:1:0.7786384406342908
qFkqJ	a0-c2	2	10	17	h4f2:17:0.9781232794844413;h4f6:1:0.7786384406342908
qFkqJ	a0-c2	2	10	18	h4f2:18:0.9772769090418487;h4f6:1:0.7786384406342908
qFkqJ	a0-c2	2	11	19	h4f2:25:0.9775023052569548;h4f6:1:0.7786384406342908
qFkqJ	a0-c2	2	11	20	h4f2:26:0.9774909118847175;h4f6:1:0.7786384406342908
qFkqJ	a0-c2	2	12	21	h4f2:28:0.9774909118847175;h4f6:1:0.7786384406342908
qFkqJ	a0-c2	2	12	22	h4f2:29:0.9773733911601538;h4f6:1:0.7786384406342908
qFkqJ	a0-c2	2	13	23	h4f2:31:0.9769446279694015;h4f6:1:0.7786384406342908
qFkqJ	a0-c2	2	13	24	h4f2:32:0.9772144638077068;h4f6:1:0.7786384406342908
qFkqJ	a0-c2	2	14	25	h4f2:33:0.9773007339586842;h4f6:1:0.7786384406342908
qFkqJ	a0-c2	2	14	26	h4f2:34:0.977589921890983;h4f6:1:0.7786384406342908
qFkqJ	a0-c2	2	15	27	h4f2:35:0.977589921890983;h4f6:2:0.7720625541667513
qFkqJ	a0-c2	2	15	28	h4f2:35:0.977589921890983;h4f6:3:0.7720625541667513
qFkqJ	a0-c2	2	16	29	h4f2:39:0.9776270357867001;h4f6:3:0.7720625541667513
qFkqJ	a0-c2	2	16	30	h4f2:40:0.9776303033745625;h4f6:3:0.7720625541667513
qFkqJ	a0-c2	2	17	31	h4f2:47:0.9775965180258263;h4f6:3:0.7720625541667513
qFkqJ	a0-c2	2	17	32	h4f2:48:0.9773270121199336;h4f6:3:0.7720625541667513
qFkqJ	a0-c2	2	18	33	h4f2:51:0.977323784302635;h4f6:3:0.7720625541667513
qFkqJ	a0-c2	2	18	34	h4f2:52:0.9773166166082184;h4f6:3:0.7720625541667513
qFkqJ	a0-c2	2	19	35	h4f2:54:0.9773166166082184;h4f6:3:0.7720625541667513
qFkqJ	a0-c2	2	19	36	h4f2:55:0.9772568408499891;h4f6:3:0.7720625541667513
qFkqJ	a0-c2	2	20	37	h4f2:59:0.9774332921722688;h4f6:3:0.7720625541667513
qFkqJ	a0-c2	2	21	38	h4f2:60:0.9774730170391848;h4f6:3:0.7720625541667513
qFkqJ	a0-c2	2	21	39	h4f2:61:0.9774606440019189;h4f6:3:0.7720625541667513
qFkqJ	a0-c2	2	22	40	h4f2:84:0.9774664497363982;h4f6:3:0.7720625541667513
qFkqJ	a0-c2	2	22	41	h4f2:85:0.9774631606571864;h4f6:3:0.7720625541667513
qFkqJ	a0-c2	2	23	42	h4f2:90:0.9774492471392134;h4f6:3:0.7720625541667513
qFkqJ	a0-c2	2	24	43	h4f2:94:0.9774795916991754;h4f6:3:0.7720625541667513
qFkqJ	a0-c2	2	24	44	h4f2:94:0.9774795916991754;h4f6:4:0.7471661043486347
qFkqJ	a0-c2	2	25	45	h4f2:101:0.9774846618932692;h4f6:4:0.7471661043486347
qFkqJ	a0-c2	2	25	46	h4f2:102:0.9774961426186272;h4f6:4:0.7471661043486347
qFkqJ	a0-c2	2	26	47	h4f2:105:0.9775108499395274;h4f6:4:0.7471661043486347
qFkqJ	a0-c2	2	27	48	h4f2:108:0.9774986219090456;h4f6:4:0.7471661043486347
qFkqJ	a0-c2	2	27	49	h4f2:109:0.9775017855974245;h4f6:4:0.7471661043486347
qFkqJ	a0-c2	2	28	50	h4f2:115:0.9775036079742366;h4f6:4:0.7471661043486347
3pyT9	a0-c2	2	0	1	c7h2:0:0.9754474363414323;e4h4:0:0.6515713880482262;e2d4:0:0.5092041601288086;h7h5:0:0.30944966094531423;e4e7:0:0.2970037651435491;e4e3:0:0.2002933261338994;b7b6:0:0.1500435305626528
3pyT9	a0-c2	2	1	2	c7h2:0:0.9754474363414323;e4h4:1:0.7507073339417583;e2d4:0:0.5092041601288086;h7h5:0:0.30944966094531423;e4e7:0:0.2970037651435491;e4e3:0:0.2002933261338994;b7b6:0:0.1500435305626528
3pyT9	a0-c2	2	1	3	c7h2:1:0.9754474363414323;e4h4:1:0.7507073339417583;e2d4:0:0.5092041601288086;h7h5:0:0.30944966094531423;e4e7:0:0.2970037651435491;e4e3:0:0.2002933261338994;b7b6:0:0.1500435305626528
3pyT9	a0-c2	2	2	4	c7h2:1:0.9754474363414323;e2d4:0:0.5092041601288086;e4h4:2:0.4433656684086533;h7h5:0:0.30944966094531423;e4e7:0:0.2970037651435491;e4e3:0:0.2002933261338994;b7b6:0:0.1500435305626528
3pyT9	a0-c2	2	2	5	c7h2:1:0.9754474363414323;e2d4:0:0.5092041601288086;e4h4:3:0.43024368363631754;h7h5:0:0.30944966094531423;e4e7:0:0.2970037651435491;e4e3:0:0.2002933261338994;b7b6:0:0.1500435305626528
3pyT9	a0-c2	2	3	6	c7h2:2:1;e2d4:0:0.5092041601288086;e4h4:3:0.43024368363631754;h7h5:0:0.30944966094531423;e4e7:0:0.2970037651435491;e4e3:0:0.2002933261338994;b7b6:0:0.1500435305626528
3pyT9	a0-c2	2	4	7	c7h2:2:1;e2d4:1:0.5296013862250393;e4h4:3:0.43024368363631754;h7h5:0:0.30944966094531423;e4e7:0:0.2970037651435491;e4e3:0:0.2002933261338994;b7b6:0:0.1500435305626528
3pyT9	a0-c2	2	4	8	c7h2:2:1;e2d4:1:0.5296013862250393;e4h4:4:0.43099227750211017;h7h5:0:0.30944966094531423;e4e7:0:0.2970037651435491;e4e3:0:0.2002933261338994;b7b6:0:0.1500435305626528
3pyT9	a0-c2	2	5	9	c7h2:2:1;e2d4:2:0.5066981179522855;e4h4:4:0.43099227750211017;h7h5:0:0.30944966094531423;e4e7:0:0.2970037651435491;e4e3:0:0.2002933261338994;b7b6:0:0.1500435305626528
3pyT9	a0-c2	2	5	10	c7h2:2:1;e2d4:3:0.5023717299663127;e4h4:4:0.43099227750211017;h7h5:0:0.30944966094531423;e4e7:0:0.2970037651435491;e4e3:0:0.2002933261338994;b7b6:0:0.1500435305626528
3pyT9	a0-c2	2	6	11	c7h2:2:1;e2d4:3:0.5023717299663127;e4h4:5:0.411172909914075;h7h5:0:0.30944966094531423;e4e7:0:0.2970037651435491;e4e3:0:0.2002933261338994;b7b6:0:0.1500435305626528
3pyT9	a0-c2	2	7	12	c7h2:2:1;e2d4:3:0.5023717299663127;e4h4:6:0.4176490756776274;h7h5:0:0.30944966094531423;e4e7:0:0.2970037651435491;e4e3:0:0.2002933261338994;b7b6:0:0.1500435305626528
3pyT9	a0-c2	2	7	13	c7h2:2:1;e2d4:3:0.5023717299663127;e4h4:7:0.4177992878494783;h7h5:0:0.30944966094531423;e4e7:0:0.2970037651435491;e4e3:0:0.2002933261338994;b7b6:0:0.1500435305626528
3pyT9	a0-c2	2	8	14	c7h2:2:1;e2d4:3:0.5023717299663127;e4h4:7:0.4177992878494783;e4e7:0:0.2970037651435491;h7h5:1:0.2574667266655031;e4e3:0:0.2002933261338994;b7b6:0:0.1500435305626528
3pyT9	a0-c2	2	8	15	c7h2:2:1;e2d4:4:0.5828644402869636;e4h4:7:0.4177992878494783;e4e7:0:0.2970037651435491;h7h5:1:0.2574667266655031;e4e3:0:0.2002933261338994;b7b6:0:0.1500435305626528
3pyT9	a0-c2	2	9	16	c7h2:2:1;e2d4:5:0.5694305709499922;e4h4:7:0.4177992878494783;e4e7:0:0.2970037651435491;h7h5:1:0.2574667266655031;e4e3:0:0.2002933261338994;b7b6:0:0.1500435305626528
3pyT9	a0-c2	2	9	17	c7h2:2:1;e2d4:6:0.5570746768816088;e4h4:7:0.4177992878494783;e4e7:0:0.2970037651435491;h7h5:1:0.2574667266655031;e4e3:0:0.2002933261338994;b7b6:0:0.1500435305626528
3pyT9	a0-c2	2	10	18	c7h2:2:1;e2d4:6:0.5570746768816088;e4h4:7:0.4177992878494783;e4e7:1:0.293414906162963;h7h5:1:0.2574667266655031;e4e3:0:0.2002933261338994;b7b6:0:0.1500435305626528
3pyT9	a0-c2	2	10	19	c7h2:2:1;e2d4:6:0.5570746768816088;e4h4:8:0.4413471879651016;e4e7:1:0.293414906162963;h7h5:1:0.2574667266655031;e4e3:0:0.2002933261338994;b7b6:0:0.1500435305626528
3pyT9	a0-c2	2	11	20	c7h2:2:1;e2d4:6:0.5570746768816088;e4h4:9:0.4538315877347249;e4e7:1:0.293414906162963;h7h5:1:0.2574667266655031;e4e3:0:0.2002933261338994;b7b6:0:0.1500435305626528
3pyT9	a0-c2	2	11	21	c7h2:2:1;e2d4:6:0.5570746768816088;e4h4:10:0.45986621602511474;e4e7:1:0.293414906162963;h7h5:1:0.2574667266655031;e4e3:0:0.2002933261338994;b7b6:0:0.1500435305626528
3pyT9	a0-c2	2	12	22	c7h2:2:1;e2d4:6:0.5570746768816088;e4h4:10:0.45986621602511474;e4e7:1:0.293414906162963;h7h5:1:0.2574667266655031;e4e3:1:0.1784369757709631;b7b6:0:0.1500435305626528
3pyT9	a0-c2	2	12	23	c7h2:2:1;e2d4:6:0.5570746768816088;e4h4:11:0.4618346953151496;e4e7:1:0.293414906162963;h7h5:1:0.2574667266655031;e4e3:1:0.1784369757709631;b7b6:0:0.1500435305626528
3pyT9	a0-c2	2	13	24	c7h2:2:1;e2d4:7:0.5661097566699097;e4h4:11:0.4618346953151496;e4e7:1:0.293414906162963;h7h5:1:0.2574667266655031;e4e3:1:0.1784369757709631;b7b6:0:0.1500435305626528
3pyT9	a0-c2	2	13	25	c7h2:2:1;e2d4:8:0.581681297541551;e4h4:11:0.4618346953151496;e4e7:1:0.293414906162963;h7h5:1:0.2574667266655031;e4e3:1:0.1784369757709631;b7b6:0:0.1500435305626528
3pyT9	a0-c2	2	14	26	c7h2:2:1;e2d4:8:0.581681297541551;e4h4:11:0.4618346953151496;e4e7:1:0.293414906162963;h7h5:1:0.2574667266655031;b7b6:1:0.20044868557269113;e4e3:1:0.1784369757709631
3pyT9	a0-c2	2	14	27	c7h2:2:1;e2d4:8:0.581681297541551;e4h4:12:0.4785961010470512;e4e7:1:0.293414906162963;h7h5:1:0.2574667266655031;b7b6:1:0.20044868557269113;e4e3:1:0.1784369757709631
3pyT9	a0-c2	2	15	28	c7h2:2:1;e2d4:9:0.5719614350624393;e4h4:13:0.4785961010470512;e4e7:1:0.293414906162963;h7h5:1:0.2574667266655031;b7b6:1:0.20044868557269113;e4e3:1:0.1784369757709631
3pyT9	a0-c2	2	15	29	c7h2:2:1;e2d4:10:0.5672014985999428;e4h4:13:0.4785961010470512;e4e7:1:0.293414906162963;h7h5:1:0.2574667266655031;b7b6:1:0.20044868557269113;e4e3:1:0.1784369757709631
3pyT9	a0-c2	2	16	30	c7h2:2:1;e2d4:10:0.5672014985999428;e4h4:15:0.48002064627683183;e4e7:1:0.293414906162963;h7h5:1:0.2574667266655031;b7b6:1:0.20044868557269113;e4e3:1:0.1784369757709631
3pyT9	a0-c2	2	16	31	c7h2:2:1;e2d4:10:0.5672014985999428;e4h4:16:0.48140136285755;e4e7:1:0.293414906162963;h7h5:1:0.2574667266655031;b7b6:1:0.20044868557269113;e4e3:1:0.1784369757709631
3pyT9	a0-c2	2	17	32	c7h2:2:1;e2d4:10:0.5672014985999428;e4h4:17:0.47007309437238565;e4e7:1:0.293414906162963;h7h5:1:0.2574667266655031;b7b6:1:0.20044868557269113;e4e3:1:0.1784369757709631
3pyT9	a0-c2	2	17	33	c7h2:2:1;e2d4:10:0.5672014985999428;e4h4:18:0.46855017519119074;e4e7:1:0.293414906162963;h7h5:1:0.2574667266655031;b7b6:1:0.20044868557269113;e4e3:1:0.1784369757709631
3pyT9	a0-c2	2	18	34	c7h2:2:1;e2d4:11:0.6025802049058981;e4h4:18:0.46855017519119074;e4e7:1:0.293414906162963;h7h5:1:0.2574667266655031;b7b6:1:0.20044868557269113;e4e3:1:0.1784369757709631
3pyT9	a0-c2	2	18	35	c7h2:2:1;e2d4:12:0.6033054024845191;e4h4:18:0.46855017519119074;e4e7:1:0.293414906162963;h7h5:1:0.2574667266655031;b7b6:1:0.20044868557269113;e4e3:1:0.1784369757709631
3pyT9	a0-c2	2	19	36	c7h2:2:1;e2d4:13:0.608945689013254;e4h4:18:0.46855017519119074;e4e7:1:0.293414906162963;h7h5:1:0.2574667266655031;b7b6:1:0.20044868557269113;e4e3:1:0.1784369757709631
3pyT9	a0-c2	2	19	37	c7h2:2:1;e2d4:14:0.599193215131893;e4h4:18:0.46855017519119074;e4e7:1:0.293414906162963;h7h5:1:0.2574667266655031;b7b6:1:0.20044868557269113;e4e3:1:0.1784369757709631
3pyT9	a0-c2	2	20	38	c7h2:2:1;e2d4:15:0.5949912658497386;e4h4:18:0.46855017519119074;e4e7:1:0.293414906162963;h7h5:1:0.2574667266655031;b7b6:1:0.20044868557269113;e4e3:1:0.1784369757709631
3pyT9	a0-c2	2	20	39	c7h2:2:1;e2d4:16:0.6033679902967899;e4h4:18:0.46855017519119074;e4e7:1:0.293414906162963;h7h5:1:0.2574667266655031;b7b6:1:0.20044868557269113;e4e3:1:0.1784369757709631
3pyT9	a0-c2	2	21	40	c7h2:2:1;e2d4:17:0.6003430188068712;e4h4:18:0.46855017519119074;e4e7:1:0.293414906162963;h7h5:1:0.2574667266655031;b7b6:1:0.20044868557269113;e4e3:1:0.1784369757709631
3pyT9	a0-c2	2	21	41	c7h2:2:1;e2d4:18:0.6006487217925061;e4h4:18:0.46855017519119074;e4e7:1:0.293414906162963;h7h5:1:0.2574667266655031;b7b6:1:0.20044868557269113;e4e3:1:0.1784369757709631
3pyT9	a0-c2	2	22	42	c7h2:2:1;e2d4:19:0.6039507174205491;e4h4:18:0.46855017519119074;e4e7:1:0.293414906162963;h7h5:1:0.2574667266655031;b7b6:1:0.20044868557269113;e4e3:1:0.1784369757709631
3pyT9	a0-c2	2	22	43	c7h2:2:1;e2d4:20:0.6060947756939714;e4h4:18:0.46855017519119074;e4e7:1:0.293414906162963;h7h5:1:0.2574667266655031;b7b6:1:0.20044868557269113;e4e3:1:0.1784369757709631
3pyT9	a0-c2	2	23	44	c7h2:2:1;e2d4:20:0.6060947756939714;e4h4:19:0.46203033216366246;e4e7:1:0.293414906162963;h7h5:1:0.2574667266655031;b7b6:1:0.20044868557269113;e4e3:1:0.1784369757709631
3pyT9	a0-c2	2	23	45	c7h2:2:1;e2d4:20:0.6060947756939714;e4h4:20:0.47788192618573566;e4e7:1:0.293414906162963;h7h5:1:0.2574667266655031;b7b6:1:0.20044868557269113;e4e3:1:0.1784369757709631
3pyT9	a0-c2	2	24	46	c7h2:2:1;e2d4:20:0.6060947756939714;e4h4:20:0.47788192618573566;e4e7:2:0.28780479376118406;h7h5:1:0.2574667266655031;b7b6:1:0.20044868557269113;e4e3:1:0.1784369757709631
3pyT9	a0-c2	2	24	47	c7h2:2:1;e2d4:20:0.6060947756939714;e4h4:20:0.47788192618573566;e4e7:3:0.27980482530371936;h7h5:1:0.2574667266655031;b7b6:1:0.20044868557269113;e4e3:1:0.1784369757709631
3pyT9	a0-c2	2	25	48	c7h2:2:1;e2d4:21:0.6037300444471096;e4h4:20:0.47788192618573566;e4e7:3:0.27980482530371936;h7h5:1:0.2574667266655031;b7b6:1:0.20044868557269113;e4e3:1:0.1784369757709631
3pyT9	a0-c2	2	25	49	c7h2:2:1;e2d4:22:0.6041485065576722;e4h4:20:0.47788192618573566;e4e7:3:0.27980482530371936;h7h5:1:0.2574667266655031;b7b6:1:0.20044868557269113;e4e3:1:0.1784369757709631
3pyT9	a0-c2	2	26	50	c7h2:2:1;e2d4:22:0.6041485065576722;e4h4:21:0.4804669023073615;e4e7:3:0.27980482530371936;h7h5:1:0.2574667266655031;b7b6:1:0.20044868557269113;e4e3:1:0.1784369757709631
Mhfvi	a0-c2	2	0	1	h8g8:0:0.5776116974476763;h8d8:0:0.5422429789460687;h8e8:0:0.5138042910293155;e6e5:0:0.41700770288330274;h5h2:0:0.26647680798493956;g4f2:0:0.1347671251678204;h8f8:0:0.13433835352772516;g4e3:0:0.048223453377403046;g4h2:0:0.015135237206896088;a7a6:0:0.01083338645412382
Mhfvi	a0-c2	2	1	2	h8g8:1:0.8619003966441275;h8d8:0:0.5422429789460687;h8e8:0:0.5138042910293155;e6e5:0:0.41700770288330274;h5h2:0:0.26647680798493956;g4f2:0:0.1347671251678204;h8f8:0:0.13433835352772516;g4e3:0:0.048223453377403046;g4h2:0:0.015135237206896088;a7a6:0:0.01083338645412382
Mhfvi	a0-c2	2	1	3	h8d8:1:0.8792314923754688;h8g8:1:0.8619003966441275;h8e8:0:0.5138042910293155;e6e5:0:0.41700770288330274;h5h2:0:0.26647680798493956;g4f2:0:0.1347671251678204;h8f8:0:0.13433835352772516;g4e3:0:0.048223453377403046;g4h2:0:0.015135237206896088;a7a6:0:0.01083338645412382
Mhfvi	a0-c2	2	2	4	h8d8:1:0.8792314923754688;h8g8:2:0.64176773359626;h8e8:0:0.5138042910293155;e6e5:0:0.41700770288330274;h5h2:0:0.26647680798493956;g4f2:0:0.1347671251678204;h8f8:0:0.13433835352772516;g4e3:0:0.048223453377403046;g4h2:0:0.015135237206896088;a7a6:0:0.01083338645412382
Mhfvi	a0-c2	2	2	5	h8d8:1:0.8792314923754688;h8g8:3:0.6367825626310023;h8e8:0:0.5138042910293155;e6e5:0:0.41700770288330274;h5h2:0:0.26647680798493956;g4f2:0:0.1347671251678204;h8f8:0:0.13433835352772516;g4e3:0:0.048223453377403046;g4h2:0:0.015135237206896088;a7a6:0:0.01083338645412382
Mhfvi	a0-c2	2	3	6	h8g8:3:0.6367825626310023;h8d8:2:0.5762314661193848;h8e8:0:0.5138042910293155;e6e5:0:0.41700770288330274;h5h2:0:0.26647680798493956;g4f2:0:0.1347671251678204;h8f8:0:0.13433835352772516;g4e3:0:0.048223453377403046;g4h2:0:0.015135237206896088;a7a6:0:0.01083338645412382
Mhfvi	a0-c2	2	3	7	h8g8:3:0.6367825626310023;h8d8:3:0.5617932627688716;h8e8:0:0.5138042910293155;e6e5:0:0.41700770288330274;h5h2:0:0.26647680798493956;g4f2:0:0.1347671251678204;h8f8:0:0.13433835352772516;g4e3:0:0.048223453377403046;g4h2:0:0.015135237206896088;a7a6:0:0.01083338645412382
Mhfvi	a0-c2	2	4	8	h8g8:4:0.6473461445508709;h8d8:3:0.5617932627688716;h8e8:0:0.5138042910293155;e6e5:0:0.41700770288330274;h5h2:0:0.26647680798493956;g4f2:0:0.1347671251678204;h8f8:0:0.13433835352772516;g4e3:0:0.048223453377403046;g4h2:0:0.015135237206896088;a7a6:0:0.01083338645412382
Mhfvi	a0-c2	2	4	9	h8g8:5:0.6796359467998175;h8d8:3:0.5617932627688716;h8e8:0:0.5138042910293155;e6e5:0:0.41700770288330274;h5h2:0:0.26647680798493956;g4f2:0:0.1347671251678204;h8f8:0:0.13433835352772516;g4e3:0:0.048223453377403046;g4h2:0:0.015135237206896088;a7a6:0:0.01083338645412382
Mhfvi	a0-c2	2	5	10	h8g8:6:0.6745587671435741;h8d8:3:0.5617932627688716;h8e8:0:0.5138042910293155;e6e5:0:0.41700770288330274;h5h2:0:0.26647680798493956;g4f2:0:0.1347671251678204;h8f8:0:0.13433835352772516;g4e3:0:0.048223453377403046;g4h2:0:0.015135237206896088;a7a6:0:0.01083338645412382
Mhfvi	a0-c2	2	5	11	h8g8:7:0.658339559778017;h8d8:3:0.5617932627688716;h8e8:0:0.5138042910293155;e6e5:0:0.41700770288330274;h5h2:0:0.26647680798493956;g4f2:0:0.1347671251678204;h8f8:0:0.13433835352772516;g4e3:0:0.048223453377403046;g4h2:0:0.015135237206896088;a7a6:0:0.01083338645412382
Mhfvi	a0-c2	2	6	12	h8e8:1:0.8333989639264869;h8g8:7:0.658339559778017;h8d8:3:0.5617932627688716;e6e5:0:0.41700770288330274;h5h2:0:0.26647680798493956;g4f2:0:0.1347671251678204;h8f8:0:0.13433835352772516;g4e3:0:0.048223453377403046;g4h2:0:0.015135237206896088;a7a6:0:0.01083338645412382
Mhfvi	a0-c2	2	6	13	h8e8:1:0.8333989639264869;h8g8:8:0.6393954934476641;h8d8:3:0.5617932627688716;e6e5:0:0.41700770288330274;h5h2:0:0.26647680798493956;g4f2:0:0.1347671251678204;h8f8:0:0.13433835352772516;g4e3:0:0.048223453377403046;g4h2:0:0.015135237206896088;a7a6:0:0.01083338645412382
Mhfvi	a0-c2	2	7	14	h8g8:8:0.6393954934476641;h8d8:3:0.5617932627688716;h8e8:2:0.5120317761720063;e6e5:0:0.41700770288330274;h5h2:0:0.26647680798493956;g4f2:0:0.1347671251678204;h8f8:0:0.13433835352772516;g4e3:0:0.048223453377403046;g4h2:0:0.015135237206896088;a7a6:0:0.01083338645412382
Mhfvi	a0-c2	2	7	15	h8g8:8:0.6393954934476641;h8d8:3:0.5617932627688716;h8e8:3:0.5030654713957041;e6e5:0:0.41700770288330274;h5h2:0:0.26647680798493956;g4f2:0:0.1347671251678204;h8f8:0:0.13433835352772516;g4e3:0:0.048223453377403046;g4h2:0:0.015135237206896088;a7a6:0:0.01083338645412382
Mhfvi	a0-c2	2	8	16	e6e5:1:0.7785234306265989;h8g8:8:0.6393954934476641;h8d8:3:0.5617932627688716;h8e8:3:0.5030654713957041;h5h2:0:0.26647680798493956;g4f2:0:0.1347671251678204;h8f8:0:0.13433835352772516;g4e3:0:0.048223453377403046;g4h2:0:0.015135237206896088;a7a6:0:0.01083338645412382
Mhfvi	a0-c2	2	8	17	e6e5:1:0.7785234306265989;h8g8:9:0.5978442910340771;h8d8:3:0.5617932627688716;h8e8:3:0.5030654713957041;h5h2:0:0.26647680798493956;g4f2:0:0.1347671251678204;h8f8:0:0.13433835352772516;g4e3:0:0.048223453377403046;g4h2:0:0.015135237206896088;a7a6:0:0.01083338645412382
Mhfvi	a0-c2	2	9	18	h8g8:9:0.5978442910340771;h8d8:3:0.5617932627688716;e6e5:2:0.48375344961683825;h8e8:3:0.5030654713957041;h5h2:0:0.26647680798493956;g4f2:0:0.1347671251678204;h8f8:0:0.13433835352772516;g4e3:0:0.048223453377403046;g4h2:0:0.015135237206896088;a7a6:0:0.01083338645412382
Mhfvi	a0-c2	2	9	19	h8g8:9:0.5978442910340771;h8d8:3:0.5617932627688716;e6e5:3:0.4741535000173016;h8e8:3:0.5030654713957041;h5h2:0:0.26647680798493956;g4f2:0:0.1347671251678204;h8f8:0:0.13433835352772516;g4e3:0:0.048223453377403046;g4h2:0:0.015135237206896088;a7a6:0:0.01083338645412382
Mhfvi	a0-c2	2	10	20	h8d8:3:0.5617932627688716;h8g8:10:0.5581214637192662;e6e5:3:0.4741535000173016;h8e8:3:0.5030654713957041;h5h2:0:0.26647680798493956;g4f2:0:0.1347671251678204;h8f8:0:0.13433835352772516;g4e3:0:0.048223453377403046;g4h2:0:0.015135237206896088;a7a6:0:0.01083338645412382
Mhfvi	a0-c2	2	10	21	h8g8:11:0.5793263405430471;h8d8:3:0.5617932627688716;e6e5:3:0.4741535000173016;h8e8:3:0.5030654713957041;h5h2:0:0.26647680798493956;g4f2:0:0.1347671251678204;h8f8:0:0.13433835352772516;g4e3:0:0.048223453377403046;g4h2:0:0.015135237206896088;a7a6:0:0.01083338645412382
Mhfvi	a0-c2	2	11	22	h8g8:11:0.5793263405430471;h8d8:3:0.5617932627688716;e6e5:3:0.4741535000173016;h8e8:3:0.5030654713957041;h5h2:1:0.22492742421785802;g4f2:0:0.1347671251678204;h8f8:0:0.13433835352772516;g4e3:0:0.048223453377403046;g4h2:0:0.015135237206896088;a7a6:0:0.01083338645412382
Mhfvi	a0-c2	2	11	23	h8g8:12:0.5990267495510953;h8d8:3:0.5617932627688716;e6e5:3:0.4741535000173016;h8e8:3:0.5030654713957041;h5h2:1:0.22492742421785802;g4f2:0:0.1347671251678204;h8f8:0:0.13433835352772516;g4e3:0:0.048223453377403046;g4h2:0:0.015135237206896088;a7a6:0:0.01083338645412382
Mhfvi	a0-c2	2	12	24	h8g8:13:0.5818963785229487;h8d8:3:0.5617932627688716;e6e5:3:0.4741535000173016;h8e8:3:0.5030654713957041;h5h2:1:0.22492742421785802;g4f2:0:0.1347671251678204;h8f8:0:0.13433835352772516;g4e3:0:0.048223453377403046;g4h2:0:0.015135237206896088;a7a6:0:0.01083338645412382
Mhfvi	a0-c2	2	12	25	h8g8:14:0.5796428173695604;h8d8:3:0.5617932627688716;e6e5:3:0.4741535000173016;h8e8:3:0.5030654713957041;h5h2:1:0.22492742421785802;g4f2:0:0.1347671251678204;h8f8:0:0.13433835352772516;g4e3:0:0.048223453377403046;g4h2:0:0.015135237206896088;a7a6:0:0.01083338645412382
Mhfvi	a0-c2	2	13	26	h8g8:14:0.5796428173695604;h8d8:4:0.5785280072890133;e6e5:3:0.4741535000173016;h8e8:3:0.5030654713957041;h5h2:1:0.22492742421785802;g4f2:0:0.1347671251678204;h8f8:0:0.13433835352772516;g4e3:0:0.048223453377403046;g4h2:0:0.015135237206896088;a7a6:0:0.01083338645412382
Mhfvi	a0-c2	2	13	27	h8d8:5:0.5890231193599534;h8g8:14:0.5796428173695604;e6e5:3:0.4741535000173016;h8e8:3:0.5030654713957041;h5h2:1:0.22492742421785802;g4f2:0:0.1347671251678204;h8f8:0:0.13433835352772516;g4e3:0:0.048223453377403046;g4h2:0:0.015135237206896088;a7a6:0:0.01083338645412382
Mhfvi	a0-c2	2	14	28	h8d8:5:0.5890231193599534;h8g8:15:0.569943699507593;e6e5:3:0.4741535000173016;h8e8:3:0.5030654713957041;h5h2:1:0.22492742421785802;g4f2:0:0.1347671251678204;h8f8:0:0.13433835352772516;g4e3:0:0.048223453377403046;g4h2:0:0.015135237206896088;a7a6:0:0.01083338645412382
Mhfvi	a0-c2	2	14	29	h8d8:5:0.5890231193599534;h8g8:16:0.5708297808840916;e6e5:3:0.4741535000173016;h8e8:3:0.5030654713957041;h5h2:1:0.22492742421785802;g4f2:0:0.1347671251678204;h8f8:0:0.13433835352772516;g4e3:0:0.048223453377403046;g4h2:0:0.015135237206896088;a7a6:0:0.01083338645412382
Mhfvi	a0-c2	2	15	30	h8d8:6:0.5892456380225078;h8g8:16:0.5708297808840916;e6e5:3:0.4741535000173016;h8e8:3:0.5030654713957041;h5h2:1:0.22492742421785802;g4f2:0:0.1347671251678204;h8f8:0:0.13433835352772516;g4e3:0:0.048223453377403046;g4h2:0:0.015135237206896088;a7a6:0:0.01083338645412382
Mhfvi	a0-c2	2	15	31	h8d8:7:0.5723637206147539;h8g8:16:0.5708297808840916;e6e5:3:0.4741535000173016;h8e8:3:0.5030654713957041;h5h2:1:0.22492742421785802;g4f2:0:0.1347671251678204;h8f8:0:0.13433835352772516;g4e3:0:0.048223453377403046;g4h2:0:0.015135237206896088;a7a6:0:0.01083338645412382
Mhfvi	a0-c2	2	16	32	h8d8:7:0.5723637206147539;h8g8:16:0.5708297808840916;e6e5:3:0.4741535000173016;h8e8:3:0.5030654713957041;h5h2:1:0.22492742421785802;g4f2:1:0.13810578686459257;h8f8:0:0.13433835352772516;g4e3:0:0.048223453377403046;g4h2:0:0.015135237206896088;a7a6:0:0.01083338645412382
Mhfvi	a0-c2	2	16	33	h8f8:1:0.6969473818498182;h8d8:7:0.5723637206147539;h8g8:16:0.5708297808840916;h8e8:3:0.5030654713957041;e6e5:3:0.4741535000173016;h5h2:1:0.22492742421785802;g4f2:1:0.13810578686459257;g4e3:0:0.048223453377403046;g4h2:0:0.015135237206896088;a7a6:0:0.01083338645412382
Mhfvi	a0-c2	2	17	34	h8f8:2:0.6125111275787195;h8d8:7:0.5723637206147539;h8g8:16:0.5708297808840916;h8e8:3:0.5030654713957041;e6e5:3:0.4741535000173016;h5h2:1:0.22492742421785802;g4f2:1:0.13810578686459257;g4e3:0:0.048223453377403046;g4h2:0:0.015135237206896088;a7a6:0:0.01083338645412382
Mhfvi	a0-c2	2	17	35	h8d8:7:0.5723637206147539;h8g8:16:0.5708297808840916;h8f8:3:0.5355403334253019;h8e8:3:0.5030654713957041;e6e5:3:0.4741535000173016;h5h2:1:0.22492742421785802;g4f2:1:0.13810578686459257;g4e3:0:0.048223453377403046;g4h2:0:0.015135237206896088;a7a6:0:0.01083338645412382
Mhfvi	a0-c2	2	18	36	h8d8:7:0.5723637206147539;h8g8:16:0.5708297808840916;h8f8:3:0.5355403334253019;h8e8:3:0.5030654713957041;e6e5:3:0.4741535000173016;h5h2:1:0.22492742421785802;g4f2:1:0.13810578686459257;a7a6:1:0.08813264421015936;g4e3:0:0.048223453377403046;g4h2:0:0.015135237206896088
Mhfvi	a0-c2	2	18	37	h8d8:7:0.5723637206147539;h8g8:17:0.5648009635300469;h8f8:3:0.5355403334253019;h8e8:3:0.5030654713957041;e6e5:3:0.4741535000173016;h5h2:1:0.22492742421785802;g4f2:1:0.13810578686459257;a7a6:1:0.08813264421015936;g4e3:0:0.048223453377403046;g4h2:0:0.015135237206896088
Mhfvi	a0-c2	2	19	38	h8d8:7:0.5723637206147539;h8g8:18:0.5415943771479717;h8f8:3:0.5355403334253019;h8e8:3:0.5030654713957041;e6e5:3:0.4741535000173016;h5h2:1:0.22492742421785802;g4f2:1:0.13810578686459257;a7a6:1:0.08813264421015936;g4e3:0:0.048223453377403046;g4h2:0:0.015135237206896088
Mhfvi	a0-c2	2	19	39	h8d8:7:0.5723637206147539;h8g8:19:0.5394401056813858;h8f8:3:0.5355403334253019;h8e8:3:0.5030654713957041;e6e5:3:0.4741535000173016;h5h2:1:0.22492742421785802;g4f2:1:0.13810578686459257;a7a6:1:0.08813264421015936;g4e3:0:0.048223453377403046;g4h2:0:0.015135237206896088
Mhfvi	a0-c2	2	20	40	h8d8:7:0.5723637206147539;h8g8:19:0.5394401056813858;h8f8:3:0.5355403334253019;h8e8:3:0.5030654713957041;e6e5:3:0.4741535000173016;h5h2:1:0.22492742421785802;g4e3:1:0.1809802016868319;g4f2:1:0.13810578686459257;a7a6:1:0.08813264421015936;g4h2:0:0.015135237206896088
Mhfvi	a0-c2	2	20	41	h8f8:4:0.6281273031371628;h8d8:7:0.5723637206147539;h8g8:19:0.5394401056813858;h8e8:3:0.5030654713957041;e6e5:3:0.4741535000173016;h5h2:1:0.22492742421785802;g4e3:1:0.1809802016868319;g4f2:1:0.13810578686459257;a7a6:1:0.08813264421015936;g4h2:0:0.015135237206896088
Mhfvi	a0-c2	2	21	42	h8f8:5:0.6102758418492885;h8d8:7:0.5723637206147539;h8g8:19:0.5394401056813858;h8e8:3:0.5030654713957041;e6e5:3:0.4741535000173016;h5h2:1:0.22492742421785802;g4e3:1:0.1809802016868319;g4f2:1:0.13810578686459257;a7a6:1:0.08813264421015936;g4h2:0:0.015135237206896088
Mhfvi	a0-c2	2	21	43	h8f8:6:0.5942431441087473;h8d8:7:0.5723637206147539;h8g8:19:0.5394401056813858;h8e8:3:0.5030654713957041;e6e5:3:0.4741535000173016;h5h2:1:0.22492742421785802;g4e3:1:0.1809802016868319;g4f2:1:0.13810578686459257;a7a6:1:0.08813264421015936;g4h2:0:0.015135237206896088
Mhfvi	a0-c2	2	22	44	h8f8:6:0.5942431441087473;h8d8:7:0.5723637206147539;h8g8:19:0.5394401056813858;h8e8:3:0.5030654713957041;e6e5:3:0.4741535000173016;g4h2:1:0.2809198818829742;h5h2:1:0.22492742421785802;g4e3:1:0.1809802016868319;g4f2:1:0.13810578686459257;a7a6:1:0.08813264421015936
Mhfvi	a0-c2	2	22	45	h8d8:7:0.5723637206147539;h8f8:7:0.5688436082254107;h8g8:19:0.5394401056813858;h8e8:3:0.5030654713957041;e6e5:3:0.4741535000173016;g4h2:1:0.2809198818829742;h5h2:1:0.22492742421785802;g4e3:1:0.1809802016868319;g4f2:1:0.13810578686459257;a7a6:1:0.08813264421015936
Mhfvi	a0-c2	2	23	46	h8d8:7:0.5723637206147539;h8f8:7:0.5688436082254107;h8g8:20:0.5339376597962813;h8e8:3:0.5030654713957041;e6e5:3:0.4741535000173016;g4h2:1:0.2809198818829742;h5h2:1:0.22492742421785802;g4e3:1:0.1809802016868319;g4f2:1:0.13810578686459257;a7a6:1:0.08813264421015936
Mhfvi	a0-c2	2	23	47	h8d8:7:0.5723637206147539;h8f8:7:0.5688436082254107;h8g8:21:0.5274661992173907;h8e8:3:0.5030654713957041;e6e5:3:0.4741535000173016;g4h2:1:0.2809198818829742;h5h2:1:0.22492742421785802;g4e3:1:0.1809802016868319;g4f2:1:0.13810578686459257;a7a6:1:0.08813264421015936
Mhfvi	a0-c2	2	24	48	h8d8:7:0.5723637206147539;h8f8:7:0.5688436082254107;h8g8:21:0.5274661992173907;h8e8:4:0.5073906491297528;e6e5:3:0.4741535000173016;g4h2:1:0.2809198818829742;h5h2:1:0.22492742421785802;g4e3:1:0.1809802016868319;g4f2:1:0.13810578686459257;a7a6:1:0.08813264421015936
Mhfvi	a0-c2	2	24	49	h8d8:7:0.5723637206147539;h8f8:7:0.5688436082254107;h8g8:21:0.5274661992173907;h8e8:5:0.5215288004457062;e6e5:3:0.4741535000173016;g4h2:1:0.2809198818829742;h5h2:1:0.22492742421785802;g4e3:1:0.1809802016868319;g4f2:1:0.13810578686459257;a7a6:1:0.08813264421015936
Mhfvi	a0-c2	2	25	50	h8f8:7:0.5688436082254107;h8d8:8:0.5632826866610601;h8g8:21:0.5274661992173907;h8e8:5:0.5215288004457062;e6e5:3:0.4741535000173016;g4h2:1:0.2809198818829742;h5h2:1:0.22492742421785802;g4e3:1:0.1809802016868319;g4f2:1:0.13810578686459257;a7a6:1:0.08813264421015936
qRvUi	a0-c2	2	0	1	c1h6:0:0.9754474363414323;c1a3:0:0.13562813456382855;c1f1:0:0.15193153729600622;c1d2:0:0.1067325213417843;c1c2:0:0.07688776954513867;c1f4:0:0.03222547258613405;f3e5:0:0.02455256365856777;h3c8:0:0.015750987884509907;h4e7:0:0.0032033082667918436
qRvUi	a0-c2	2	1	2	c1h6:1:0.9754474363414323;c1a3:0:0.13562813456382855;c1f1:0:0.15193153729600622;c1d2:0:0.1067325213417843;c1c2:0:0.07688776954513867;c1f4:0:0.03222547258613405;f3e5:0:0.02455256365856777;h3c8:0:0.015750987884509907;h4e7:0:0.0032033082667918436
qRvUi	a0-c2	2	1	3	c1h6:1:0.9754474363414323;c1f1:0:0.15193153729600622;c1d2:0:0.1067325213417843;c1a3:1:0.09568910197471286;c1c2:0:0.07688776954513867;c1f4:0:0.03222547258613405;f3e5:0:0.02455256365856777;h3c8:0:0.015750987884509907;h4e7:0:0.0032033082667918436
qRvUi	a0-c2	2	2	4	c1h6:2:0.9077561983005532;c1f1:0:0.15193153729600622;c1a3:1:0.09568910197471286;c1d2:0:0.1067325213417843;c1c2:0:0.07688776954513867;c1f4:0:0.03222547258613405;f3e5:0:0.02455256365856777;h3c8:0:0.015750987884509907;h4e7:0:0.0032033082667918436
qRvUi	a0-c2	2	3	5	c1h6:3:0.9077561983005532;c1f1:0:0.15193153729600622;c1a3:1:0.09568910197471286;c1d2:0:0.1067325213417843;c1c2:0:0.07688776954513867;c1f4:0:0.03222547258613405;f3e5:0:0.02455256365856777;h3c8:0:0.015750987884509907;h4e7:0:0.0032033082667918436
qRvUi	a0-c2	2	3	6	c1h6:4:0.90622203551126;c1f1:0:0.15193153729600622;c1a3:1:0.09568910197471286;c1d2:0:0.1067325213417843;c1c2:0:0.07688776954513867;c1f4:0:0.03222547258613405;f3e5:0:0.02455256365856777;h3c8:0:0.015750987884509907;h4e7:0:0.0032033082667918436
qRvUi	a0-c2	2	4	7	c1h6:5:0.9289388029315762;c1f1:0:0.15193153729600622;c1a3:1:0.09568910197471286;c1d2:0:0.1067325213417843;c1c2:0:0.07688776954513867;c1f4:0:0.03222547258613405;f3e5:0:0.02455256365856777;h3c8:0:0.015750987884509907;h4e7:0:0.0032033082667918436
qRvUi	a0-c2	2	5	8	c1h6:6:0.9286584967408574;c1f1:0:0.15193153729600622;c1a3:1:0.09568910197471286;c1d2:0:0.1067325213417843;c1c2:0:0.07688776954513867;c1f4:0:0.03222547258613405;f3e5:0:0.02455256365856777;h3c8:0:0.015750987884509907;h4e7:0:0.0032033082667918436
qRvUi	a0-c2	2	5	9	c1h6:7:0.9282886428441395;c1f1:0:0.15193153729600622;c1a3:1:0.09568910197471286;c1d2:0:0.1067325213417843;c1c2:0:0.07688776954513867;c1f4:0:0.03222547258613405;f3e5:0:0.02455256365856777;h3c8:0:0.015750987884509907;h4e7:0:0.0032033082667918436
qRvUi	a0-c2	2	6	10	c1h6:7:0.9282886428441395;c1f1:0:0.15193153729600622;c1a3:1:0.09568910197471286;c1d2:0:0.1067325213417843;c1c2:0:0.07688776954513867;c1f4:0:0.03222547258613405;f3e5:0:0.02455256365856777;h3c8:1:0.013722581932539198;h4e7:0:0.0032033082667918436
qRvUi	a0-c2	2	6	11	c1h6:8:0.9359447040626284;c1f1:0:0.15193153729600622;c1a3:1:0.09568910197471286;c1d2:0:0.1067325213417843;c1c2:0:0.07688776954513867;c1f4:0:0.03222547258613405;f3e5:0:0.02455256365856777;h3c8:1:0.013722581932539198;h4e7:0:0.0032033082667918436
qRvUi	a0-c2	2	7	12	c1h6:9:0.935829030162558;c1f1:0:0.15193153729600622;c1a3:1:0.09568910197471286;c1d2:0:0.1067325213417843;c1c2:0:0.07688776954513867;c1f4:0:0.03222547258613405;f3e5:0:0.02455256365856777;h3c8:1:0.013722581932539198;h4e7:0:0.0032033082667918436
qRvUi	a0-c2	2	7	13	c1h6:10:0.9357354246746795;c1f1:0:0.15193153729600622;c1a3:1:0.09568910197471286;c1d2:0:0.1067325213417843;c1c2:0:0.07688776954513867;c1f4:0:0.03222547258613405;f3e5:0:0.02455256365856777;h3c8:1:0.013722581932539198;h4e7:0:0.0032033082667918436
qRvUi	a0-c2	2	8	14	c1h6:11:0.9354866842762412;c1f1:0:0.15193153729600622;c1a3:1:0.09568910197471286;c1d2:0:0.1067325213417843;c1c2:0:0.07688776954513867;c1f4:0:0.03222547258613405;f3e5:0:0.02455256365856777;h3c8:1:0.013722581932539198;h4e7:0:0.0032033082667918436
qRvUi	a0-c2	2	8	15	c1h6:12:0.9354003211145983;c1f1:0:0.15193153729600622;c1a3:1:0.09568910197471286;c1d2:0:0.1067325213417843;c1c2:0:0.07688776954513867;c1f4:0:0.03222547258613405;f3e5:0:0.02455256365856777;h3c8:1:0.013722581932539198;h4e7:0:0.0032033082667918436
qRvUi	a0-c2	2	9	16	c1h6:13:0.9354736959060039;c1f1:0:0.15193153729600622;c1a3:1:0.09568910197471286;c1d2:0:0.1067325213417843;c1c2:0:0.07688776954513867;c1f4:0:0.03222547258613405;f3e5:0:0.02455256365856777;h3c8:1:0.013722581932539198;h4e7:0:0.0032033082667918436
qRvUi	a0-c2	2	9	17	c1h6:14:0.9352476034937123;c1f1:0:0.15193153729600622;c1a3:1:0.09568910197471286;c1d2:0:0.1067325213417843;c1c2:0:0.07688776954513867;c1f4:0:0.03222547258613405;f3e5:0:0.02455256365856777;h3c8:1:0.013722581932539198;h4e7:0:0.0032033082667918436
qRvUi	a0-c2	2	10	18	c1h6:15:0.9362116835008295;c1f1:0:0.15193153729600622;c1a3:1:0.09568910197471286;c1d2:0:0.1067325213417843;c1c2:0:0.07688776954513867;c1f4:0:0.03222547258613405;f3e5:0:0.02455256365856777;h3c8:1:0.013722581932539198;h4e7:0:0.0032033082667918436
qRvUi	a0-c2	2	10	19	c1h6:16:0.9362161944198729;c1f1:0:0.15193153729600622;c1a3:1:0.09568910197471286;c1d2:0:0.1067325213417843;c1c2:0:0.07688776954513867;c1f4:0:0.03222547258613405;f3e5:0:0.02455256365856777;h3c8:1:0.013722581932539198;h4e7:0:0.0032033082667918436
qRvUi	a0-c2	2	11	20	c1h6:16:0.9362161944198729;c1f1:0:0.15193153729600622;c1a3:2:0.10278078376081413;c1d2:0:0.1067325213417843;c1c2:0:0.07688776954513867;c1f4:0:0.03222547258613405;f3e5:0:0.02455256365856777;h3c8:1:0.013722581932539198;h4e7:0:0.0032033082667918436
qRvUi	a0-c2	2	12	21	c1h6:17:0.936321818998926;c1f1:0:0.15193153729600622;c1a3:2:0.10278078376081413;c1d2:0:0.1067325213417843;c1c2:0:0.07688776954513867;c1f4:0:0.03222547258613405;f3e5:0:0.02455256365856777;h3c8:1:0.013722581932539198;h4e7:0:0.0032033082667918436
qRvUi	a0-c2	2	12	22	c1h6:18:0.9362434647404779;c1f1:0:0.15193153729600622;c1a3:2:0.10278078376081413;c1d2:0:0.1067325213417843;c1c2:0:0.07688776954513867;c1f4:0:0.03222547258613405;f3e5:0:0.02455256365856777;h3c8:1:0.013722581932539198;h4e7:0:0.0032033082667918436
qRvUi	a0-c2	2	13	23	c1h6:19:0.9360461946588133;c1f1:0:0.15193153729600622;c1a3:2:0.10278078376081413;c1d2:0:0.1067325213417843;c1c2:0:0.07688776954513867;c1f4:0:0.03222547258613405;f3e5:0:0.02455256365856777;h3c8:1:0.013722581932539198;h4e7:0:0.0032033082667918436
qRvUi	a0-c2	2	13	24	c1h6:20:0.9360542769603665;c1f1:0:0.15193153729600622;c1a3:2:0.10278078376081413;c1d2:0:0.1067325213417843;c1c2:0:0.07688776954513867;c1f4:0:0.03222547258613405;f3e5:0:0.02455256365856777;h3c8:1:0.013722581932539198;h4e7:0:0.0032033082667918436
qRvUi	a0-c2	2	14	25	c1h6:21:0.9361207194224735;c1f1:0:0.15193153729600622;c1a3:2:0.10278078376081413;c1d2:0:0.1067325213417843;c1c2:0:0.07688776954513867;c1f4:0:0.03222547258613405;f3e5:0:0.02455256365856777;h3c8:1:0.013722581932539198;h4e7:0:0.0032033082667918436
qRvUi	a0-c2	2	14	26	c1h6:22:0.935778209052152;c1f1:0:0.15193153729600622;c1a3:2:0.10278078376081413;c1d2:0:0.1067325213417843;c1c2:0:0.07688776954513867;c1f4:0:0.03222547258613405;f3e5:0:0.02455256365856777;h3c8:1:0.013722581932539198;h4e7:0:0.0032033082667918436
qRvUi	a0-c2	2	15	27	c1h6:23:0.9363078607602559;c1f1:0:0.15193153729600622;c1a3:2:0.10278078376081413;c1d2:0:0.1067325213417843;c1c2:0:0.07688776954513867;c1f4:0:0.03222547258613405;f3e5:0:0.02455256365856777;h3c8:1:0.013722581932539198;h4e7:0:0.0032033082667918436
qRvUi	a0-c2	2	15	28	c1h6:24:0.9365831479565763;c1f1:0:0.15193153729600622;c1a3:2:0.10278078376081413;c1d2:0:0.1067325213417843;c1c2:0:0.07688776954513867;c1f4:0:0.03222547258613405;f3e5:0:0.02455256365856777;h3c8:1:0.013722581932539198;h4e7:0:0.0032033082667918436
qRvUi	a0-c2	2	16	29	c1h6:25:0.9365964658527299;c1f1:0:0.15193153729600622;c1a3:2:0.10278078376081413;c1d2:0:0.1067325213417843;c1c2:0:0.07688776954513867;c1f4:0:0.03222547258613405;f3e5:0:0.02455256365856777;h3c8:1:0.013722581932539198;h4e7:0:0.0032033082667918436
qRvUi	a0-c2	2	16	30	c1h6:26:0.9366010444900146;c1f1:0:0.15193153729600622;c1a3:2:0.10278078376081413;c1d2:0:0.1067325213417843;c1c2:0:0.07688776954513867;c1f4:0:0.03222547258613405;f3e5:0:0.02455256365856777;h3c8:1:0.013722581932539198;h4e7:0:0.0032033082667918436
qRvUi	a0-c2	2	17	31	c1h6:27:0.93659468599789;c1f1:0:0.15193153729600622;c1a3:2:0.10278078376081413;c1d2:0:0.1067325213417843;c1c2:0:0.07688776954513867;c1f4:0:0.03222547258613405;f3e5:0:0.02455256365856777;h3c8:1:0.013722581932539198;h4e7:0:0.0032033082667918436
qRvUi	a0-c2	2	17	32	c1h6:28:0.936582903293293;c1f1:0:0.15193153729600622;c1a3:2:0.10278078376081413;c1d2:0:0.1067325213417843;c1c2:0:0.07688776954513867;c1f4:0:0.03222547258613405;f3e5:0:0.02455256365856777;h3c8:1:0.013722581932539198;h4e7:0:0.0032033082667918436
qRvUi	a0-c2	2	18	33	c1h6:28:0.936582903293293;c1f1:0:0.15193153729600622;c1a3:2:0.10278078376081413;c1d2:0:0.1067325213417843;c1c2:0:0.07688776954513867;c1f4:0:0.03222547258613405;f3e5:0:0.02455256365856777;h3c8:2:0.015204160836682362;h4e7:0:0.0032033082667918436
qRvUi	a0-c2	2	19	34	c1h6:29:0.9365284295723411;c1f1:0:0.15193153729600622;c1a3:2:0.10278078376081413;c1d2:0:0.1067325213417843;c1c2:0:0.07688776954513867;c1f4:0:0.03222547258613405;f3e5:0:0.02455256365856777;h3c8:2:0.015204160836682362;h4e7:0:0.0032033082667918436
qRvUi	a0-c2	2	19	35	c1h6:30:0.9365188971501969;c1f1:0:0.15193153729600622;c1a3:2:0.10278078376081413;c1d2:0:0.1067325213417843;c1c2:0:0.07688776954513867;c1f4:0:0.03222547258613405;f3e5:0:0.02455256365856777;h3c8:2:0.015204160836682362;h4e7:0:0.0032033082667918436
qRvUi	a0-c2	2	20	36	c1h6:31:0.9363913315089646;c1f1:0:0.15193153729600622;c1a3:2:0.10278078376081413;c1d2:0:0.1067325213417843;c1c2:0:0.07688776954513867;c1f4:0:0.03222547258613405;f3e5:0:0.02455256365856777;h3c8:2:0.015204160836682362;h4e7:0:0.0032033082667918436
qRvUi	a0-c2	2	21	37	c1h6:32:0.9363983304108255;c1f1:0:0.15193153729600622;c1a3:2:0.10278078376081413;c1d2:0:0.1067325213417843;c1c2:0:0.07688776954513867;c1f4:0:0.03222547258613405;f3e5:0:0.02455256365856777;h3c8:2:0.015204160836682362;h4e7:0:0.0032033082667918436
qRvUi	a0-c2	2	21	38	c1h6:33:0.9363844236603844;c1f1:0:0.15193153729600622;c1a3:2:0.10278078376081413;c1d2:0:0.1067325213417843;c1c2:0:0.07688776954513867;c1f4:0:0.03222547258613405;f3e5:0:0.02455256365856777;h3c8:2:0.015204160836682362;h4e7:0:0.0032033082667918436
qRvUi	a0-c2	2	22	39	c1h6:34:0.9363457366523104;c1f1:0:0.15193153729600622;c1a3:2:0.10278078376081413;c1d2:0:0.1067325213417843;c1c2:0:0.07688776954513867;c1f4:0:0.03222547258613405;f3e5:0:0.02455256365856777;h3c8:2:0.015204160836682362;h4e7:0:0.0032033082667918436
qRvUi	a0-c2	2	22	40	c1h6:35:0.9363572952908544;c1f1:0:0.15193153729600622;c1a3:2:0.10278078376081413;c1d2:0:0.1067325213417843;c1c2:0:0.07688776954513867;c1f4:0:0.03222547258613405;f3e5:0:0.02455256365856777;h3c8:2:0.015204160836682362;h4e7:0:0.0032033082667918436
qRvUi	a0-c2	2	23	41	c1h6:35:0.9363572952908544;c1f1:0:0.15193153729600622;c1a3:3:0.11103660779549208;c1d2:0:0.1067325213417843;c1c2:0:0.07688776954513867;c1f4:0:0.03222547258613405;f3e5:0:0.02455256365856777;h3c8:2:0.015204160836682362;h4e7:0:0.0032033082667918436
qRvUi	a0-c2	2	23	42	c1h6:35:0.9363572952908544;c1a3:4:0.11522387251932864;c1f1:0:0.15193153729600622;c1d2:0:0.1067325213417843;c1c2:0:0.07688776954513867;c1f4:0:0.03222547258613405;f3e5:0:0.02455256365856777;h3c8:2:0.015204160836682362;h4e7:0:0.0032033082667918436
qRvUi	a0-c2	2	24	43	c1h6:36:0.9362897801131572;c1a3:4:0.11522387251932864;c1f1:0:0.15193153729600622;c1d2:0:0.1067325213417843;c1c2:0:0.07688776954513867;c1f4:0:0.03222547258613405;f3e5:0:0.02455256365856777;h3c8:2:0.015204160836682362;h4e7:0:0.0032033082667918436
qRvUi	a0-c2	2	24	44	c1h6:37:0.9362981372780422;c1a3:4:0.11522387251932864;c1f1:0:0.15193153729600622;c1d2:0:0.1067325213417843;c1c2:0:0.07688776954513867;c1f4:0:0.03222547258613405;f3e5:0:0.02455256365856777;h3c8:2:0.015204160836682362;h4e7:0:0.0032033082667918436
qRvUi	a0-c2	2	25	45	c1h6:38:0.9363110035620577;c1a3:4:0.11522387251932864;c1f1:0:0.15193153729600622;c1d2:0:0.1067325213417843;c1c2:0:0.07688776954513867;c1f4:0:0.03222547258613405;f3e5:0:0.02455256365856777;h3c8:2:0.015204160836682362;h4e7:0:0.0032033082667918436
qRvUi	a0-c2	2	25	46	c1h6:39:0.9362937702787124;c1a3:4:0.11522387251932864;c1f1:0:0.15193153729600622;c1d2:0:0.1067325213417843;c1c2:0:0.07688776954513867;c1f4:0:0.03222547258613405;f3e5:0:0.02455256365856777;h3c8:2:0.015204160836682362;h4e7:0:0.0032033082667918436
qRvUi	a0-c2	2	26	47	c1h6:40:0.9362646840061349;c1a3:4:0.11522387251932864;c1f1:0:0.15193153729600622;c1d2:0:0.1067325213417843;c1c2:0:0.07688776954513867;c1f4:0:0.03222547258613405;f3e5:0:0.02455256365856777;h3c8:2:0.015204160836682362;h4e7:0:0.0032033082667918436
qRvUi	a0-c2	2	26	48	c1h6:41:0.9362066702457931;c1a3:4:0.11522387251932864;c1f1:0:0.15193153729600622;c1d2:0:0.1067325213417843;c1c2:0:0.07688776954513867;c1f4:0:0.03222547258613405;f3e5:0:0.02455256365856777;h3c8:2:0.015204160836682362;h4e7:0:0.0032033082667918436
qRvUi	a0-c2	2	27	49	c1h6:42:0.9362066702457931;c1a3:4:0.11522387251932864;c1f1:0:0.15193153729600622;c1d2:0:0.1067325213417843;c1c2:0:0.07688776954513867;c1f4:0:0.03222547258613405;f3e5:0:0.02455256365856777;h3c8:2:0.015204160836682362;h4e7:0:0.0032033082667918436
qRvUi	a0-c2	2	27	50	c1h6:43:0.936200832430799;c1a3:4:0.11522387251932864;c1f1:0:0.15193153729600622;c1d2:0:0.1067325213417843;c1c2:0:0.07688776954513867;c1f4:0:0.03222547258613405;f3e5:0:0.02455256365856777;h3c8:2:0.015204160836682362;h4e7:0:0.0032033082667918436
mWhzd	a0-c2	2	0	1	b6b2:0:0.5936932221056321;b6b5:0:0.5874611371519988;b6b3:0:0.5820968656397246;b6b1:0:0.5758139966794447
mWhzd	a0-c2	2	1	2	b6b1:1:0.5970182605827105;b6b2:0:0.5936932221056321;b6b5:0:0.5874611371519988;b6b3:0:0.5820968656397246
mWhzd	a0-c2	2	1	3	b6b2:1:0.6221617370789989;b6b1:1:0.5970182605827105;b6b5:0:0.5874611371519988;b6b3:0:0.5820968656397246
mWhzd	a0-c2	2	2	4	b6b3:1:0.6225729602683201;b6b2:1:0.6221617370789989;b6b1:1:0.5970182605827105;b6b5:0:0.5874611371519988
mWhzd	a0-c2	2	2	5	b6b3:1:0.6225729602683201;b6b2:1:0.6221617370789989;b6b1:2:0.5901604820503227;b6b5:0:0.5874611371519988
mWhzd	a0-c2	2	3	6	b6b3:1:0.6225729602683201;b6b2:1:0.6221617370789989;b6b1:3:0.587829873920552;b6b5:0:0.5874611371519988
mWhzd	a0-c2	2	3	7	b6b3:1:0.6225729602683201;b6b2:1:0.6221617370789989;b6b5:0:0.5874611371519988;b6b1:4:0.5869572180128931
mWhzd	a0-c2	2	4	8	b6b2:1:0.6221617370789989;b6b3:2:0.6019401468820119;b6b5:0:0.5874611371519988;b6b1:4:0.5869572180128931
mWhzd	a0-c2	2	4	9	b6b2:1:0.6221617370789989;b6b5:0:0.5874611371519988;b6b3:3:0.5872943445071875;b6b1:4:0.5869572180128931
mWhzd	a0-c2	2	5	10	b6b2:2:0.6059747317368146;b6b5:0:0.5874611371519988;b6b3:3:0.5872943445071875;b6b1:4:0.5869572180128931
mWhzd	a0-c2	2	5	11	b6b2:3:0.6046802191009037;b6b5:0:0.5874611371519988;b6b3:3:0.5872943445071875;b6b1:4:0.5869572180128931
mWhzd	a0-c2	2	6	12	b6b5:1:0.6380330307800369;b6b2:3:0.6046802191009037;b6b3:3:0.5872943445071875;b6b1:4:0.5869572180128931
mWhzd	a0-c2	2	6	13	b6b5:1:0.6380330307800369;b6b2:3:0.6046802191009037;b6b3:3:0.5872943445071875;b6b1:5:0.5858734947464798
mWhzd	a0-c2	2	7	14	b6b5:2:0.6183906373021812;b6b2:3:0.6046802191009037;b6b3:3:0.5872943445071875;b6b1:5:0.5858734947464798
mWhzd	a0-c2	2	7	15	b6b5:3:0.6134368950105986;b6b2:3:0.6046802191009037;b6b3:3:0.5872943445071875;b6b1:5:0.5858734947464798
mWhzd	a0-c2	2	8	16	b6b5:3:0.6134368950105986;b6b2:3:0.6046802191009037;b6b3:3:0.5872943445071875;b6b1:6:0.5824284002931346
mWhzd	a0-c2	2	8	17	b6b5:3:0.6134368950105986;b6b2:3:0.6046802191009037;b6b3:3:0.5872943445071875;b6b1:7:0.5789532014616223
mWhzd	a0-c2	2	9	18	b6b5:3:0.6134368950105986;b6b2:4:0.6077381314170052;b6b3:3:0.5872943445071875;b6b1:7:0.5789532014616223
mWhzd	a0-c2	2	9	19	b6b5:3:0.6134368950105986;b6b2:5:0.6071285501324799;b6b3:3:0.5872943445071875;b6b1:7:0.5789532014616223
mWhzd	a0-c2	2	10	20	b6b5:3:0.6134368950105986;b6b2:5:0.6071285501324799;b6b3:4:0.5884430615328351;b6b1:7:0.5789532014616223
mWhzd	a0-c2	2	10	21	b6b5:3:0.6134368950105986;b6b2:5:0.6071285501324799;b6b3:5:0.5887430431381041;b6b1:7:0.5789532014616223
mWhzd	a0-c2	2	11	22	b6b5:3:0.6134368950105986;b6b2:5:0.6071285501324799;b6b3:5:0.5887430431381041;b6b1:8:0.5751254423840279
mWhzd	a0-c2	2	11	23	b6b5:3:0.6134368950105986;b6b2:5:0.6071285501324799;b6b3:5:0.5887430431381041;b6b1:9:0.5747590345978685
mWhzd	a0-c2	2	12	24	b6b5:3:0.6134368950105986;b6b2:6:0.6042341390346337;b6b3:5:0.5887430431381041;b6b1:9:0.5747590345978685
mWhzd	a0-c2	2	12	25	b6b5:3:0.6134368950105986;b6b2:7:0.6031474979827025;b6b3:5:0.5887430431381041;b6b1:9:0.5747590345978685
mWhzd	a0-c2	2	13	26	b6b5:3:0.6134368950105986;b6b2:7:0.6031474979827025;b6b3:6:0.5869185426698943;b6b1:9:0.5747590345978685
mWhzd	a0-c2	2	13	27	b6b5:3:0.6134368950105986;b6b2:7:0.6031474979827025;b6b3:7:0.5805037722707203;b6b1:9:0.5747590345978685
mWhzd	a0-c2	2	14	28	b6b5:3:0.6134368950105986;b6b2:7:0.6031474979827025;b6b3:7:0.5805037722707203;b6b1:10:0.5725652396425998
mWhzd	a0-c2	2	14	29	b6b5:3:0.6134368950105986;b6b2:7:0.6031474979827025;b6b3:7:0.5805037722707203;b6b1:11:0.5728623246226024
mWhzd	a0-c2	2	15	30	b6b5:4:0.6123645114176098;b6b2:7:0.6031474979827025;b6b3:7:0.5805037722707203;b6b1:11:0.5728623246226024
mWhzd	a0-c2	2	15	31	b6b5:5:0.6135575509587369;b6b2:7:0.6031474979827025;b6b3:7:0.5805037722707203;b6b1:11:0.5728623246226024
mWhzd	a0-c2	2	16	32	b6b5:5:0.6135575509587369;b6b2:8:0.5987248706475723;b6b3:7:0.5805037722707203;b6b1:11:0.5728623246226024
mWhzd	a0-c2	2	16	33	b6b5:5:0.6135575509587369;b6b2:9:0.5953475847918335;b6b3:7:0.5805037722707203;b6b1:11:0.5728623246226024
mWhzd	a0-c2	2	17	34	b6b5:5:0.6135575509587369;b6b2:9:0.5953475847918335;b6b3:7:0.5805037722707203;b6b1:12:0.5761043499437811
mWhzd	a0-c2	2	17	35	b6b5:5:0.6135575509587369;b6b2:9:0.5953475847918335;b6b3:7:0.5805037722707203;b6b1:13:0.5767838442493374
mWhzd	a0-c2	2	18	36	b6b5:5:0.6135575509587369;b6b2:9:0.5953475847918335;b6b3:8:0.5924802469529671;b6b1:13:0.5767838442493374
mWhzd	a0-c2	2	18	37	b6b5:5:0.6135575509587369;b6b3:9:0.6028167371733681;b6b2:9:0.5953475847918335;b6b1:13:0.5767838442493374
mWhzd	a0-c2	2	19	38	b6b5:5:0.6135575509587369;b6b3:9:0.6028167371733681;b6b2:9:0.5953475847918335;b6b1:14:0.5790682960673328
mWhzd	a0-c2	2	19	39	b6b5:5:0.6135575509587369;b6b3:9:0.6028167371733681;b6b2:9:0.5953475847918335;b6b1:15:0.5795101518974337
mWhzd	a0-c2	2	20	40	b6b5:5:0.6135575509587369;b6b2:9:0.5953475847918335;b6b3:10:0.5946553188427411;b6b1:15:0.5795101518974337
mWhzd	a0-c2	2	20	41	b6b5:5:0.6135575509587369;b6b2:9:0.5953475847918335;b6b3:11:0.5893167709400836;b6b1:15:0.5795101518974337
mWhzd	a0-c2	2	21	42	b6b5:5:0.6135575509587369;b6b2:10:0.5932768827454812;b6b3:11:0.5893167709400836;b6b1:15:0.5795101518974337
mWhzd	a0-c2	2	21	43	b6b5:5:0.6135575509587369;b6b2:11:0.5933950024296298;b6b3:11:0.5893167709400836;b6b1:15:0.5795101518974337
mWhzd	a0-c2	2	22	44	b6b5:5:0.6135575509587369;b6b2:11:0.5933950024296298;b6b3:11:0.5893167709400836;b6b1:16:0.5801653682061615
mWhzd	a0-c2	2	22	45	b6b5:5:0.6135575509587369;b6b2:11:0.5933950024296298;b6b3:11:0.5893167709400836;b6b1:17:0.5800784012216659
mWhzd	a0-c2	2	23	46	b6b5:6:0.6127126417845918;b6b2:11:0.5933950024296298;b6b3:11:0.5893167709400836;b6b1:17:0.5800784012216659
mWhzd	a0-c2	2	23	47	b6b5:7:0.61306915430947;b6b2:11:0.5933950024296298;b6b3:11:0.5893167709400836;b6b1:17:0.5800784012216659
mWhzd	a0-c2	2	24	48	b6b5:7:0.61306915430947;b6b2:11:0.5933950024296298;b6b3:11:0.5893167709400836;b6b1:18:0.5790583815269907
mWhzd	a0-c2	2	24	49	b6b5:7:0.61306915430947;b6b2:11:0.5933950024296298;b6b3:11:0.5893167709400836;b6b1:19:0.5801860692990772
mWhzd	a0-c2	2	25	50	b6b5:7:0.61306915430947;b6b2:12:0.5959113306102973;b6b3:11:0.5893167709400836;b6b1:19:0.5801860692990772
I3vZ1	a0-c2	2	0	1	f7h7:0:0.9754474363414323;e6d5:0:0.4089741028083871;e6h3:0:0.13221175566021873;e6e7:0:0.02455256365856777
I3vZ1	a0-c2	2	1	2	f7h7:0:0.9754474363414323;e6d5:1:0.38779794964864106;e6h3:0:0.13221175566021873;e6e7:0:0.02455256365856777
I3vZ1	a0-c2	2	1	3	f7h7:1:0.9754474363414323;e6d5:1:0.38779794964864106;e6h3:0:0.13221175566021873;e6e7:0:0.02455256365856777
I3vZ1	a0-c2	2	2	4	f7h7:2:0.8385566704446746;e6d5:1:0.38779794964864106;e6h3:0:0.13221175566021873;e6e7:0:0.02455256365856777
I3vZ1	a0-c2	2	3	5	f7h7:2:0.8385566704446746;e6d5:2:0.3754593042687014;e6h3:0:0.13221175566021873;e6e7:0:0.02455256365856777
I3vZ1	a0-c2	2	4	6	f7h7:2:0.8385566704446746;e6d5:3:0.4133406429973933;e6h3:0:0.13221175566021873;e6e7:0:0.02455256365856777
I3vZ1	a0-c2	2	4	7	f7h7:2:0.8385566704446746;e6d5:4:0.4142855054966089;e6h3:0:0.13221175566021873;e6e7:0:0.02455256365856777
I3vZ1	a0-c2	2	5	8	f7h7:3:0.8385566704446746;e6d5:4:0.4142855054966089;e6h3:0:0.13221175566021873;e6e7:0:0.02455256365856777
I3vZ1	a0-c2	2	5	9	f7h7:4:0.8277149600478977;e6d5:4:0.4142855054966089;e6h3:0:0.13221175566021873;e6e7:0:0.02455256365856777
I3vZ1	a0-c2	2	6	10	f7h7:5:0.8473740014002646;e6d5:4:0.4142855054966089;e6h3:0:0.13221175566021873;e6e7:0:0.02455256365856777
I3vZ1	a0-c2	2	7	11	f7h7:6:0.8369813033821107;e6d5:4:0.4142855054966089;e6h3:0:0.13221175566021873;e6e7:0:0.02455256365856777
I3vZ1	a0-c2	2	7	12	f7h7:7:0.834701522907482;e6d5:4:0.4142855054966089;e6h3:0:0.13221175566021873;e6e7:0:0.02455256365856777
I3vZ1	a0-c2	2	8	13	f7h7:7:0.834701522907482;e6d5:5:0.3598119596801279;e6h3:0:0.13221175566021873;e6e7:0:0.02455256365856777
I3vZ1	a0-c2	2	8	14	f7h7:7:0.834701522907482;e6d5:6:0.3545426389360624;e6h3:0:0.13221175566021873;e6e7:0:0.02455256365856777
I3vZ1	a0-c2	2	9	15	f7h7:8:0.835754648280475;e6d5:6:0.3545426389360624;e6h3:0:0.13221175566021873;e6e7:0:0.02455256365856777
I3vZ1	a0-c2	2	9	16	f7h7:9:0.8357741687149586;e6d5:6:0.3545426389360624;e6h3:0:0.13221175566021873;e6e7:0:0.02455256365856777
I3vZ1	a0-c2	2	10	17	f7h7:10:0.8359324075161675;e6d5:6:0.3545426389360624;e6h3:0:0.13221175566021873;e6e7:0:0.02455256365856777
I3vZ1	a0-c2	2	10	18	f7h7:11:0.834293937327667;e6d5:6:0.3545426389360624;e6h3:0:0.13221175566021873;e6e7:0:0.02455256365856777
I3vZ1	a0-c2	2	11	19	f7h7:12:0.8344043004470934;e6d5:6:0.3545426389360624;e6h3:0:0.13221175566021873;e6e7:0:0.02455256365856777
I3vZ1	a0-c2	2	11	20	f7h7:13:0.8349960394596326;e6d5:6:0.3545426389360624;e6h3:0:0.13221175566021873;e6e7:0:0.02455256365856777
I3vZ1	a0-c2	2	12	21	f7h7:14:0.8349960394596326;e6d5:6:0.3545426389360624;e6h3:0:0.13221175566021873;e6e7:1:0
I3vZ1	a0-c2	2	12	22	f7h7:14:0.8349960394596326;e6d5:7:0.36841368548492337;e6h3:0:0.13221175566021873;e6e7:1:0
I3vZ1	a0-c2	2	13	23	f7h7:15:0.8381525774589076;e6d5:7:0.36841368548492337;e6h3:0:0.13221175566021873;e6e7:1:0
I3vZ1	a0-c2	2	13	24	f7h7:16:0.8382170735639035;e6d5:7:0.36841368548492337;e6h3:0:0.13221175566021873;e6e7:1:0
I3vZ1	a0-c2	2	14	25	f7h7:17:0.8382170735639035;e6d5:8:0.3773664972362753;e6h3:0:0.13221175566021873;e6e7:1:0
I3vZ1	a0-c2	2	14	26	f7h7:17:0.8382170735639035;e6d5:9:0.35739111022585535;e6h3:0:0.13221175566021873;e6e7:1:0
I3vZ1	a0-c2	2	15	27	f7h7:19:0.8425414498625898;e6d5:9:0.35739111022585535;e6h3:0:0.13221175566021873;e6e7:1:0
I3vZ1	a0-c2	2	15	28	f7h7:20:0.842527271776976;e6d5:9:0.35739111022585535;e6h3:0:0.13221175566021873;e6e7:1:0
I3vZ1	a0-c2	2	16	29	f7h7:22:0.8419607885404943;e6d5:9:0.35739111022585535;e6h3:0:0.13221175566021873;e6e7:1:0
I3vZ1	a0-c2	2	16	30	f7h7:23:0.8418998574996739;e6d5:9:0.35739111022585535;e6h3:0:0.13221175566021873;e6e7:1:0
I3vZ1	a0-c2	2	17	31	f7h7:23:0.8418998574996739;e6d5:9:0.35739111022585535;e6h3:1:0.14842720819863983;e6e7:1:0
I3vZ1	a0-c2	2	17	32	f7h7:24:0.8423069143830931;e6d5:9:0.35739111022585535;e6h3:1:0.14842720819863983;e6e7:1:0
I3vZ1	a0-c2	2	18	33	f7h7:28:0.8423069143830931;e6d5:10:0.35090748148452794;e6h3:1:0.14842720819863983;e6e7:1:0
I3vZ1	a0-c2	2	18	34	f7h7:28:0.8423069143830931;e6d5:11:0.3555106712788268;e6h3:1:0.14842720819863983;e6e7:1:0
I3vZ1	a0-c2	2	19	35	f7h7:33:0.8417837183354331;e6d5:11:0.3555106712788268;e6h3:1:0.14842720819863983;e6e7:1:0
I3vZ1	a0-c2	2	19	36	f7h7:34:0.8415946937793762;e6d5:11:0.3555106712788268;e6h3:1:0.14842720819863983;e6e7:1:0
I3vZ1	a0-c2	2	20	37	f7h7:37:0.8419864387582293;e6d5:11:0.3555106712788268;e6h3:1:0.14842720819863983;e6e7:1:0
I3vZ1	a0-c2	2	20	38	f7h7:38:0.8421424209522056;e6d5:11:0.3555106712788268;e6h3:1:0.14842720819863983;e6e7:1:0
I3vZ1	a0-c2	2	21	39	f7h7:43:0.842140049996132;e6d5:11:0.3555106712788268;e6h3:1:0.14842720819863983;e6e7:1:0
I3vZ1	a0-c2	2	21	40	f7h7:43:0.842140049996132;e6d5:12:0.3559085669431247;e6h3:1:0.14842720819863983;e6e7:1:0
I3vZ1	a0-c2	2	22	41	f7h7:47:0.8420505311719696;e6d5:12:0.3559085669431247;e6h3:1:0.14842720819863983;e6e7:1:0
I3vZ1	a0-c2	2	22	42	f7h7:48:0.8418924592073707;e6d5:12:0.3559085669431247;e6h3:1:0.14842720819863983;e6e7:1:0
I3vZ1	a0-c2	2	23	43	f7h7:49:0.8418924592073707;e6d5:13:0.3573045177649323;e6h3:1:0.14842720819863983;e6e7:1:0
I3vZ1	a0-c2	2	23	44	f7h7:49:0.8418924592073707;e6d5:14:0.36993696242133634;e6h3:1:0.14842720819863983;e6e7:1:0
I3vZ1	a0-c2	2	24	45	f7h7:52:0.8414166020778638;e6d5:14:0.36993696242133634;e6h3:1:0.14842720819863983;e6e7:1:0
I3vZ1	a0-c2	2	24	46	f7h7:53:0.8413700602914531;e6d5:14:0.36993696242133634;e6h3:1:0.14842720819863983;e6e7:1:0
I3vZ1	a0-c2	2	25	47	f7h7:62:0.8413589486642936;e6d5:14:0.36993696242133634;e6h3:1:0.14842720819863983;e6e7:1:0
I3vZ1	a0-c2	2	25	48	f7h7:63:0.8414152785163531;e6d5:14:0.36993696242133634;e6h3:1:0.14842720819863983;e6e7:1:0
I3vZ1	a0-c2	2	26	49	f7h7:63:0.8414152785163531;e6d5:15:0.35689975900166826;e6h3:1:0.14842720819863983;e6e7:1:0
I3vZ1	a0-c2	2	26	50	f7h7:63:0.8414152785163531;e6d5:16:0.3599576960784739;e6h3:1:0.14842720819863983;e6e7:1:0
WwKKM	a0-c2	2	0	1	h5g5:0:0.5;e7f8:0:0.33681889732873044;h5e5:0:0.11811367252912823
WwKKM	a0-c2	2	1	2	h5g5:1:0.5983672451038131;e7f8:0:0.33681889732873044;h5e5:0:0.11811367252912823
WwKKM	a0-c2	2	1	3	h5g5:1:0.5983672451038131;e7f8:1:0.2650431438406959;h5e5:0:0.11811367252912823
WwKKM	a0-c2	2	2	4	h5g5:2:0.5495720383285676;e7f8:1:0.2650431438406959;h5e5:0:0.11811367252912823
WwKKM	a0-c2	2	2	5	h5g5:3:0.522112857621407;e7f8:1:0.2650431438406959;h5e5:0:0.11811367252912823
WwKKM	a0-c2	2	3	6	h5g5:4:0.7347752855365688;e7f8:1:0.2650431438406959;h5e5:0:0.11811367252912823
WwKKM	a0-c2	2	3	7	h5g5:5:0.7322554540494097;e7f8:1:0.2650431438406959;h5e5:0:0.11811367252912823
WwKKM	a0-c2	2	4	8	h5g5:6:0.4933510018089978;e7f8:1:0.2650431438406959;h5e5:0:0.11811367252912823
WwKKM	a0-c2	2	4	9	h5g5:7:0.483789323629249;e7f8:1:0.2650431438406959;h5e5:0:0.11811367252912823
WwKKM	a0-c2	2	5	10	h5g5:8:0.5185817583277239;e7f8:1:0.2650431438406959;h5e5:0:0.11811367252912823
WwKKM	a0-c2	2	5	11	h5g5:9:0.5164793271538233;e7f8:1:0.2650431438406959;h5e5:0:0.11811367252912823
WwKKM	a0-c2	2	6	12	h5g5:10:0.5164793271538233;e7f8:1:0.2650431438406959;h5e5:0:0.11811367252912823
WwKKM	a0-c2	2	6	13	h5g5:11:0.5164793271538233;e7f8:1:0.2650431438406959;h5e5:0:0.11811367252912823
WwKKM	a0-c2	2	7	14	h5g5:12:0.5378838147729271;e7f8:1:0.2650431438406959;h5e5:0:0.11811367252912823
WwKKM	a0-c2	2	7	15	h5g5:13:0.5373900405000075;e7f8:1:0.2650431438406959;h5e5:0:0.11811367252912823
WwKKM	a0-c2	2	8	16	h5g5:14:0.5201312055744728;e7f8:1:0.2650431438406959;h5e5:0:0.11811367252912823
WwKKM	a0-c2	2	8	17	h5g5:15:0.5064524001909192;e7f8:1:0.2650431438406959;h5e5:0:0.11811367252912823
WwKKM	a0-c2	2	9	18	h5g5:16:0.5816709714566766;e7f8:1:0.2650431438406959;h5e5:0:0.11811367252912823
WwKKM	a0-c2	2	9	19	h5g5:17:0.5807797085939663;e7f8:1:0.2650431438406959;h5e5:0:0.11811367252912823
WwKKM	a0-c2	2	10	20	h5g5:18:0.5698249403844394;e7f8:1:0.2650431438406959;h5e5:0:0.11811367252912823
WwKKM	a0-c2	2	10	21	h5g5:19:0.5635492451558626;e7f8:1:0.2650431438406959;h5e5:0:0.11811367252912823
WwKKM	a0-c2	2	11	22	h5g5:20:0.5674357758072042;e7f8:1:0.2650431438406959;h5e5:0:0.11811367252912823
WwKKM	a0-c2	2	12	23	h5g5:22:0.5674357758072042;h5e5:1:0.3331157974826651;e7f8:1:0.2650431438406959
WwKKM	a0-c2	2	12	24	h5g5:23:0.5781163488104839;h5e5:1:0.3331157974826651;e7f8:1:0.2650431438406959
WwKKM	a0-c2	2	13	25	h5g5:24:0.5781163488104839;h5e5:1:0.3331157974826651;e7f8:1:0.2650431438406959
WwKKM	a0-c2	2	13	26	h5g5:25:0.5820883528706191;h5e5:1:0.3331157974826651;e7f8:1:0.2650431438406959
WwKKM	a0-c2	2	14	27	h5g5:26:0.5773198379580957;h5e5:1:0.3331157974826651;e7f8:1:0.2650431438406959
WwKKM	a0-c2	2	15	28	h5g5:27:0.6250636176989303;h5e5:1:0.3331157974826651;e7f8:1:0.2650431438406959
WwKKM	a0-c2	2	15	29	h5g5:28:0.6244979029147705;h5e5:1:0.3331157974826651;e7f8:1:0.2650431438406959
WwKKM	a0-c2	2	16	30	h5g5:30:0.6272576769172422;h5e5:1:0.3331157974826651;e7f8:1:0.2650431438406959
WwKKM	a0-c2	2	16	31	h5g5:31:0.6270676099124688;h5e5:1:0.3331157974826651;e7f8:1:0.2650431438406959
WwKKM	a0-c2	2	17	32	h5g5:34:0.6278936287545341;h5e5:1:0.3331157974826651;e7f8:1:0.2650431438406959
WwKKM	a0-c2	2	18	33	h5g5:38:0.6245836903559395;h5e5:1:0.3331157974826651;e7f8:1:0.2650431438406959
WwKKM	a0-c2	2	18	34	h5g5:39:0.6229767934644209;h5e5:1:0.3331157974826651;e7f8:1:0.2650431438406959
WwKKM	a0-c2	2	19	35	h5g5:40:0.6253373037725064;h5e5:1:0.3331157974826651;e7f8:1:0.2650431438406959
WwKKM	a0-c2	2	19	36	h5g5:41:0.6239248576983115;h5e5:1:0.3331157974826651;e7f8:1:0.2650431438406959
WwKKM	a0-c2	2	20	37	h5g5:41:0.6239248576983115;e7f8:1:0.2650431438406959;h5e5:2:0.24092104372825096
WwKKM	a0-c2	2	20	38	h5g5:41:0.6239248576983115;e7f8:1:0.2650431438406959;h5e5:3:0.22837372945852008
WwKKM	a0-c2	2	21	39	h5g5:42:0.6239248576983115;e7f8:1:0.2650431438406959;h5e5:3:0.22837372945852008
WwKKM	a0-c2	2	21	40	h5g5:43:0.6242041721688968;e7f8:1:0.2650431438406959;h5e5:3:0.22837372945852008
WwKKM	a0-c2	2	22	41	h5g5:44:0.6200583740328802;e7f8:1:0.2650431438406959;h5e5:3:0.22837372945852008
WwKKM	a0-c2	2	22	42	h5g5:45:0.6184820155182245;e7f8:1:0.2650431438406959;h5e5:3:0.22837372945852008
WwKKM	a0-c2	2	23	43	h5g5:45:0.6184820155182245;h5e5:3:0.22837372945852008;e7f8:2:0.19904427899813537
WwKKM	a0-c2	2	23	44	h5g5:45:0.6184820155182245;h5e5:3:0.22837372945852008;e7f8:3:0.16691097705616947
WwKKM	a0-c2	2	24	45	h5g5:46:0.6185234760656172;h5e5:3:0.22837372945852008;e7f8:3:0.16691097705616947
WwKKM	a0-c2	2	24	46	h5g5:47:0.6206885872088096;h5e5:3:0.22837372945852008;e7f8:3:0.16691097705616947
WwKKM	a0-c2	2	25	47	h5g5:49:0.6268444010948143;h5e5:3:0.22837372945852008;e7f8:3:0.16691097705616947
WwKKM	a0-c2	2	25	48	h5g5:50:0.6267714610187929;h5e5:3:0.22837372945852008;e7f8:3:0.16691097705616947
WwKKM	a0-c2	2	26	49	h5g5:52:0.6279994474702175;h5e5:3:0.22837372945852008;e7f8:3:0.16691097705616947
WwKKM	a0-c2	2	26	50	h5g5:53:0.6278600117552976;h5e5:3:0.22837372945852008;e7f8:3:0.16691097705616947
cBFTV	a0-c2	2	0	1	e4c6:0:0.9754474363414323;e2g4:0:0.38867247514924735;e4f3:0:0.27227406568891394;e4f5:0:0.14864023737321475
cBFTV	a0-c2	2	1	2	e4c6:0:0.9754474363414323;e2g4:1:0.6351475705218697;e4f3:0:0.27227406568891394;e4f5:0:0.14864023737321475
cBFTV	a0-c2	2	1	3	e4c6:1:0.9754474363414323;e2g4:1:0.6351475705218697;e4f3:0:0.27227406568891394;e4f5:0:0.14864023737321475
cBFTV	a0-c2	2	2	4	e4c6:1:0.9754474363414323;e2g4:2:0.6315690996236409;e4f3:0:0.27227406568891394;e4f5:0:0.14864023737321475
cBFTV	a0-c2	2	2	5	e4c6:1:0.9754474363414323;e2g4:3:0.6206641216793338;e4f3:0:0.27227406568891394;e4f5:0:0.14864023737321475
cBFTV	a0-c2	2	3	6	e4c6:2:0.6631013616654453;e2g4:3:0.6206641216793338;e4f3:0:0.27227406568891394;e4f5:0:0.14864023737321475
cBFTV	a0-c2	2	4	7	e4c6:2:0.6631013616654453;e2g4:4:0.6465075848278503;e4f3:0:0.27227406568891394;e4f5:0:0.14864023737321475
cBFTV	a0-c2	2	4	8	e4c6:2:0.6631013616654453;e2g4:5:0.6576330254239708;e4f3:0:0.27227406568891394;e4f5:0:0.14864023737321475
cBFTV	a0-c2	2	5	9	e4c6:2:0.6631013616654453;e2g4:6:0.6359204912882295;e4f3:0:0.27227406568891394;e4f5:0:0.14864023737321475
cBFTV	a0-c2	2	5	10	e4c6:2:0.6631013616654453;e2g4:7:0.6281876748666442;e4f3:0:0.27227406568891394;e4f5:0:0.14864023737321475
cBFTV	a0-c2	2	6	11	e4c6:2:0.6631013616654453;e2g4:7:0.6281876748666442;e4f3:1:0.25519226956761243;e4f5:0:0.14864023737321475
cBFTV	a0-c2	2	6	12	e4c6:2:0.6631013616654453;e2g4:8:0.6038733981665756;e4f3:1:0.25519226956761243;e4f5:0:0.14864023737321475
cBFTV	a0-c2	2	7	13	e4c6:2:0.6631013616654453;e2g4:9:0.6272346703433715;e4f3:1:0.25519226956761243;e4f5:0:0.14864023737321475
cBFTV	a0-c2	2	7	14	e4c6:2:0.6631013616654453;e2g4:10:0.6277828849723246;e4f3:1:0.25519226956761243;e4f5:0:0.14864023737321475
cBFTV	a0-c2	2	8	15	e4c6:2:0.6631013616654453;e2g4:11:0.6331355895116171;e4f3:1:0.25519226956761243;e4f5:0:0.14864023737321475
cBFTV	a0-c2	2	8	16	e4c6:2:0.6631013616654453;e2g4:12:0.6334497599098661;e4f3:1:0.25519226956761243;e4f5:0:0.14864023737321475
cBFTV	a0-c2	2	9	17	e4c6:3:0.6631013616654453;e2g4:12:0.6334497599098661;e4f3:1:0.25519226956761243;e4f5:0:0.14864023737321475
cBFTV	a0-c2	2	9	18	e4c6:4:0.6606620969849755;e2g4:12:0.6334497599098661;e4f3:1:0.25519226956761243;e4f5:0:0.14864023737321475
cBFTV	a0-c2	2	10	19	e4c6:4:0.6606620969849755;e2g4:13:0.6341390314756824;e4f3:1:0.25519226956761243;e4f5:0:0.14864023737321475
cBFTV	a0-c2	2	10	20	e4c6:4:0.6606620969849755;e2g4:14:0.6353748293029616;e4f3:1:0.25519226956761243;e4f5:0:0.14864023737321475
cBFTV	a0-c2	2	11	21	e4c6:4:0.6606620969849755;e2g4:15:0.6297775859885668;e4f3:1:0.25519226956761243;e4f5:0:0.14864023737321475
cBFTV	a0-c2	2	11	22	e4c6:4:0.6606620969849755;e2g4:16:0.6205148772942023;e4f3:1:0.25519226956761243;e4f5:0:0.14864023737321475
cBFTV	a0-c2	2	12	23	e4c6:4:0.6606620969849755;e2g4:17:0.6334209584065573;e4f3:1:0.25519226956761243;e4f5:0:0.14864023737321475
cBFTV	a0-c2	2	12	24	e4c6:4:0.6606620969849755;e2g4:18:0.6341148365052471;e4f3:1:0.25519226956761243;e4f5:0:0.14864023737321475
cBFTV	a0-c2	2	13	25	e4c6:4:0.6606620969849755;e2g4:18:0.6341148365052471;e4f3:2:0.235424991541955;e4f5:0:0.14864023737321475
cBFTV	a0-c2	2	13	26	e4c6:4:0.6606620969849755;e2g4:18:0.6341148365052471;e4f3:3:0.24037283847212843;e4f5:0:0.14864023737321475
cBFTV	a0-c2	2	14	27	e4c6:4:0.6606620969849755;e2g4:18:0.6341148365052471;e4f3:3:0.24037283847212843;e4f5:1:0.2172850668657674
cBFTV	a0-c2	2	14	28	e4c6:4:0.6606620969849755;e2g4:19:0.6257060935383891;e4f3:3:0.24037283847212843;e4f5:1:0.2172850668657674
cBFTV	a0-c2	2	15	29	e2g4:19:0.6257060935383891;e4c6:5:0.6065338644406333;e4f3:3:0.24037283847212843;e4f5:1:0.2172850668657674
cBFTV	a0-c2	2	16	30	e2g4:20:0.6270292662242551;e4c6:5:0.6065338644406333;e4f3:3:0.24037283847212843;e4f5:1:0.2172850668657674
cBFTV	a0-c2	2	16	31	e2g4:21:0.6185521735273214;e4c6:5:0.6065338644406333;e4f3:3:0.24037283847212843;e4f5:1:0.2172850668657674
cBFTV	a0-c2	2	17	32	e2g4:22:0.6174250378839151;e4c6:5:0.6065338644406333;e4f3:3:0.24037283847212843;e4f5:1:0.2172850668657674
cBFTV	a0-c2	2	17	33	e2g4:23:0.6169744963847792;e4c6:5:0.6065338644406333;e4f3:3:0.24037283847212843;e4f5:1:0.2172850668657674
cBFTV	a0-c2	2	18	34	e2g4:24:0.6196934241529881;e4c6:5:0.6065338644406333;e4f3:3:0.24037283847212843;e4f5:1:0.2172850668657674
cBFTV	a0-c2	2	18	35	e2g4:25:0.6217319090858744;e4c6:5:0.6065338644406333;e4f3:3:0.24037283847212843;e4f5:1:0.2172850668657674
cBFTV	a0-c2	2	19	36	e2g4:26:0.6132794265539951;e4c6:5:0.6065338644406333;e4f3:3:0.24037283847212843;e4f5:1:0.2172850668657674
cBFTV	a0-c2	2	19	37	e2g4:27:0.6108945621084139;e4c6:5:0.6065338644406333;e4f3:3:0.24037283847212843;e4f5:1:0.2172850668657674
cBFTV	a0-c2	2	20	38	e2g4:28:0.6116048801608922;e4c6:5:0.6065338644406333;e4f3:3:0.24037283847212843;e4f5:1:0.2172850668657674
cBFTV	a0-c2	2	20	39	e2g4:29:0.6123994096198306;e4c6:5:0.6065338644406333;e4f3:3:0.24037283847212843;e4f5:1:0.2172850668657674
cBFTV	a0-c2	2	21	40	e2g4:29:0.6123994096198306;e4c6:6:0.6048771687499224;e4f3:3:0.24037283847212843;e4f5:1:0.2172850668657674
cBFTV	a0-c2	2	22	41	e2g4:30:0.6123786183188644;e4c6:6:0.6048771687499224;e4f3:3:0.24037283847212843;e4f5:1:0.2172850668657674
cBFTV	a0-c2	2	22	42	e2g4:31:0.6124707679184866;e4c6:6:0.6048771687499224;e4f3:3:0.24037283847212843;e4f5:1:0.2172850668657674
cBFTV	a0-c2	2	23	43	e2g4:32:0.6117572673380788;e4c6:6:0.6048771687499224;e4f3:3:0.24037283847212843;e4f5:1:0.2172850668657674
cBFTV	a0-c2	2	23	44	e2g4:33:0.6121871875599364;e4c6:6:0.6048771687499224;e4f3:3:0.24037283847212843;e4f5:1:0.2172850668657674
cBFTV	a0-c2	2	24	45	e2g4:34:0.6050482703545961;e4c6:6:0.6048771687499224;e4f3:3:0.24037283847212843;e4f5:1:0.2172850668657674
cBFTV	a0-c2	2	24	46	e2g4:35:0.6147362013667276;e4c6:6:0.6048771687499224;e4f3:3:0.24037283847212843;e4f5:1:0.2172850668657674
cBFTV	a0-c2	2	25	47	e2g4:35:0.6147362013667276;e4c6:7:0.6042449850703367;e4f3:3:0.24037283847212843;e4f5:1:0.2172850668657674
cBFTV	a0-c2	2	25	48	e2g4:35:0.6147362013667276;e4c6:8:0.6042344476553724;e4f3:3:0.24037283847212843;e4f5:1:0.2172850668657674
cBFTV	a0-c2	2	26	49	e2g4:36:0.613493261069204;e4c6:8:0.6042344476553724;e4f3:3:0.24037283847212843;e4f5:1:0.2172850668657674
cBFTV	a0-c2	2	26	50	e2g4:37:0.6131824482484761;e4c6:8:0.6042344476553724;e4f3:3:0.24037283847212843;e4f5:1:0.2172850668657674
RKFRP	a0-c2	2	0	1	f7h6:0:0.9754474363414323;f6e7:0:0.19388441428053346;f6g5:0:0.126815907436812;f7h8:0:0.12398914293212278;f6g7:0:0.11849774804133455;h5h6:0:0.08117482411679905
RKFRP	a0-c2	2	1	2	f7h6:1:0.9754474363414323;f6e7:0:0.19388441428053346;f6g5:0:0.126815907436812;f7h8:0:0.12398914293212278;f6g7:0:0.11849774804133455;h5h6:0:0.08117482411679905
RKFRP	a0-c2	2	1	3	f7h6:1:0.9754474363414323;f6e7:1:0.33189179945658437;f6g5:0:0.126815907436812;f7h8:0:0.12398914293212278;f6g7:0:0.11849774804133455;h5h6:0:0.08117482411679905
RKFRP	a0-c2	2	2	4	f7h6:2:1;f6e7:1:0.33189179945658437;f6g5:0:0.126815907436812;f7h8:0:0.12398914293212278;f6g7:0:0.11849774804133455;h5h6:0:0.08117482411679905
RKFRP	a0-c2	2	3	5	f7h6:2:1;f6e7:2:0.3337360639138764;f6g5:0:0.126815907436812;f7h8:0:0.12398914293212278;f6g7:0:0.11849774804133455;h5h6:0:0.08117482411679905
RKFRP	a0-c2	2	3	6	f7h6:2:1;f6e7:3:0.2147704032964641;f6g5:0:0.126815907436812;f7h8:0:0.12398914293212278;f6g7:0:0.11849774804133455;h5h6:0:0.08117482411679905
RKFRP	a0-c2	2	4	7	f7h6:2:1;f6e7:3:0.2147704032964641;f6g5:0:0.126815907436812;f7h8:0:0.12398914293212278;f6g7:0:0.11849774804133455;h5h6:1:0.0853424508440716
RKFRP	a0-c2	2	4	8	f7h6:2:1;f7h8:1:0.35497413499750546;f6e7:3:0.2147704032964641;f6g5:0:0.126815907436812;f6g7:0:0.11849774804133455;h5h6:1:0.0853424508440716
RKFRP	a0-c2	2	5	9	f7h6:2:1;f7h8:2:0.35021435323948624;f6e7:3:0.2147704032964641;f6g5:0:0.126815907436812;f6g7:0:0.11849774804133455;h5h6:1:0.0853424508440716
RKFRP	a0-c2	2	5	10	f7h6:2:1;f7h8:3:0.3574201062824597;f6e7:3:0.2147704032964641;f6g5:0:0.126815907436812;f6g7:0:0.11849774804133455;h5h6:1:0.0853424508440716
RKFRP	a0-c2	2	6	11	f7h6:2:1;f7h8:3:0.3574201062824597;f6e7:4:0.23687159780044878;f6g5:0:0.126815907436812;f6g7:0:0.11849774804133455;h5h6:1:0.0853424508440716
RKFRP	a0-c2	2	6	12	f7h6:2:1;f7h8:3:0.3574201062824597;f6e7:5:0.2372928093726295;f6g5:0:0.126815907436812;f6g7:0:0.11849774804133455;h5h6:1:0.0853424508440716
RKFRP	a0-c2	2	7	13	f7h6:2:1;f7h8:3:0.3574201062824597;f6e7:5:0.2372928093726295;f6g5:1:0.13705401787038995;f6g7:0:0.11849774804133455;h5h6:1:0.0853424508440716
RKFRP	a0-c2	2	7	14	f7h6:2:1;f7h8:3:0.3574201062824597;f6e7:5:0.2372928093726295;f6g5:1:0.13705401787038995;f6g7:1:0.10921491048911156;h5h6:1:0.0853424508440716
RKFRP	a0-c2	2	8	15	f7h6:2:1;f7h8:3:0.3574201062824597;f6e7:6:0.23572968802238106;f6g5:1:0.13705401787038995;f6g7:1:0.10921491048911156;h5h6:1:0.0853424508440716
RKFRP	a0-c2	2	8	16	f7h6:2:1;f7h8:3:0.3574201062824597;f6e7:7:0.23156057464638544;f6g5:1:0.13705401787038995;f6g7:1:0.10921491048911156;h5h6:1:0.0853424508440716
RKFRP	a0-c2	2	9	17	f7h6:2:1;f7h8:4:0.35693475926888646;f6e7:7:0.23156057464638544;f6g5:1:0.13705401787038995;f6g7:1:0.10921491048911156;h5h6:1:0.0853424508440716
RKFRP	a0-c2	2	10	18	f7h6:2:1;f7h8:4:0.35693475926888646;f6e7:8:0.22335753377492804;f6g5:1:0.13705401787038995;f6g7:1:0.10921491048911156;h5h6:1:0.0853424508440716
RKFRP	a0-c2	2	10	19	f7h6:2:1;f7h8:4:0.35693475926888646;f6e7:9:0.22398724971733522;f6g5:1:0.13705401787038995;f6g7:1:0.10921491048911156;h5h6:1:0.0853424508440716
RKFRP	a0-c2	2	11	20	f7h6:2:1;f7h8:5:0.3555534152643973;f6e7:9:0.22398724971733522;f6g5:1:0.13705401787038995;f6g7:1:0.10921491048911156;h5h6:1:0.0853424508440716
RKFRP	a0-c2	2	11	21	f7h6:2:1;f7h8:6:0.355428208739316;f6e7:9:0.22398724971733522;f6g5:1:0.13705401787038995;f6g7:1:0.10921491048911156;h5h6:1:0.0853424508440716
RKFRP	a0-c2	2	12	22	f7h6:2:1;f7h8:6:0.355428208739316;f6e7:9:0.22398724971733522;f6g5:1:0.13705401787038995;f6g7:1:0.10921491048911156;h5h6:2:0.0850928553783504
RKFRP	a0-c2	2	12	23	f7h6:2:1;f7h8:6:0.355428208739316;f6e7:9:0.22398724971733522;f6g5:1:0.13705401787038995;f6g7:1:0.10921491048911156;h5h6:3:0.08670901858709217
RKFRP	a0-c2	2	13	24	f7h6:2:1;f7h8:6:0.355428208739316;f6e7:9:0.22398724971733522;f6g5:2:0.12893618529466355;f6g7:1:0.10921491048911156;h5h6:3:0.08670901858709217
RKFRP	a0-c2	2	13	25	f7h6:2:1;f7h8:6:0.355428208739316;f6e7:9:0.22398724971733522;f6g5:3:0.12631481133575803;f6g7:1:0.10921491048911156;h5h6:3:0.08670901858709217
RKFRP	a0-c2	2	14	26	f7h6:2:1;f7h8:6:0.355428208739316;f6e7:10:0.2631910128863623;f6g5:3:0.12631481133575803;f6g7:1:0.10921491048911156;h5h6:3:0.08670901858709217
RKFRP	a0-c2	2	14	27	f7h6:2:1;f7h8:6:0.355428208739316;f6e7:11:0.2942718506838662;f6g5:3:0.12631481133575803;f6g7:1:0.10921491048911156;h5h6:3:0.08670901858709217
RKFRP	a0-c2	2	15	28	f7h6:2:1;f7h8:6:0.355428208739316;f6e7:12:0.2977411004749699;f6g5:3:0.12631481133575803;f6g7:1:0.10921491048911156;h5h6:3:0.08670901858709217
RKFRP	a0-c2	2	15	29	f7h6:2:1;f7h8:6:0.355428208739316;f6e7:13:0.29815092714275643;f6g5:3:0.12631481133575803;f6g7:1:0.10921491048911156;h5h6:3:0.08670901858709217
RKFRP	a0-c2	2	16	30	f7h6:2:1;f7h8:6:0.355428208739316;f6e7:14:0.32978989702252887;f6g5:3:0.12631481133575803;f6g7:1:0.10921491048911156;h5h6:3:0.08670901858709217
RKFRP	a0-c2	2	16	31	f7h6:2:1;f7h8:6:0.355428208739316;f6e7:15:0.3300127603961979;f6g5:3:0.12631481133575803;f6g7:1:0.10921491048911156;h5h6:3:0.08670901858709217
RKFRP	a0-c2	2	17	32	f7h6:2:1;f7h8:6:0.355428208739316;f6e7:16:0.32786675748125305;f6g5:3:0.12631481133575803;f6g7:1:0.10921491048911156;h5h6:3:0.08670901858709217
RKFRP	a0-c2	2	17	33	f7h6:2:1;f7h8:6:0.355428208739316;f6e7:17:0.3277442294477155;f6g5:3:0.12631481133575803;f6g7:1:0.10921491048911156;h5h6:3:0.08670901858709217
RKFRP	a0-c2	2	18	34	f7h6:2:1;f7h8:7:0.3535982097238264;f6e7:17:0.3277442294477155;f6g5:3:0.12631481133575803;f6g7:1:0.10921491048911156;h5h6:3:0.08670901858709217
RKFRP	a0-c2	2	18	35	f7h6:2:1;f7h8:8:0.3533367670027221;f6e7:17:0.3277442294477155;f6g5:3:0.12631481133575803;f6g7:1:0.10921491048911156;h5h6:3:0.08670901858709217
RKFRP	a0-c2	2	19	36	f7h6:2:1;f7h8:8:0.3533367670027221;f6e7:17:0.3277442294477155;f6g5:3:0.12631481133575803;h5h6:3:0.08670901858709217;f6g7:2:0.08563673004685385
RKFRP	a0-c2	2	20	37	f7h6:2:1;f7h8:8:0.3533367670027221;f6e7:18:0.30790097953969275;f6g5:3:0.12631481133575803;h5h6:3:0.08670901858709217;f6g7:2:0.08563673004685385
RKFRP	a0-c2	2	20	38	f7h6:2:1;f7h8:8:0.3533367670027221;f6e7:19:0.31932230929725985;f6g5:3:0.12631481133575803;h5h6:3:0.08670901858709217;f6g7:2:0.08563673004685385
RKFRP	a0-c2	2	21	39	f7h6:2:1;f7h8:8:0.3533367670027221;f6e7:20:0.30704838861588435;f6g5:3:0.12631481133575803;h5h6:3:0.08670901858709217;f6g7:2:0.08563673004685385
RKFRP	a0-c2	2	21	40	f7h6:2:1;f7h8:8:0.3533367670027221;f6e7:21:0.304810325845872;f6g5:3:0.12631481133575803;h5h6:3:0.08670901858709217;f6g7:2:0.08563673004685385
RKFRP	a0-c2	2	22	41	f7h6:2:1;f7h8:9:0.38075733512454707;f6e7:21:0.304810325845872;f6g5:3:0.12631481133575803;h5h6:3:0.08670901858709217;f6g7:2:0.08563673004685385
RKFRP	a0-c2	2	22	42	f7h6:2:1;f7h8:10:0.3786861300657216;f6e7:21:0.304810325845872;f6g5:3:0.12631481133575803;h5h6:3:0.08670901858709217;f6g7:2:0.08563673004685385
RKFRP	a0-c2	2	23	43	f7h6:2:1;f7h8:11:0.37757724673294857;f6e7:21:0.304810325845872;f6g5:3:0.12631481133575803;h5h6:3:0.08670901858709217;f6g7:2:0.08563673004685385
RKFRP	a0-c2	2	23	44	f7h6:2:1;f7h8:12:0.3711217237203962;f6e7:21:0.304810325845872;f6g5:3:0.12631481133575803;h5h6:3:0.08670901858709217;f6g7:2:0.08563673004685385
RKFRP	a0-c2	2	24	45	f7h6:2:1;f7h8:12:0.3711217237203962;f6e7:22:0.2815805995522865;f6g5:3:0.12631481133575803;h5h6:3:0.08670901858709217;f6g7:2:0.08563673004685385
RKFRP	a0-c2	2	24	46	f7h6:2:1;f7h8:12:0.3711217237203962;f6e7:23:0.2980928220793633;f6g5:3:0.12631481133575803;h5h6:3:0.08670901858709217;f6g7:2:0.08563673004685385
RKFRP	a0-c2	2	25	47	f7h6:2:1;f7h8:13:0.3711217237203962;f6e7:23:0.2980928220793633;f6g5:3:0.12631481133575803;h5h6:3:0.08670901858709217;f6g7:2:0.08563673004685385
RKFRP	a0-c2	2	25	48	f7h6:2:1;f7h8:14:0.37156232743122436;f6e7:23:0.2980928220793633;f6g5:3:0.12631481133575803;h5h6:3:0.08670901858709217;f6g7:2:0.08563673004685385
RKFRP	a0-c2	2	26	49	f7h6:2:1;f7h8:15:0.37254713394163685;f6e7:23:0.2980928220793633;f6g5:3:0.12631481133575803;h5h6:3:0.08670901858709217;f6g7:2:0.08563673004685385
RKFRP	a0-c2	2	26	50	f7h6:2:1;f7h8:16:0.3732654171486002;f6e7:23:0.2980928220793633;f6g5:3:0.12631481133575803;h5h6:3:0.08670901858709217;f6g7:2:0.08563673004685385
zskVk	a0-c2	2	0	1	f7h6:0:0.9754474363414323;d5b7:0:0.522078114090291;f7d8:0:0.28260706642917927;d5b3:0:0.19446054725658904
zskVk	a0-c2	2	1	2	f7h6:1:0.9754474363414323;d5b7:0:0.522078114090291;f7d8:0:0.28260706642917927;d5b3:0:0.19446054725658904
zskVk	a0-c2	2	1	3	f7h6:1:0.9754474363414323;d5b7:0:0.522078114090291;f7d8:1:0.20206852665869057;d5b3:0:0.19446054725658904
zskVk	a0-c2	2	2	4	f7h6:2:0.6731593238477285;d5b7:0:0.522078114090291;f7d8:1:0.20206852665869057;d5b3:0:0.19446054725658904
zskVk	a0-c2	2	3	5	f7h6:3:0.72126971822175;d5b7:0:0.522078114090291;f7d8:1:0.20206852665869057;d5b3:0:0.19446054725658904
zskVk	a0-c2	2	3	6	f7h6:4:0.72126971822175;d5b7:0:0.522078114090291;f7d8:1:0.20206852665869057;d5b3:0:0.19446054725658904
zskVk	a0-c2	2	4	7	f7h6:5:0.6972537285332958;d5b7:0:0.522078114090291;f7d8:1:0.20206852665869057;d5b3:0:0.19446054725658904
zskVk	a0-c2	2	4	8	f7h6:6:0.6509827776542243;d5b7:0:0.522078114090291;f7d8:1:0.20206852665869057;d5b3:0:0.19446054725658904
zskVk	a0-c2	2	5	9	f7h6:6:0.6509827776542243;d5b7:0:0.522078114090291;f7d8:2:0.2305249187064541;d5b3:0:0.19446054725658904
zskVk	a0-c2	2	6	10	f7h6:6:0.6509827776542243;d5b7:1:0.6458761139621536;f7d8:2:0.2305249187064541;d5b3:0:0.19446054725658904
zskVk	a0-c2	2	6	11	f7h6:7:0.6591978062100777;d5b7:1:0.6458761139621536;f7d8:2:0.2305249187064541;d5b3:0:0.19446054725658904
zskVk	a0-c2	2	7	12	f7h6:8:0.6625983158891529;d5b7:1:0.6458761139621536;f7d8:2:0.2305249187064541;d5b3:0:0.19446054725658904
zskVk	a0-c2	2	7	13	f7h6:9:0.6539256190482073;d5b7:1:0.6458761139621536;f7d8:2:0.2305249187064541;d5b3:0:0.19446054725658904
zskVk	a0-c2	2	8	14	f7h6:9:0.6539256190482073;d5b7:2:0.6334561245167134;f7d8:2:0.2305249187064541;d5b3:0:0.19446054725658904
zskVk	a0-c2	2	8	15	f7h6:9:0.6539256190482073;d5b7:3:0.6311942382378644;f7d8:2:0.2305249187064541;d5b3:0:0.19446054725658904
zskVk	a0-c2	2	9	16	f7h6:10:0.6581729735171012;d5b7:3:0.6311942382378644;f7d8:2:0.2305249187064541;d5b3:0:0.19446054725658904
zskVk	a0-c2	2	10	17	f7h6:10:0.6581729735171012;d5b7:3:0.6311942382378644;f7d8:3:0.2808635867258782;d5b3:0:0.19446054725658904
zskVk	a0-c2	2	10	18	f7h6:10:0.6581729735171012;d5b7:3:0.6311942382378644;f7d8:4:0.33741836510435774;d5b3:0:0.19446054725658904
zskVk	a0-c2	2	11	19	f7h6:11:0.6984060318113581;d5b7:3:0.6311942382378644;f7d8:4:0.33741836510435774;d5b3:0:0.19446054725658904
zskVk	a0-c2	2	12	20	f7h6:15:0.6984060318113581;d5b7:3:0.6311942382378644;f7d8:4:0.33741836510435774;d5b3:0:0.19446054725658904
zskVk	a0-c2	2	12	21	f7h6:16:0.6987668505091161;d5b7:3:0.6311942382378644;f7d8:4:0.33741836510435774;d5b3:0:0.19446054725658904
zskVk	a0-c2	2	13	22	f7h6:19:0.6987668505091161;d5b7:3:0.6311942382378644;f7d8:4:0.33741836510435774;d5b3:1:0.2159972043443033
zskVk	a0-c2	2	13	23	f7h6:19:0.6987668505091161;d5b7:3:0.6311942382378644;f7d8:5:0.3135851386705801;d5b3:1:0.2159972043443033
zskVk	a0-c2	2	14	24	f7h6:20:0.6995482013868566;d5b7:3:0.6311942382378644;f7d8:5:0.3135851386705801;d5b3:1:0.2159972043443033
zskVk	a0-c2	2	15	25	f7h6:21:0.6994040092164527;d5b7:3:0.6311942382378644;f7d8:5:0.3135851386705801;d5b3:1:0.2159972043443033
zskVk	a0-c2	2	16	26	f7h6:23:0.6813720395347808;d5b7:3:0.6311942382378644;f7d8:5:0.3135851386705801;d5b3:1:0.2159972043443033
zskVk	a0-c2	2	17	27	f7h6:24:0.6799959068177988;d5b7:3:0.6311942382378644;f7d8:5:0.3135851386705801;d5b3:1:0.2159972043443033
zskVk	a0-c2	2	18	28	f7h6:25:0.6831657806190736;d5b7:3:0.6311942382378644;f7d8:5:0.3135851386705801;d5b3:1:0.2159972043443033
zskVk	a0-c2	2	18	29	f7h6:26:0.6831657806190736;d5b7:3:0.6311942382378644;f7d8:5:0.3135851386705801;d5b3:1:0.2159972043443033
zskVk	a0-c2	2	19	30	f7h6:26:0.6831657806190736;d5b7:4:0.6384928763857409;f7d8:5:0.3135851386705801;d5b3:1:0.2159972043443033
zskVk	a0-c2	2	19	31	f7h6:26:0.6831657806190736;d5b7:5:0.6587622921314147;f7d8:5:0.3135851386705801;d5b3:1:0.2159972043443033
zskVk	a0-c2	2	20	32	f7h6:26:0.6831657806190736;d5b7:5:0.6587622921314147;f7d8:6:0.31157204436052127;d5b3:1:0.2159972043443033
zskVk	a0-c2	2	20	33	f7h6:26:0.6831657806190736;d5b7:5:0.6587622921314147;f7d8:7:0.3157531885822641;d5b3:1:0.2159972043443033
zskVk	a0-c2	2	21	34	f7h6:27:0.6863121466033282;d5b7:5:0.6587622921314147;f7d8:7:0.3157531885822641;d5b3:1:0.2159972043443033
zskVk	a0-c2	2	21	35	f7h6:28:0.6889485170787666;d5b7:5:0.6587622921314147;f7d8:7:0.3157531885822641;d5b3:1:0.2159972043443033
zskVk	a0-c2	2	22	36	f7h6:33:0.6876299202661463;d5b7:5:0.6587622921314147;f7d8:7:0.3157531885822641;d5b3:1:0.2159972043443033
zskVk	a0-c2	2	22	37	f7h6:34:0.6888499617889171;d5b7:5:0.6587622921314147;f7d8:7:0.3157531885822641;d5b3:1:0.2159972043443033
zskVk	a0-c2	2	23	38	f7h6:35:0.6888499617889171;d5b7:6:0.649524907488575;f7d8:7:0.3157531885822641;d5b3:1:0.2159972043443033
zskVk	a0-c2	2	23	39	f7h6:35:0.6888499617889171;d5b7:7:0.6529172004690259;f7d8:7:0.3157531885822641;d5b3:1:0.2159972043443033
zskVk	a0-c2	2	24	40	f7h6:39:0.6884865580157136;d5b7:7:0.6529172004690259;f7d8:7:0.3157531885822641;d5b3:1:0.2159972043443033
zskVk	a0-c2	2	24	41	f7h6:40:0.6884636222946708;d5b7:7:0.6529172004690259;f7d8:7:0.3157531885822641;d5b3:1:0.2159972043443033
zskVk	a0-c2	2	25	42	f7h6:42:0.6884636222946708;d5b7:7:0.6529172004690259;f7d8:8:0.3102824286780751;d5b3:1:0.2159972043443033
zskVk	a0-c2	2	25	43	f7h6:42:0.6884636222946708;d5b7:7:0.6529172004690259;f7d8:9:0.30953600134687403;d5b3:1:0.2159972043443033
zskVk	a0-c2	2	26	44	f7h6:43:0.688187015587197;d5b7:7:0.6529172004690259;f7d8:9:0.30953600134687403;d5b3:1:0.2159972043443033
zskVk	a0-c2	2	26	45	f7h6:44:0.6882364165328559;d5b7:7:0.6529172004690259;f7d8:9:0.30953600134687403;d5b3:1:0.2159972043443033
zskVk	a0-c2	2	27	46	f7h6:47:0.688606101144104;d5b7:7:0.6529172004690259;f7d8:9:0.30953600134687403;d5b3:1:0.2159972043443033
zskVk	a0-c2	2	27	47	f7h6:48:0.6886077006624167;d5b7:7:0.6529172004690259;f7d8:9:0.30953600134687403;d5b3:1:0.2159972043443033
zskVk	a0-c2	2	28	48	f7h6:51:0.6886077006624167;d5b7:8:0.6513714761962414;f7d8:9:0.30953600134687403;d5b3:1:0.2159972043443033
zskVk	a0-c2	2	28	49	f7h6:51:0.6886077006624167;d5b7:9:0.6222287626327209;f7d8:9:0.30953600134687403;d5b3:1:0.2159972043443033
zskVk	a0-c2	2	29	50	f7h6:53:0.6887170059652756;d5b7:9:0.6222287626327209;f7d8:9:0.30953600134687403;d5b3:1:0.2159972043443033
