round	step	config	arm	dispatch_mode	started_at	finished_at	load1	probe_sf_ms	probe_maia_ms	probe_total_ms	rc	out_dir
1	1	stop-p4	a0	round	2026-10-02T15:43:17Z	2026-10-02T15:44:20Z	1.40	6914.2	5357.7	12271.9	0	r1/stop-p4/a0
1	2	stop-p4	a1	continuous	2026-10-02T15:44:49Z	2026-10-02T15:45:39Z	1.57	6742.0	5269.2	12011.2	0	r1/stop-p4/a1
1	3	t400-p4	a0	round	2026-10-02T15:46:07Z	2026-10-02T15:56:21Z	1.78	6711.0	5199.6	11910.6	0	r1/t400-p4/a0
1	4	t400-p4	a1	continuous	2026-10-02T15:56:34Z	2026-10-02T16:05:18Z	1.94	6503.1	5324.6	11827.7	0	r1/t400-p4/a1
1	5	t50-p2	a0	round	2026-10-02T16:05:47Z	2026-10-02T16:07:30Z	1.73	6656.0	5204.9	11860.8	0	r1/t50-p2/a0
1	6	t50-p2	a1	continuous	2026-10-02T16:07:43Z	2026-10-02T16:09:08Z	1.74	6709.5	5178.2	11887.6	0	r1/t50-p2/a1
1	7	t400-p2	a0	round	2026-10-02T16:09:21Z	2026-10-02T16:21:03Z	1.90	6721.5	5231.9	11953.4	0	r1/t400-p2/a0
1	8	t400-p2	a1	continuous	2026-10-02T16:21:16Z	2026-10-02T16:30:41Z	1.42	6539.1	5243.8	11782.9	0	r1/t400-p2/a1
2	9	t400-p4	a1	continuous	2026-10-02T16:30:55Z	2026-10-02T16:39:36Z	1.88	6651.1	5209.0	11860.1	0	r2/t400-p4/a1
2	10	t400-p4	a0	round	2026-10-02T16:40:05Z	2026-10-02T16:50:19Z	1.97	6856.0	5216.5	12072.5	0	r2/t400-p4/a0
2	11	t50-p2	a1	continuous	2026-10-02T16:50:32Z	2026-10-02T16:51:57Z	1.93	6505.9	5198.9	11704.8	0	r2/t50-p2/a1
2	12	t50-p2	a0	round	2026-10-02T16:52:10Z	2026-10-02T16:53:54Z	1.93	6701.2	5206.7	11907.9	0	r2/t50-p2/a0
2	13	t400-p2	a1	continuous	2026-10-02T16:54:07Z	2026-10-02T17:03:33Z	1.68	6690.4	5204.2	11894.6	0	r2/t400-p2/a1
2	14	t400-p2	a0	round	2026-10-02T17:04:17Z	2026-10-02T17:15:55Z	1.88	6791.6	5191.2	11982.9	0	r2/t400-p2/a0
2	15	stop-p4	a1	continuous	2026-10-02T17:16:39Z	2026-10-02T17:17:30Z	1.85	6782.3	5207.5	11989.7	0	r2/stop-p4/a1
2	16	stop-p4	a0	round	2026-10-02T17:18:28Z	2026-10-02T17:19:30Z	1.76	6687.6	5202.0	11889.6	0	r2/stop-p4/a0
3	17	t50-p2	a0	round	2026-10-02T17:19:58Z	2026-10-02T17:21:41Z	1.79	6657.2	5209.7	11866.9	0	r3/t50-p2/a0
3	18	t50-p2	a1	continuous	2026-10-02T17:21:55Z	2026-10-02T17:23:19Z	1.72	6668.6	5195.6	11864.2	0	r3/t50-p2/a1
3	19	t400-p2	a0	round	2026-10-02T17:24:03Z	2026-10-02T17:35:43Z	1.69	6582.6	5170.1	11752.8	0	r3/t400-p2/a0
3	20	t400-p2	a1	continuous	2026-10-02T17:35:56Z	2026-10-02T17:45:21Z	1.49	6679.0	5201.9	11880.8	0	r3/t400-p2/a1
3	21	stop-p4	a0	round	2026-10-02T17:45:34Z	2026-10-02T17:46:36Z	1.85	6636.2	5248.3	11884.4	0	r3/stop-p4/a0
3	22	stop-p4	a1	continuous	2026-10-02T17:46:49Z	2026-10-02T17:47:40Z	1.59	6604.0	5283.5	11887.6	0	r3/stop-p4/a1
3	23	t400-p4	a0	round	2026-10-02T17:48:09Z	2026-10-02T17:58:22Z	1.75	6692.6	5205.7	11898.3	0	r3/t400-p4/a0
3	24	t400-p4	a1	continuous	2026-10-02T17:59:06Z	2026-10-02T18:07:47Z	1.90	6642.6	5224.6	11867.2	0	r3/t400-p4/a1
