position	fen	dispatch_mode	nodes_evaluated_at_stop	stop_reason	wall_ms	maia_cpu_ms	maia_peak_inflight	maia_fifo	concurrency	max_nodes	elo	stop_rule	guard_window	first_expansions	exposure_snapshots	eligible_snapshots
italian	r1bqkb1r/pppp1ppp/2n2n2/4p3/2B1P3/5N2/PPPP1PPP/RNBQK2R w KQkq - 4 4	round	31	early-stop	4889	2787.6	1	true	4	50	1500	on	0.09	5	4	24
middlegame	r2q1rk1/pp1nbppp/2p1bn2/3p4/3P1B2/2N1PN2/PPQ1BPPP/R4RK1 w - - 6 11	round	50	budget	8343	4120.7	1	true	4	50	1500	on	0.09	11	5	43
sharp	r1bq1r1k/pp1nbppp/2p1p3/3pP3/3P4/2NB1N2/PPPQ1PPP/R3K2R w KQ - 2 11	round	15	early-stop	3357	1399.5	1	true	4	50	1500	on	0.09	5	0	8
endgame	8/2p5/3p4/KP5r/1R3p1k/8/4P1P1/8 w - - 0 1	round	8	early-stop	1626	888.3	1	true	4	50	1500	on	0.09	2	0	1
C50	r1bqk1nr/pppp1ppp/2n5/2b1p3/2B1P3/5N2/PPPP1PPP/RNBQK2R w KQkq - 4 4	round	15	early-stop	2641	1391.0	1	true	4	50	1500	on	0.09	5	5	8
C60	r1bqkbnr/pppp1ppp/2n5/1B2p3/4P3/5N2/PPPP1PPP/RNBQK2R b KQkq - 3 3	round	25	early-stop	3928	2048.4	1	true	4	50	1500	on	0.09	6	9	18
C70	r1bqkbnr/1ppp1ppp/p1n5/4p3/B3P3/5N2/PPPP1PPP/RNBQK2R b KQkq - 1 4	round	10	early-stop	2720	1087.7	1	true	4	50	1500	on	0.09	4	0	3
C45	r1bqkbnr/pppp1ppp/2n5/4p3/3PP3/5N2/PPP2PPP/RNBQKB1R b KQkq - 0 3	round	8	early-stop	1141	652.3	1	true	4	50	1500	on	0.09	3	0	1
C42	rnbqkb1r/pppp1ppp/5n2/4p3/4P3/5N2/PPPP1PPP/RNBQKB1R w KQkq - 2 3	round	24	early-stop	3010	2066.2	1	true	4	50	1500	on	0.09	4	0	17
C47	r1bqkb1r/pppp1ppp/2n2n2/4p3/4P3/2N2N2/PPPP1PPP/R1BQKB1R w KQkq - 4 4	round	50	budget	5895	4105.6	1	true	4	50	1500	on	0.09	5	9	43
C25	rnbqkbnr/pppp1ppp/8/4p3/4P3/2N5/PPPP1PPP/R1BQKBNR b KQkq - 1 2	round	50	budget	5984	3921.7	1	true	4	50	1500	on	0.09	6	7	43
C30	rnbqkbnr/pppp1ppp/8/4p3/4PP2/8/PPPP2PP/RNBQKBNR b KQkq - 0 2	round	10	early-stop	2290	1067.1	1	true	4	50	1500	on	0.09	4	0	3
B50	rnbqkbnr/pp2pppp/3p4/2p5/4P3/5N2/PPPP1PPP/RNBQKB1R w KQkq - 0 3	round	50	budget	5808	4018.0	1	true	4	50	1500	on	0.09	7	6	43
B90	rnbqkb1r/1p2pppp/p2p1n2/8/3NP3/2N5/PPP2PPP/R1BQKB1R w KQkq - 0 6	round	16	early-stop	3626	1388.9	1	true	4	50	1500	on	0.09	8	8	9
B70	rnbqkb1r/pp2pp1p/3p1np1/8/3NP3/2N5/PPP2PPP/R1BQKB1R w KQkq - 0 6	round	50	budget	6090	3797.7	1	true	4	50	1500	on	0.09	8	3	43
C00	rnbqkbnr/pppp1ppp/4p3/8/4P3/8/PPPP1PPP/RNBQKBNR w KQkq - 0 2	round	50	budget	6798	4089.8	1	true	4	50	1500	on	0.09	6	7	43
