position	position_set	hash_mode	split_source	k	n_candidates	single_ms	split_wall_ms	split_cpu_ms	mean_abs_dcp	max_abs_dcp	mean_abs_des	max_abs_des	noise_mean_abs_des	noise_max_abs_des	root_argmax_flip
italian	throughput	clear	pool	4	5	888.4	271.8		10.20	16.00	0.009376	0.014673			false
middlegame	throughput	clear	pool	4	11	769.5	259.4		6.18	12.00	0.005665	0.010970			false
sharp	throughput	clear	pool	4	5	522.0	229.8		4.80	9.00	0.004409	0.008274			false
endgame	throughput	clear	pool	2	2	441.1	170.8		18.50	26.00	0.016996	0.023886			false
C50	throughput	clear	pool	4	5	512.6	258.7		5.20	15.00	0.004781	0.013796			false
C60	throughput	clear	pool	4	6	500.6	175.2		5.00	14.00	0.004559	0.012751			false
C70	throughput	clear	pool	4	4	806.6	123.9		9.50	13.00	0.008675	0.011903			false
C45	throughput	clear	pool	3	3	165.1	31.6		4.00	8.00	0.003635	0.007253			false
C42	throughput	clear	pool	4	4	348.3	104.3		11.00	14.00	0.010105	0.012886			false
C47	throughput	clear	pool	4	5	270.9	151.6		9.80	22.00	0.009010	0.020244			false
C25	throughput	clear	pool	4	6	468.4	123.8		7.33	18.00	0.006701	0.016393			true
C30	throughput	clear	pool	4	5	755.0	227.7		10.60	17.00	0.009735	0.015647			false
B50	throughput	clear	pool	4	7	403.1	118.4		7.14	17.00	0.006550	0.015513			false
B90	throughput	clear	pool	4	8	648.8	209.5		9.50	21.00	0.008700	0.019268			true
B70	throughput	clear	pool	4	8	896.4	356.9		5.38	22.00	0.004923	0.020122			false
C00	throughput	clear	pool	4	6	359.8	157.8		9.83	24.00	0.009015	0.021981			true
g687537-p46	fixture	clear	pool	3	3	77.7	144.2		21.33	45.00	0.012559	0.029264			false
g687537-p48	fixture	clear	pool	4	4	74.8	91.4		32.50	72.00	0.012065	0.026724			false
qFkqJ	fixture	clear	pool	2	2	40.1	112.5		89.00	89.00	0.038091	0.076182			false
3pyT9	fixture	clear	pool	4	7	143.0	137.4		13.33	36.00	0.009492	0.030665			false
Mhfvi	fixture	clear	pool	4	10	1032.7	290.8		61.40	295.00	0.019029	0.052174			false
qRvUi	fixture	clear	pool	4	9	154.1	58.6		103.00	146.00	0.018670	0.037600			false
mWhzd	fixture	clear	pool	4	4	420.1	148.2		10.50	28.00	0.009409	0.025090			true
I3vZ1	fixture	clear	pool	4	4	36.6	83.6		23.50	44.00	0.009943	0.038508			false
WwKKM	fixture	clear	pool	3	3	133.6	62.2		71.67	204.00	0.049221	0.143509			false
cBFTV	fixture	clear	pool	4	4	54.3	201.4		119.00	193.00	0.048535	0.116992			false
RKFRP	fixture	clear	pool	4	6	153.0	117.3		81.60	161.00	0.027231	0.076536			false
zskVk	fixture	clear	pool	4	4	481.8	285.5		12.00	20.00	0.121214	0.459804			true
ai7Rr	fixture	clear	pool	4	5	12.6	50.3		190.00	190.00	0.020164	0.100822			false
HEzVd	fixture	clear	pool	1	1	112.6	116.8		0.00	0.00	0.000000	0.000000			false
zaQIw	fixture	clear	pool	2	2	7.9	48.4		50.00	50.00	0.022990	0.045981			false
ouSAP	fixture	clear	pool	2	2	11.2	23.1		32.00	32.00	0.014073	0.028146			false
Te6Lv	fixture	clear	pool	4	6	159.5	195.6		19.17	57.00	0.015815	0.049727			false
KcTsU	fixture	clear	pool	4	12	313.2	153.0		20.27	50.00	0.012594	0.034514			false
iJIpG	fixture	clear	pool	4	4	27.5	43.8		46.00	139.00	0.034459	0.114766			false
EP3LW	fixture	clear	pool	3	3	14.3	41.0		68.50	98.00	0.034211	0.075126			false
ua6hz	fixture	clear	pool	4	4	54.6	74.0		46.50	87.00	0.031858	0.058579			false
F7p93	fixture	clear	pool	3	3	51.3	111.3		72.50	120.00	0.033405	0.078698			false
EkXo3	fixture	clear	pool	2	2	25.1	27.1		17.50	20.00	0.013619	0.013893			false
y2ZGO	fixture	clear	pool	1	1	16.1	16.0		0.00	0.00	0.000000	0.000000			false
D1Zix	fixture	clear	pool	2	2	74.8	30.7		29.50	57.00	0.025548	0.049768			false
pE5Z7	fixture	clear	pool	4	5	145.1	77.8		11.20	31.00	0.005985	0.013691			false
K4iAf	fixture	clear	pool	4	8	183.7	139.6		62.57	227.00	0.042023	0.153580			false
ntJ5r	fixture	clear	pool	4	5	59.2	130.6		16.80	37.00	0.011071	0.016563			false
C5VbF	fixture	clear	pool	2	2	28.7	28.8		12.50	20.00	0.007343	0.010106			false
Wqjqm	fixture	clear	pool	2	2	32.8	74.0		119.00	119.00	0.039364	0.078729			false
sGJo8	fixture	clear	pool	2	2	5.0	5.7		0.00	0.00	0.000000	0.000000			false
Ygkmh	fixture	clear	pool	4	5	55.8	68.1		23.60	87.00	0.005258	0.015643			false
ROOfK	fixture	clear	pool	3	3	18.1	107.0		52.00	53.00	0.026344	0.040821			false
2xnRD	fixture	clear	pool	3	3	111.9	165.7		22.67	32.00	0.018787	0.029431			false
UsDoo	fixture	clear	pool	2	2	25.7	39.4		8.00	8.00	0.003678	0.007356			false
jMLh2	fixture	clear	pool	2	2	7.9	41.4		166.00	166.00	0.021884	0.043768			false
n9Bwp	fixture	clear	pool	4	4	49.9	34.0		20.00	22.00	0.009278	0.015058			false
NJCWY	fixture	clear	pool	3	3	24.2	20.9		4.33	13.00	0.003169	0.009508			false
lUYgC	fixture	clear	pool	3	3	68.4	37.8		39.00	67.00	0.009743	0.019458			false
Vqy3U	fixture	clear	pool	4	9	157.9	260.8		16.00	37.00	0.014072	0.032554			false
GZOoY	fixture	clear	pool	3	3	30.9	23.9		10.00	20.00	0.164617	0.475447			false
F44YQ	fixture	clear	pool	1	1	5.7	5.4		0.00	0.00	0.000000	0.000000			false
dNy7w	fixture	clear	pool	4	6	44.8	103.2		201.67	302.00	0.030188	0.076628			false
LNOES	fixture	clear	pool	1	1	37.9	36.8		0.00	0.00	0.000000	0.000000			false
JhR8O	fixture	clear	pool	4	5	98.4	52.7		20.00	37.00	0.015319	0.026328			false
Q2XYD	fixture	clear	pool	4	4	100.0	71.2		98.67	130.00	0.034873	0.084247			false
Dj8iG	fixture	clear	pool	4	4	38.3	387.4		33.00	57.00	0.022710	0.052340			false
EGp4n	fixture	clear	pool	3	3	81.0	103.8		8.33	14.00	0.007258	0.012877			false
GkPns	fixture	clear	pool	4	4	331.0	411.2		168.00	320.00	0.099641	0.203970			false
5UAYm	fixture	clear	pool	4	5	227.2	211.0		94.75	158.00	0.047997	0.125003			false
RrAGZ	fixture	clear	pool	4	4	208.1	94.9		35.25	69.00	0.009602	0.013772			false
Br0Cz	fixture	clear	pool	2	2	89.1	85.0		57.00	99.00	0.045580	0.083703			false
3MGtq	fixture	clear	pool	4	4	57.9	35.1		16.33	27.00	0.010603	0.024298			false
mg188	fixture	clear	pool	4	12	120.8	301.3		47.82	204.00	0.031901	0.120411			false
TVcIR	fixture	clear	pool	1	1	37.7	37.4		0.00	0.00	0.000000	0.000000			false
jp6rg	fixture	clear	pool	1	1	31.8	31.9		0.00	0.00	0.000000	0.000000			false
9i2t1	fixture	clear	pool	4	5	346.8	144.2		172.00	452.00	0.058740	0.278100			true
PJJZv	fixture	clear	pool	3	3	55.5	43.5		11.33	17.00	0.008732	0.013271			false
I5p0a	fixture	clear	pool	3	3	80.7	297.4		22.00	52.00	0.013364	0.032701			false
W7T4K	fixture	clear	pool	4	4	40.5	93.7		73.00	167.00	0.037530	0.064181			false
