row_id,game_id,ply,orientation,pre_flaw_fen,push_move_uci,pv,san_line,motif,motif_name,depth,solver_color,eval_at_firing,label,rationale,board_url,analysis_url
0001,1430309,14,allowed,r1bqr1k1/pppnppbp/3p1np1/8/3P1B2/2PBPN2/PP3PPP/RN1Q1RK1 w - - 5 8,a2a4,e7e5 f4g5 e5e4 d3c2 e4f3 d1f3 h7h6 g5h4 d7f8 b1d2 d6d5 f3d1,e5 Bg5 [e4] Bc2 exf3 Qxf3 h6 Bh4 Nf8 Nd2 d5 Qd1,1,fork,2,black,344,real,Solver is winning (344cp) at the firing node on an already-high-precision motif; the geometry is genuinely present and exploitable.,https://lichess.org/analysis/standard/r1bqr1k1/pppnppbp/3p1np1/8/3P1B2/2PBPN2/PP3PPP/RN1Q1RK1_w_-_-_5_8,https://flawchess.com/analysis?game_id=1430309&ply=14
0002,2377178,58,allowed,5r1r/2kbn3/pp3b2/3ppP2/7p/1NPP2PP/PP2N1BK/3R1R2 w - - 2 30,b3d2,e7f5 g3g4 f5e3 h2h1 e3f1 d1f1 f6g5 d2f3 g5e3 f1d1 c7d6 d1e1,Nxf5 g4 [Ne3] Kh1 Nxf1 Rxf1 Bg5 Nf3 Be3 Rd1 Kd6 Re1,1,fork,2,black,246,real,Solver is winning (246cp) at the firing node on an already-high-precision motif; the geometry is genuinely present and exploitable.,https://lichess.org/analysis/standard/5r1r/2kbn3/pp3b2/3ppP2/7p/1NPP2PP/PP2N1BK/3R1R2_w_-_-_2_30,https://flawchess.com/analysis?game_id=2377178&ply=58
0003,2233155,69,missed,Q2r1r2/p1k4p/1q6/4p3/8/1PN5/P1P3PP/3R3K w - - 3 35,d1d8,f8f1,[Rf1#],7,back-rank-mate,0,black,M1,real,"Forced mate (M1) for the solver at the firing node — a clearly winning, genuine tactic.",https://lichess.org/analysis/standard/Q2r1r2/p1k4p/1q6/4p3/8/1PN5/P1P3PP/3R3K_w_-_-_3_35,https://flawchess.com/analysis?game_id=2233155&ply=68
0004,1222786,55,allowed,3r1rk1/1p3pp1/pqp1p1bp/4P3/2Q2n2/1P3B1P/P4PP1/2RRB1K1 b - - 5 28,b6b5,c4f4 d8d3 d1d3 b5d3 e1a5 d3b5 a5b4 f8d8 b4d6 b5d3 c1d1 d3c2,[Qxf4] Rd3 Rxd3 Qxd3 Ba5 Qb5 Bb4 Rd8 Bd6 Qd3 Rd1 Qc2,2,hanging-piece,0,white,451,real,Solver is winning (451cp) at the firing node on an already-high-precision motif; the geometry is genuinely present and exploitable.,https://lichess.org/analysis/standard/3r1rk1/1p3pp1/pqp1p1bp/4P3/2Q2n2/1P3B1P/P4PP1/2RRB1K1_b_-_-_5_28,https://flawchess.com/analysis?game_id=1222786&ply=55
0005,475348,28,allowed,rn2kb2/pp2p1p1/2pp1pr1/7p/B2PP3/2NQ3q/PPP2P1N/R4RK1 w q - 2 15,h2g4,g6g4 d3g3 g4g3 f2g3 h3g3 g1h1 b8d7 a4b3 g3h3 h1g1 g7g6 f1f2,[Rxg4+] Qg3 Rxg3+ fxg3 Qxg3+ Kh1 Nd7 Bb3 Qh3+ Kg1 g6 Rf2,2,hanging-piece,0,black,611,real,Solver is winning (611cp) at the firing node on an already-high-precision motif; the geometry is genuinely present and exploitable.,https://lichess.org/analysis/standard/rn2kb2/pp2p1p1/2pp1pr1/7p/B2PP3/2NQ3q/PPP2P1N/R4RK1_w_q_-_2_15,https://flawchess.com/analysis?game_id=475348&ply=28
0006,2168665,64,missed,7r/p7/6r1/3Npkq1/5N2/3Q1pP1/PPP2P2/2KR4 b - - 8 32,e5e4,d5e3 f5f6 d3c3 g5e5 d1d6 f6f7 d6d7 e5e7 d7e7 f7e7 c3c7 e7e8,Ne3+ Kf6 Qc3+ Qe5 [Rd6+] Kf7 Rd7+ Qe7 Rxe7+ Kxe7 Qc7+ Ke8,3,pin,4,white,M7,real,"Forced mate (M7) for the solver at the firing node — a clearly winning, genuine tactic.",https://lichess.org/analysis/standard/7r/p7/6r1/3Npkq1/5N2/3Q1pP1/PPP2P2/2KR4_b_-_-_8_32,https://flawchess.com/analysis?game_id=2168665&ply=63
0007,1405857,48,missed,4r2k/pp2Nqp1/7B/2Q5/3n4/7P/P1P3P1/R3R1K1 b - - 0 24,f7f6,c5h5 f6e7 h6g5 h8g8 g5e7 e8c8 h5d5 g8h7 d5d4 c8c6 d4h4 h7g6,Qh5 Qxe7 [Bg5+] Kg8 Bxe7 Rc8 Qd5+ Kh7 Qxd4 Rc6 Qh4+ Kg6,25,discovered-check,2,white,M8,real,"Forced mate (M8) for the solver at the firing node — a clearly winning, genuine tactic.",https://lichess.org/analysis/standard/4r2k/pp2Nqp1/7B/2Q5/3n4/7P/P1P3P1/R3R1K1_b_-_-_0_24,https://flawchess.com/analysis?game_id=1405857&ply=47
0008,1939841,75,missed,3q1k2/p2b3p/6p1/5pN1/2p2P1P/8/n2K4/1R6 w - - 0 38,b1b2,d7a4 d2e1 d8d1 e1f2 d1d4 f2f1 d4b2 h4h5 c4c3 g5e6 f8e7 e6d4,[Ba4+] Ke1 Qd1+ Kf2 Qd4+ Kf1 Qxb2 h5 c3 Ne6+ Ke7 Nd4,25,discovered-check,0,black,M10,real,"Forced mate (M10) for the solver at the firing node — a clearly winning, genuine tactic.",https://lichess.org/analysis/standard/3q1k2/p2b3p/6p1/5pN1/2p2P1P/8/n2K4/1R6_w_-_-_0_38,https://flawchess.com/analysis?game_id=1939841&ply=74
0009,1887731,50,missed,2r4r/1p2kp2/pq3n2/3PQ2P/8/1N6/PPP2p2/1K1R4 b - - 0 25,e7f8,d5d6 h8h5 e5f6 c8e8 f6f3 h5h6 f3f4 h6g6 f4h4 b6d6 h4h8 f8e7,d6 Rxh5 [Qxf6] Re8 Qf3 Rh6 Qf4 Rg6 Qh4 Qxd6 Qh8+ Ke7,13,interference,2,white,-403,incidental,Solver losing (-403cp) at the firing node; the interposing move does not rescue the position.,https://lichess.org/analysis/standard/2r4r/1p2kp2/pq3n2/3PQ2P/8/1N6/PPP2p2/1K1R4_b_-_-_0_25,https://flawchess.com/analysis?game_id=1887731&ply=49
0010,1227897,79,missed,8/8/2P1r1nR/1P4p1/3B1p2/P1K2k1P/8/8 w - - 0 40,c6c7,e6e1 h6g6 e1c1 c3d3 c1c7 g6g5 c7c8 b5b6 c8a8 d4c5 a8d8 d3c4,Re1 Rxg6 [Rc1+] Kd3 Rxc7 Rxg5 Rc8 b6 Ra8 Bc5 Rd8+ Kc4,17,sacrifice,2,black,-568,incidental,Solver (mover) is losing (-568cp) at the firing node; the 'missed' alternative was not actually good either.,https://lichess.org/analysis/standard/8/8/2P1r1nR/1P4p1/3B1p2/P1K2k1P/8/8_w_-_-_0_40,https://flawchess.com/analysis?game_id=1227897&ply=78
0011,1874988,35,missed,2kr1br1/1ppqn2p/1p1p4/4p2n/4P3/2PQ3N/P2N1PP1/R1B2RK1 w - - 0 18,d2c4,d7g4 h3g5 h5f4 c1f4 e5f4 d3h3 g8g5 h3g4 g5g4 a2a4 f4f3 a4a5,Qg4 Ng5 Nf4 Bxf4 exf4 Qh3 [Rxg5] Qxg4+ Rxg4 a4 f3 a5,16,capturing-defender,6,black,515,real,Solver is winning (515cp) at the firing node on an already-high-precision motif; the geometry is genuinely present and exploitable.,https://lichess.org/analysis/standard/2kr1br1/1ppqn2p/1p1p4/4p2n/4P3/2PQ3N/P2N1PP1/R1B2RK1_w_-_-_0_18,https://flawchess.com/analysis?game_id=1874988&ply=34
0012,2345386,56,missed,1r4k1/1pR2R2/2n2p1p/p2Np3/8/4P3/Pr4PP/6K1 b - - 4 28,b2a2,d5f6 g8h8 f7h7,Nxf6+ Kh8 [Rh7#],21,arabian-mate,2,white,M1,real,"Forced mate (M1) for the solver at the firing node — a clearly winning, genuine tactic.",https://lichess.org/analysis/standard/1r4k1/1pR2R2/2n2p1p/p2Np3/8/4P3/Pr4PP/6K1_b_-_-_4_28,https://flawchess.com/analysis?game_id=2345386&ply=55
0013,699467,49,allowed,8/2p1kp1p/p3p3/2PP4/4Q3/7P/P1P2r1q/1K1RR3 b - - 0 25,h2h3,d5d6 c7d6 c5d6 e7f6 d6d7 h3g3 d7d8q f6g7 e1g1 f2g2 g1g2 g3g6,d6+ cxd6 cxd6+ Kf6 d7 Qg3 d8=Q+ Kg7 [Rg1] Rg2 Rxg2 Qg6,3,pin,8,white,M5,real,"Forced mate (M5) for the solver at the firing node — a clearly winning, genuine tactic.",https://lichess.org/analysis/standard/8/2p1kp1p/p3p3/2PP4/4Q3/7P/P1P2r1q/1K1RR3_b_-_-_0_25,https://flawchess.com/analysis?game_id=699467&ply=49
0014,1560532,27,allowed,rn2k2r/4nppp/p1p1p3/1p6/1b1q4/2N2B2/PPPBQPPP/R3R1K1 b kq - 3 14,e7d5,c3d5 c6d5 c2c3 d4c4 c3b4 c4e2 f3e2 b8c6 e1c1 e8d7 d2c3 e6e5,[Nxd5] cxd5 c3 Qc4 cxb4 Qxe2 Bxe2 Nc6 Rec1 Kd7 Bc3 e5,3,pin,0,white,436,real,Solver is winning (436cp) at the firing node on an already-high-precision motif; the geometry is genuinely present and exploitable.,https://lichess.org/analysis/standard/rn2k2r/4nppp/p1p1p3/1p6/1b1q4/2N2B2/PPPBQPPP/R3R1K1_b_kq_-_3_14,https://flawchess.com/analysis?game_id=1560532&ply=27
0015,1434990,43,allowed,r1b1rnk1/1p5p/p1p3p1/2Ppq3/1P1N1p2/P3PB1P/2Q2PP1/4RRK1 b - - 1 22,f4e3,e1e3 e5d4 e3e8 c8f5 c2e2 a8e8 e2e8 d4c3 e8e7 f8e6 f3g4 f5g4,Rxe3 Qxd4 [Rxe8] Bf5 Qe2 Rxe8 Qxe8 Qc3 Qe7 Ne6 Bg4 Bxg4,4,skewer,2,white,394,real,Solver is winning (394cp) at the firing node on an already-high-precision motif; the geometry is genuinely present and exploitable.,https://lichess.org/analysis/standard/r1b1rnk1/1p5p/p1p3p1/2Ppq3/1P1N1p2/P3PB1P/2Q2PP1/4RRK1_b_-_-_1_22,https://flawchess.com/analysis?game_id=1434990&ply=43
0016,1876743,26,allowed,rn1q1rk1/pbp2ppp/1p2p3/8/2QP4/2B2PN1/PP4PP/R3K2R w KQ - 1 14,e1g1,b7a6 c4a4 a6f1 d4d5 f1d3 d5e6 f7e6 g3h5 d8d7 a4h4 b8c6 c3g7,Ba6 Qa4 [Bxf1] d5 Bd3 dxe6 fxe6 Nh5 Qd7 Qh4 Nc6 Bxg7,4,skewer,2,black,354,real,Solver is winning (354cp) at the firing node on an already-high-precision motif; the geometry is genuinely present and exploitable.,https://lichess.org/analysis/standard/rn1q1rk1/pbp2ppp/1p2p3/8/2QP4/2B2PN1/PP4PP/R3K2R_w_KQ_-_1_14,https://flawchess.com/analysis?game_id=1876743&ply=26
0017,672432,25,allowed,r1bqnrk1/pp3pbp/6p1/2nNp1PP/2B5/P2P1N2/1PP2P2/R1BQK2R b KQ - 0 13,f7f6,d5e7 g8h8 e7g6 h7g6 h5g6 c8h3 f3d2 g7h6 d1h5 c5d3 c2d3 h3e6,[Ne7+] Kh8 Nxg6+ hxg6 hxg6+ Bh3 Nd2 Bh6 Qh5 Nxd3+ cxd3 Be6,5,double-check,0,white,M9,real,"Forced mate (M9) for the solver at the firing node — a clearly winning, genuine tactic.",https://lichess.org/analysis/standard/r1bqnrk1/pp3pbp/6p1/2nNp1PP/2B5/P2P1N2/1PP2P2/R1BQK2R_b_KQ_-_0_13,https://flawchess.com/analysis?game_id=672432&ply=25
0018,472270,30,allowed,r3k2r/pp2qp1p/2b3p1/3Qn3/8/5P2/PPP3PP/R3KBNR w KQkq - 1 16,d5d2,e5f3 e1f2 f3d2 a1e1 d2e4 e1e4 e7e4 g1f3 e4c2 f2g3 e8g8 h2h4,[Nxf3+] Kf2 Nxd2 Re1 Ne4+ Rxe4 Qxe4 Nf3 Qxc2+ Kg3 O-O h4,5,double-check,0,black,882,real,Solver is winning (882cp) at the firing node on an already-high-precision motif; the geometry is genuinely present and exploitable.,https://lichess.org/analysis/standard/r3k2r/pp2qp1p/2b3p1/3Qn3/8/5P2/PPP3PP/R3KBNR_w_KQkq_-_1_16,https://flawchess.com/analysis?game_id=472270&ply=30
0019,2329310,32,allowed,1r1qk2r/3n1pbp/p5p1/3B4/Q2P4/8/PP1B1P1P/R3K1N1 w Qk - 1 17,e1c1,e8g8 d5b3 d7b6 a4a6 d8d4 d2c3 d4f4 c1c2 g7c3 b2c3 f8d8 d1d8,O-O Bb3 Nb6 [Qxa6] Qxd4 Bc3 Qf4+ Kc2 Bxc3 bxc3 Rfd8 Rxd8+,6,discovered-attack,3,black,398,real,Solver is winning (398cp) at the firing node on an already-high-precision motif; the geometry is genuinely present and exploitable.,https://lichess.org/analysis/standard/1r1qk2r/3n1pbp/p5p1/3B4/Q2P4/8/PP1B1P1P/R3K1N1_w_Qk_-_1_17,https://flawchess.com/analysis?game_id=2329310&ply=32
0020,550367,16,allowed,r2q1rk1/pppnnpbp/3pb1p1/4p3/4P3/1PNP1N1P/P1P1BPP1/R1BQ1RK1 w - - 1 9,c3d5,e6d5 e4d5 e5e4 d3e4 g7a1 f3d4 c7c5 d4b5 a1g7 b5d6 d7e5 d6c4,Bxd5 exd5 e4 [dxe4] Bxa1 Nd4 c5 Nb5 Bg7 Nxd6 Ne5 Nc4,6,discovered-attack,3,black,288,real,Solver is winning (288cp) at the firing node on an already-high-precision motif; the geometry is genuinely present and exploitable.,https://lichess.org/analysis/standard/r2q1rk1/pppnnpbp/3pb1p1/4p3/4P3/1PNP1N1P/P1P1BPP1/R1BQ1RK1_w_-_-_1_9,https://flawchess.com/analysis?game_id=550367&ply=16
0021,2374305,28,missed,2kr3r/pp1nbppp/2p1p3/8/P1BPQB2/1Pq4P/2P2PP1/R4RK1 b - - 0 14,e7f6,e4c6 b7c6 c4a6,Qxc6+ bxc6 [Ba6#],22,boden-mate,2,white,M1,real,"Forced mate (M1) for the solver at the firing node — a clearly winning, genuine tactic.",https://lichess.org/analysis/standard/2kr3r/pp1nbppp/2p1p3/8/P1BPQB2/1Pq4P/2P2PP1/R4RK1_b_-_-_0_14,https://flawchess.com/analysis?game_id=2374305&ply=27
0022,1564222,38,allowed,2kr1r2/ppp3Q1/1q5p/4R3/8/2BP4/PPP2PPP/R5K1 w - - 1 20,g7h6,b6f2 g1h1 f2f1 a1f1 f8f1,Qxf2+ Kh1 Qf1+ Rxf1 [Rxf1#],7,back-rank-mate,4,black,M1,real,"Forced mate (M1) for the solver at the firing node — a clearly winning, genuine tactic.",https://lichess.org/analysis/standard/2kr1r2/ppp3Q1/1q5p/4R3/8/2BP4/PPP2PPP/R5K1_w_-_-_1_20,https://flawchess.com/analysis?game_id=1564222&ply=38
0023,2395346,41,allowed,r4k1r/p3npp1/2nQ3p/1p1Rp1q1/8/7P/PPP2PP1/4R1K1 b - - 4 21,a8d8,d6d8 c6d8 d5d8,Qxd8+ Nxd8 [Rxd8#],7,back-rank-mate,2,white,M1,real,"Forced mate (M1) for the solver at the firing node — a clearly winning, genuine tactic.",https://lichess.org/analysis/standard/r4k1r/p3npp1/2nQ3p/1p1Rp1q1/8/7P/PPP2PP1/4R1K1_b_-_-_4_21,https://flawchess.com/analysis?game_id=2395346&ply=41
0024,2273843,16,allowed,rn2k1nr/ppp1pNbp/3p2p1/8/4PP2/8/PPPPB1qP/RNBK3R w kq - 0 9,f7h8,g2h1 e2f1 h1f1,Qxh1+ Bf1 [Qxf1#],8,mate,2,black,M1,real,"Forced mate (M1) for the solver at the firing node — a clearly winning, genuine tactic.",https://lichess.org/analysis/standard/rn2k1nr/ppp1pNbp/3p2p1/8/4PP2/8/PPPPB1qP/RNBK3R_w_kq_-_0_9,https://flawchess.com/analysis?game_id=2273843&ply=16
0025,766771,52,allowed,4Q3/6k1/pp1p1qpp/2pP4/2P2b2/5B1P/P5P1/7K w - - 0 27,e8b8,f6a1 f3d1 a1d1,Qa1+ Bd1 [Qxd1#],8,mate,2,black,M1,real,"Forced mate (M1) for the solver at the firing node — a clearly winning, genuine tactic.",https://lichess.org/analysis/standard/4Q3/6k1/pp1p1qpp/2pP4/2P2b2/5B1P/P5P1/7K_w_-_-_0_27,https://flawchess.com/analysis?game_id=766771&ply=52
0026,1533624,29,missed,r2r2k1/pp2ppbp/2q3p1/8/8/3QBP2/PPP3PP/2KR3R w - - 1 15,d3d8,c6e8 d8e8 a8e8 e3a7 e8a8 a7e3 h7h5 c1b1 a8a5 c2c3 h5h4 d1d8,Qe8 Qxe8+ [Rxe8] Bxa7 Ra8 Be3 h5 Kb1 Ra5 c3 h4 Rd8+,12,x-ray,2,black,-622,incidental,Solver losing (-622cp) at the firing node.,https://lichess.org/analysis/standard/r2r2k1/pp2ppbp/2q3p1/8/8/3QBP2/PPP3PP/2KR3R_w_-_-_1_15,https://flawchess.com/analysis?game_id=1533624&ply=28
0027,1588086,65,allowed,6k1/pp6/1b2q1r1/1P1p4/3P2P1/P3p3/8/2RQK2R b - - 1 33,g6g4,d1f3 e3e2 c1c8 e6c8 f3d5 g8g7 d5e5 g7g6 e5h5 g6f6 h5e5,Qf3 e2 Rc8+ Qxc8 [Qxd5+] Kg7 Qe5+ Kg6 Qh5+ Kf6 Qe5+,9,deflection,4,white,0,real,Solver is winning (0cp) at the firing node on an already-high-precision motif; the geometry is genuinely present and exploitable.,https://lichess.org/analysis/standard/6k1/pp6/1b2q1r1/1P1p4/3P2P1/P3p3/8/2RQK2R_b_-_-_1_33,https://flawchess.com/analysis?game_id=1588086&ply=65
0028,875884,61,allowed,4R3/pr4k1/3Q1bp1/q1p2p2/P7/1P6/N1P3PP/7K b - - 0 31,a5c7,d6f8 g7h7 f8f6 c7g7 f6h4 g7h6 e8h8 h7h8 h4h6 h8g8 h6g6 b7g7,Qf8+ Kh7 [Qxf6] Qg7 Qh4+ Qh6 Rh8+ Kxh8 Qxh6+ Kg8 Qxg6+ Rg7,9,deflection,2,white,757,real,Solver is winning (757cp) at the firing node on an already-high-precision motif; the geometry is genuinely present and exploitable.,https://lichess.org/analysis/standard/4R3/pr4k1/3Q1bp1/q1p2p2/P7/1P6/N1P3PP/7K_b_-_-_0_31,https://flawchess.com/analysis?game_id=875884&ply=61
0029,2144956,5,allowed,r1bqkbnr/pppnpppp/3p4/8/2B1P3/5N2/PPPP1PPP/RNBQK2R b KQkq - 3 3,g7g6,c4f7 e8f7 f3g5 f7e8 g5e6 b7b6 e6d8 e8d8 e1g1 c8a6 d2d3 f8g7,[Bxf7+] Kxf7 Ng5+ Ke8 Ne6 b6 Nxd8 Kxd8 O-O Ba6 d3 Bg7,10,attraction,0,white,430,real,Solver is winning (430cp) at the firing node on an already-high-precision motif; the geometry is genuinely present and exploitable.,https://lichess.org/analysis/standard/r1bqkbnr/pppnpppp/3p4/8/2B1P3/5N2/PPPP1PPP/RNBQK2R_b_KQkq_-_3_3,https://flawchess.com/analysis?game_id=2144956&ply=5
0030,2044661,40,allowed,4rrk1/ppp2pp1/3p3p/6n1/2B1P1b1/P1PPQ1P1/3NqP1K/R4R2 w - - 3 21,a1e1,e2d2 e3d2 g5f3 h2g2 f3d2 f2f3 d2f1 f3g4 f1d2 c4a2 c7c6 e1e2,[Qxd2] Qxd2 Nf3+ Kg2 Nxd2 f3 Nxf1 fxg4 Nd2 Ba2 c6 Re2,10,attraction,0,black,554,real,Solver is winning (554cp) at the firing node on an already-high-precision motif; the geometry is genuinely present and exploitable.,https://lichess.org/analysis/standard/4rrk1/ppp2pp1/3p3p/6n1/2B1P1b1/P1PPQ1P1/3NqP1K/R4R2_w_-_-_3_21,https://flawchess.com/analysis?game_id=2044661&ply=40
0031,1920119,13,allowed,rnbqk2r/ppp1bp2/4pn1p/3p4/3P2PB/2P2P2/PP1QP2P/RN2KBNR b KQkq - 3 7,f6g4,h4e7 d8e7 f3g4 e6e5 d2e3 b8c6 b1a3 c8g4 e1c1 h6h5 g1f3 e5e4,Bxe7 Qxe7 [fxg4] e5 Qe3 Nc6 Na3 Bxg4 O-O-O h5 Nf3 e4,11,intermezzo,2,white,310,real,"fxg4 is a genuine in-between capture (grabbing material elsewhere instead of an expected recapture), position +310cp.",https://lichess.org/analysis/standard/rnbqk2r/ppp1bp2/4pn1p/3p4/3P2PB/2P2P2/PP1QP2P/RN2KBNR_b_KQkq_-_3_7,https://flawchess.com/analysis?game_id=1920119&ply=13
0032,482590,47,allowed,4r2r/ppp3pk/2n2n1p/3Np3/5P2/PB1PQP1q/1PP4P/R5RK b - - 0 24,e5f4,d5f6 g7f6 e3f4 e8e2 d3d4 f6f5 b3c4 e2e7 g1g3 h3h5 a1g1 h8d8,Nxf6+ gxf6 [Qxf4] Re2 d4 f5 Bc4 Re7 Rg3 Qh5 Rag1 Rd8,11,intermezzo,2,white,none,real,Nxf6+/gxf6 damages the opponent's king shelter and Qxf4 is a genuine in-between capture continuing the attack (Rg3/Qh5 follow-up).,https://lichess.org/analysis/standard/4r2r/ppp3pk/2n2n1p/3Np3/5P2/PB1PQP1q/1PP4P/R5RK_b_-_-_0_24,https://flawchess.com/analysis?game_id=482590&ply=47
0033,2128982,43,allowed,r4rk1/pq3ppp/2R1pb2/3P4/8/1BP2Q1P/P4PP1/5RK1 b - - 0 22,e6d5,c6f6 g7f6 b3d5 b7c8 d5a8 c8a8 f3f6 a8d8 f6f3 f8e8 f1d1 d8c7,Rxf6 gxf6 [Bxd5] Qc8 Bxa8 Qxa8 Qxf6 Qd8 Qf3 Re8 Rd1 Qc7,11,intermezzo,2,white,390,real,"Bxd5 (in-between) is followed by Bxa8 winning the exchange, +390cp.",https://lichess.org/analysis/standard/r4rk1/pq3ppp/2R1pb2/3P4/8/1BP2Q1P/P4PP1/5RK1_b_-_-_0_22,https://flawchess.com/analysis?game_id=2128982&ply=43
0034,2378392,53,allowed,2k5/p7/2q5/1p3p1Q/N3p3/1P2P2P/P1r2PPK/8 b - - 0 27,b5a4,h5f5 c8b7 b3a4 c2c5 f5f8 c6c8 f8f6 c8c7 g2g3 c7e5 f6f7 b7b6,Qxf5+ Kb7 [bxa4] Rc5 Qf8 Qc8 Qf6 Qc7+ g3 Qe5 Qf7+ Kb6,11,intermezzo,2,white,-285,incidental,Solver losing (-285cp) at the firing node.,https://lichess.org/analysis/standard/2k5/p7/2q5/1p3p1Q/N3p3/1P2P2P/P1r2PPK/8_b_-_-_0_27,https://flawchess.com/analysis?game_id=2378392&ply=53
0035,1990877,64,allowed,6rk/4R1r1/2p2Q1p/8/2PK4/3P4/7P/8 w - - 0 33,e7g7,c6c5 d4c5 g8g7 f6h6 h8g8 h6e6 g8f8 e6f6 g7f7 f6d8 f8g7 d3d4,c5+ Kxc5 [Rxg7] Qxh6+ Kg8 Qe6+ Kf8 Qf6+ Rf7 Qd8+ Kg7 d4,11,intermezzo,2,black,-778,incidental,Solver losing (-778cp) at the firing node.,https://lichess.org/analysis/standard/6rk/4R1r1/2p2Q1p/8/2PK4/3P4/7P/8_w_-_-_0_33,https://flawchess.com/analysis?game_id=1990877&ply=64
0036,641212,33,allowed,1rbr2k1/p1q2pbp/2nNp1p1/1p2P1N1/3p1Q2/8/PPP2PBP/R3R1K1 b - - 3 17,c6e5,d6f7 d8f8 e1e5 h7h6 f7h6 g7h6 f4g3 f8f5 e5e6 c7g3 e6g6 g8f8,Ndxf7 Rf8 [Rxe5] h6 Nxh6+ Bxh6 Qg3 Rf5 Rxe6 Qxg3 Rxg6+ Kf8,11,intermezzo,2,white,101,real,Rxe5 in-between capture is part of a material-grabbing sequence (further Rxe6) ending +101cp.,https://lichess.org/analysis/standard/1rbr2k1/p1q2pbp/2nNp1p1/1p2P1N1/3p1Q2/8/PPP2PBP/R3R1K1_b_-_-_3_17,https://flawchess.com/analysis?game_id=641212&ply=33
0037,2334424,36,allowed,r1bqr1k1/1pp2p1p/1b1n2p1/pP2p3/P2P2P1/2PBQN2/1B3P1P/R3R1K1 w - - 0 19,f3e5,f7f6 c3c4 e8e5 e3f4 e5e1 a1e1 c7c5 b5c6 d6f7 d4d5 b6c7 f4f6,f6 c4 [Rxe5] Qf4 Rxe1+ Rxe1 c5 bxc6 Nf7 d5 Bc7 Qxf6,11,intermezzo,2,black,-60,incidental,"Eval is slightly negative (-60cp) at the firing node — not winning, so the necessary 'not losing' condition fails.",https://lichess.org/analysis/standard/r1bqr1k1/1pp2p1p/1b1n2p1/pP2p3/P2P2P1/2PBQN2/1B3P1P/R3R1K1_w_-_-_0_19,https://flawchess.com/analysis?game_id=2334424&ply=36
0038,1162938,52,allowed,3n4/1pp1k1rp/4p3/pP1p1p2/3P4/P3PBr1/2P2KP1/6RR w - - 1 27,h1h7,g3f3 g2f3 g7h7 g1g8 d8f7 f2g3 f7d6 g3f4 d6b5 f4g5 e7d7 g5g6,Rxf3+ gxf3 [Rxh7] Rg8 Nf7 Kg3 Nd6 Kf4 Nxb5 Kg5 Kd7 Kg6,11,intermezzo,2,black,459,real,"Rxh7 in-between capture is followed by Nxb5, continued material gains at +459cp.",https://lichess.org/analysis/standard/3n4/1pp1k1rp/4p3/pP1p1p2/3P4/P3PBr1/2P2KP1/6RR_w_-_-_1_27,https://flawchess.com/analysis?game_id=1162938&ply=52
0039,1545784,46,allowed,r4rk1/p1p3p1/2p2qp1/3p4/1b1B4/6P1/P1P1B2P/1R1QK3 w - - 2 24,c2c3,b4c3 d4c3 f6c3 d1d2 c3e5 d2b2 e5e3 b2b3 e3f2 e1d2 a8e8 b3d3,Bxc3+ Bxc3 [Qxc3+] Qd2 Qe5 Qb2 Qe3 Qb3 Qf2+ Kd2 Rae8 Qd3,12,x-ray,2,black,628,real,"Qxc3+ is a clean x-ray recapture with check after the bishop trade, +628cp.",https://lichess.org/analysis/standard/r4rk1/p1p3p1/2p2qp1/3p4/1b1B4/6P1/P1P1B2P/1R1QK3_w_-_-_2_24,https://flawchess.com/analysis?game_id=1545784&ply=46
0040,1405455,45,allowed,r2r3k/1bq1R1pp/p7/3p4/1Q6/P1P5/1P3PPP/3R2K1 b - - 2 23,a6a5,b4b7 c7b7 e7b7 h8g8 b7b5 a5a4 h2h4 g8f7 d1d4 a8b8 d4d5 h7h6,Qxb7 Qxb7 [Rxb7] Kg8 Rb5 a4 h4 Kf7 Rd4 Rab8 Rdxd5 h6,12,x-ray,2,white,451,real,"Rxb7 is a clean x-ray recapture behind the queen trade, +451cp.",https://lichess.org/analysis/standard/r2r3k/1bq1R1pp/p7/3p4/1Q6/P1P5/1P3PPP/3R2K1_b_-_-_2_23,https://flawchess.com/analysis?game_id=1405455&ply=45
0041,1904718,63,allowed,4r3/p1r2pk1/2p3pp/2Pn4/3PN1P1/5PK1/P3R3/4R3 b - - 2 32,c7e7,e4d6 e7e2 d6e8 e2e8 e1e8 h6h5 e8a8 h5g4 a8a7 d5c3 f3g4 g7f6,Nd6 Rxe2 Nxe8+ Rxe8 [Rxe8] h5 Ra8 hxg4 Rxa7 Nc3 fxg4 Kf6,12,x-ray,4,white,465,real,"Rxe8 is a clean x-ray recapture after the knight trade, +465cp.",https://lichess.org/analysis/standard/4r3/p1r2pk1/2p3pp/2Pn4/3PN1P1/5PK1/P3R3/4R3_b_-_-_2_32,https://flawchess.com/analysis?game_id=1904718&ply=63
0042,506758,56,allowed,2k4r/pp1n4/2p1p1q1/4b3/2Pp4/3P3P/PP1B1QB1/6KR w - - 2 29,d2f4,h8f8 f2g3 g6g3 f4g3 e5g3 h3h4 g3f2 g1f1 f2h4 f1g1 h4d8 g2h3,Rf8 Qg3 Qxg3 Bxg3 [Bxg3] h4 Bf2+ Kf1 Bxh4+ Kg1 Bd8 Bh3,12,x-ray,4,black,501,real,"Bxg3 is a clean x-ray recapture after the queen trade, +501cp.",https://lichess.org/analysis/standard/2k4r/pp1n4/2p1p1q1/4b3/2Pp4/3P3P/PP1B1QB1/6KR_w_-_-_2_29,https://flawchess.com/analysis?game_id=506758&ply=56
0043,765669,89,allowed,8/r5pk/P3r1bp/8/4p2P/R3Q1P1/5P1K/8 b - - 0 45,e6a6,e3a7 a6a7 a3a7 g6f5 h2g1 f5g4 g1f1 g4f3 f1e1 h7g6 e1d2 g6f6,Qxa7 Rxa7 [Rxa7] Bf5 Kg1 Bg4 Kf1 Bf3 Ke1 Kg6 Kd2 Kf6,12,x-ray,2,white,421,real,"Rxa7 is a clean x-ray recapture, +421cp.",https://lichess.org/analysis/standard/8/r5pk/P3r1bp/8/4p2P/R3Q1P1/5P1K/8_b_-_-_0_45,https://flawchess.com/analysis?game_id=765669&ply=89
0044,1944297,62,allowed,4r3/pkp4p/1pp5/8/3P4/2P5/PP2pR2/1K2R2r w - - 2 32,f2e2,h1e1 e2e1 e8e1 b1c2 h7h5 b2b4 h5h4 a2a4 h4h3 a4a5 h3h2 c2b2,Rxe1+ Rxe1 [Rxe1+] Kc2 h5 b4 h4 a4 h3 a5 h2 Kb2,12,x-ray,2,black,781,real,"Rxe1+ is a clean x-ray recapture with check, +781cp.",https://lichess.org/analysis/standard/4r3/pkp4p/1pp5/8/3P4/2P5/PP2pR2/1K2R2r_w_-_-_2_32,https://flawchess.com/analysis?game_id=1944297&ply=62
0045,2262936,33,allowed,2k1r2r/ppp2ppp/2n5/8/Q1Nq1b2/7P/PPK2PB1/R6R b - - 1 17,d4f2,c2b1 e8e1 a4d1 e1d1 h1d1 f2g2 c4d6 c7d6 a2a3 g2g6 b1a2 g6e6,Kb1 Re1+ Qd1 Rxd1+ [Rxd1] Qxg2 Nd6+ cxd6 a3 Qg6+ Ka2 Qe6+,12,x-ray,4,white,-1165,incidental,Solver losing badly (-1165cp) at the firing node.,https://lichess.org/analysis/standard/2k1r2r/ppp2ppp/2n5/8/Q1Nq1b2/7P/PPK2PB1/R6R_b_-_-_1_17,https://flawchess.com/analysis?game_id=2262936&ply=33
0046,1332637,36,allowed,1r1qr1k1/1pp2pp1/p4n1p/3PQ3/1b6/8/PP1B1PPP/RN2R1K1 w - - 4 19,e5d4,e8e1 d2e1 b4e1 b1a3 e1a5 a3c4 a5b4 c4e3 b4f8 h2h3 g7g6 d5d6,Rxe1+ Bxe1 [Bxe1] Na3 Ba5 Nc4 Bb4 Ne3 Bf8 h3 g6 d6,12,x-ray,2,black,487,real,"Bxe1 is a clean x-ray recapture, +487cp.",https://lichess.org/analysis/standard/1r1qr1k1/1pp2pp1/p4n1p/3PQ3/1b6/8/PP1B1PPP/RN2R1K1_w_-_-_4_19,https://flawchess.com/analysis?game_id=1332637&ply=36
0047,1514944,61,allowed,2b3rr/pp2q1k1/4P1p1/3p1pN1/3P1Q2/8/PPB5/3K2R1 b - - 0 31,e7f6,f4c7 g7f8 c7c8 f8g7 c8c7 g7f8 c7b8 f8g7 b8b7 g7f8 b7c8 f8g7,Qc7+ Kf8 [Qxc8+] Kg7 Qc7+ Kf8 Qb8+ Kg7 Qxb7+ Kf8 Qc8+ Kg7,13,interference,2,white,680,real,Solver is winning (680cp) at the firing node on an already-high-precision motif; the geometry is genuinely present and exploitable.,https://lichess.org/analysis/standard/2b3rr/pp2q1k1/4P1p1/3p1pN1/3P1Q2/8/PPB5/3K2R1_b_-_-_0_31,https://flawchess.com/analysis?game_id=1514944&ply=61
0048,2127354,48,allowed,r6k/1p3pR1/p2p3P/4r3/3Qb2q/3B4/PPP5/2KR4 w - - 0 25,d4d6,e5e6 d6d4 h4h6 d1d2 h6g7 d3e4 g7d4 d2d4 e6e7 e4d3 a8f8 d4f4,Re6 Qd4 [Qxh6+] Rd2 Qxg7 Bxe4 Qxd4 Rxd4 Re7 Bd3 Rf8 Rf4,13,interference,2,black,none,real,"Qxh6+ is directly followed by Qxg7 and Qxd4, a genuine attacking sequence winning material.",https://lichess.org/analysis/standard/r6k/1p3pR1/p2p3P/4r3/3Qb2q/3B4/PPP5/2KR4_w_-_-_0_25,https://flawchess.com/analysis?game_id=2127354&ply=48
0049,1995671,82,allowed,3r2k1/ppp3b1/6R1/8/2P1p1Q1/KP6/P4P2/2q5 w - - 2 42,a3b4,c1d2 b4b5 a7a6 g6a6 b7a6 b5a4 d2a2 a4b4 a6a5 b4c5 a2f2 c5b5,Qd2+ Kb5 a6+ Rxa6 bxa6+ Ka4 [Qxa2+] Kb4 a5+ Kc5 Qxf2+ Kb5,14,self-interference,6,black,M5,real,Forced mate in 5 for the solver despite the geometric label; a genuine winning attack.,https://lichess.org/analysis/standard/3r2k1/ppp3b1/6R1/8/2P1p1Q1/KP6/P4P2/2q5_w_-_-_2_42,https://flawchess.com/analysis?game_id=1995671&ply=82
0050,1588128,76,allowed,8/6pk/1P2p3/3b1p1p/2pB2qP/1rP3P1/5P2/2Q1R1K1 w - - 1 39,c1e3,g4h3 f2f3 h3g3 g1f1 g3h3 f1f2 b3b2 e1e2 b2b1 e3f4 d5f3 f4f5,Qh3 f3 [Qxg3+] Kf1 Qh3+ Kf2 Rb2+ Re2 Rb1 Qf4 Bxf3 Qxf5+,14,self-interference,2,black,735,real,"Strongly winning attacking sequence with checks, +735cp.",https://lichess.org/analysis/standard/8/6pk/1P2p3/3b1p1p/2pB2qP/1rP3P1/5P2/2Q1R1K1_w_-_-_1_39,https://flawchess.com/analysis?game_id=1588128&ply=76
0051,1918447,26,allowed,r3k1nr/ppp2ppp/4P3/8/8/5Q2/PPnB1PPP/1N1K3R w kq - 1 14,d1c2,e8c8 e6f7 g8f6 h1e1 h8f8 e1e7 f6d5 f3g4 c8b8 e7d7 g7g6 d7d8,O-O-O exf7 Nf6 Re1 [Rhf8] Re7 Nd5 Qg4+ Kb8 Rd7 g6 Rxd8+,15,clearance,4,black,-729,incidental,Solver losing (-729cp) at the firing node.,https://lichess.org/analysis/standard/r3k1nr/ppp2ppp/4P3/8/8/5Q2/PPnB1PPP/1N1K3R_w_kq_-_1_14,https://flawchess.com/analysis?game_id=1918447&ply=26
0052,1918447,26,missed,r3k1nr/ppp2ppp/4P3/8/8/5Q2/PP1B1PPP/nN1K3R b kq - 0 13,a1c2,f3f7 e8d8 f7d7,Qxf7+ Kd8 [Qd7#],8,mate,2,white,M1,real,"Forced mate (M1) for the solver at the firing node — a clearly winning, genuine tactic.",https://lichess.org/analysis/standard/r3k1nr/ppp2ppp/4P3/8/8/5Q2/PP1B1PPP/nN1K3R_b_kq_-_0_13,https://flawchess.com/analysis?game_id=1918447&ply=25
0053,2432726,30,allowed,rnb1k2r/pp3p2/3Qpq1B/6p1/P3p3/1NP5/1P3PP1/RN2KB1R w Qkq - 0 16,d6c5,b8d7 c5e3 h8h6 h1h6 f6h6 b1d2 f7f5 d2c4 b7b6 a4a5 c8b7 c4d6,Nd7 Qe3 Rxh6 Rxh6 Qxh6 N1d2 f5 Nc4 b6 a5 [Bb7] Nd6+,15,clearance,10,black,-493,incidental,Solver losing (-493cp) at the firing node.,https://lichess.org/analysis/standard/rnb1k2r/pp3p2/3Qpq1B/6p1/P3p3/1NP5/1P3PP1/RN2KB1R_w_Qkq_-_0_16,https://flawchess.com/analysis?game_id=2432726&ply=30
0054,657640,67,allowed,q4r1k/7p/1R2Q3/2P1Np2/1p1P4/r3P1P1/PK3P2/8 b - - 6 34,a3c3,e5f7 f8f7 e6e5 f7f6 b6b8 a8b8 e5b8 h8g7 b8b4 c3e3 f2e3 f6e6,Nf7+ Rxf7 [Qe5+] Rf6 Rb8+ Qxb8 Qxb8+ Kg7 Qxb4 Rxe3 fxe3 Re6,15,clearance,2,white,683,real,"Nf7+/Rxf7 clears the way for Qe5+, directly enabling Rb8+/Qxb8/Qxb8+ to win material; +683cp.",https://lichess.org/analysis/standard/q4r1k/7p/1R2Q3/2P1Np2/1p1P4/r3P1P1/PK3P2/8_b_-_-_6_34,https://flawchess.com/analysis?game_id=657640&ply=67
0055,699602,49,allowed,5r2/pp1q4/3p1kpn/3n1p1p/2Q2P2/3B3P/PP4P1/4RRK1 b - - 1 25,d7c6,c4d4 f6f7 d3c4 c6c4 d4c4 f7g7 c4d5 h6g8 e1e6 b7b5 d5d6 g8f6,Qd4+ Kf7 [Bc4] Qxc4 Qxc4 Kg7 Qxd5 Ng8 Re6 b5 Qxd6 Nf6,15,clearance,2,white,910,real,"The Bc4 clearing move is followed immediately by Qxc4/Qxd5, winning material at +910cp.",https://lichess.org/analysis/standard/5r2/pp1q4/3p1kpn/3n1p1p/2Q2P2/3B3P/PP4P1/4RRK1_b_-_-_1_25,https://flawchess.com/analysis?game_id=699602&ply=49
0056,1552106,26,allowed,2rq1rk1/pp3pp1/2nbpn1p/2pp2N1/3P3P/1PP1P3/P2NQPP1/R1B1K2R w KQ - 0 14,c1b2,c5d4 c3d4 c6b4 a1b1 c8c2 g5f3 d8c7 e1g1 b4a2 e2b5 a7a6 b5d3,cxd4 cxd4 Nb4 Rb1 [Rc2] Ngf3 Qc7 O-O Nxa2 Qb5 a6 Qd3,15,clearance,4,black,none,incidental,"Rc2 does not capture, check, or attack a hanging/higher-value piece next move — ordinary rook redeployment after a routine knight move, not a forcing tactic (eval unavailable).",https://lichess.org/analysis/standard/2rq1rk1/pp3pp1/2nbpn1p/2pp2N1/3P3P/1PP1P3/P2NQPP1/R1B1K2R_w_KQ_-_0_14,https://flawchess.com/analysis?game_id=1552106&ply=26
0057,1512550,39,allowed,4r1k1/pp4pp/4p3/3nPr2/2Bb3B/8/PP3PPP/4RRK1 b - - 1 20,f5e5,e1e5 d4e5 f1e1 e5f6 h4f6 d5f6 e1e6 e8e6 c4e6 g8f8 g1f1 f8e7,Rxe5 Bxe5 [Re1] Bf6 Bxf6 Nxf6 Rxe6 Rxe6 Bxe6+ Kf8 Kf1 Ke7,15,clearance,2,white,none,real,The rook's newly-opened e-file is exploited two moves later (Rxe6/Bxe6+) to win a pawn with check.,https://lichess.org/analysis/standard/4r1k1/pp4pp/4p3/3nPr2/2Bb3B/8/PP3PPP/4RRK1_b_-_-_1_20,https://flawchess.com/analysis?game_id=1512550&ply=39
0058,1898878,80,allowed,6r1/8/p2p1Qbk/2pP2R1/4Pp2/5P2/PP6/2K5 w - - 4 41,g5g6,g8g6 f6h8 h6g5 c1d2 g6h6 h8d8 g5h5 d2c3 h6g6 d8h8 g6h6 h8e8,Rxg6 Qh8+ Kg5 Kd2 [Rh6] Qd8+ Kh5 Kc3 Rg6 Qh8+ Rh6 Qe8+,15,clearance,4,black,-745,incidental,Solver losing (-745cp) at the firing node.,https://lichess.org/analysis/standard/6r1/8/p2p1Qbk/2pP2R1/4Pp2/5P2/PP6/2K5_w_-_-_4_41,https://flawchess.com/analysis?game_id=1898878&ply=80
0059,1831178,77,allowed,r2r4/5np1/p3p3/1p6/4kB2/4P1Pp/7P/K2R2N1 b - - 13 39,e4f5,d1f1 e6e5 e3e4 f5e6 f4c1 d8d7 g1h3 a8d8 a1b2 d8c8 b2b1 c8c4,Rf1 e5 e4+ Ke6 [Bc1] Rd7 Nxh3 Rad8 Kb2 Rc8 Kb1 Rc4,15,clearance,4,white,-505,incidental,Solver losing (-505cp) at the firing node.,https://lichess.org/analysis/standard/r2r4/5np1/p3p3/1p6/4kB2/4P1Pp/7P/K2R2N1_b_-_-_13_39,https://flawchess.com/analysis?game_id=1831178&ply=77
0060,1227657,77,missed,8/4k2p/6p1/B4p2/1rbbp3/8/4KP1P/3B4 w - - 2 39,e2e1,d4c3,[Bc3#],23,double-bishop-mate,0,black,M1,real,"Forced mate (M1) for the solver at the firing node — a clearly winning, genuine tactic.",https://lichess.org/analysis/standard/8/4k2p/6p1/B4p2/1rbbp3/8/4KP1P/3B4_w_-_-_2_39,https://flawchess.com/analysis?game_id=1227657&ply=76
0061,705280,14,allowed,rnb1kb1r/pp1pppp1/8/q6p/4P1n1/2N1BN2/PPP1BPPP/R2QK2R w KQkq - 0 8,f3g5,g4e3 f2e3 a5g5 e1g1 e7e6 c3b5 b8a6 b5d6 f8d6 d1d6 f7f6 b2b4,Nxe3 fxe3 [Qxg5] O-O e6 Nb5 Na6 Nd6+ Bxd6 Qxd6 f6 b4,16,capturing-defender,2,black,316,real,Solver is winning (316cp) at the firing node on an already-high-precision motif; the geometry is genuinely present and exploitable.,https://lichess.org/analysis/standard/rnb1kb1r/pp1pppp1/8/q6p/4P1n1/2N1BN2/PPP1BPPP/R2QK2R_w_KQkq_-_0_8,https://flawchess.com/analysis?game_id=705280&ply=14
0062,2113426,50,allowed,4r1k1/1p3pbp/3p2p1/Np1Pp3/q2rn3/2Q4P/PP1B1PP1/R3R1K1 w - - 4 26,b2b3,e4c3 b3a4 d4d2 a4b5 e5e4 a5b7 c3b5 a1b1 b5c3 b1b3 g7d4 b3c3,Nxc3 bxa4 [Rxd2] axb5 e4 Nxb7 Nxb5 Rab1 Nc3 Rb3 Bd4 Rxc3,16,capturing-defender,2,black,460,real,Solver is winning (460cp) at the firing node on an already-high-precision motif; the geometry is genuinely present and exploitable.,https://lichess.org/analysis/standard/4r1k1/1p3pbp/3p2p1/Np1Pp3/q2rn3/2Q4P/PP1B1PP1/R3R1K1_w_-_-_4_26,https://flawchess.com/analysis?game_id=2113426&ply=50
0063,2042490,52,allowed,r1bq3k/2p2Q2/pp1p2pp/3P4/2P1R1Pn/1P3N2/P4PBP/6K1 w - - 1 27,e4e8,d8e8 f7e8 h8g7 f3h4 c8f5 h4f5 g6f5 e8a8 a6a5 g1f1 b6b5 c4b5,Qxe8 Qxe8+ [Kg7] Nxh4 Bf5 Nxf5+ gxf5 Qxa8 a5 Kf1 b5 cxb5,17,sacrifice,2,black,-910,incidental,"Solver (opponent) is losing (-910cp) at the firing node; this is the opponent's best defence shedding material while already lost, not an exploitable sacrifice.",https://lichess.org/analysis/standard/r1bq3k/2p2Q2/pp1p2pp/3P4/2P1R1Pn/1P3N2/P4PBP/6K1_w_-_-_1_27,https://flawchess.com/analysis?game_id=2042490&ply=52
0064,1060871,23,allowed,r1b1k2r/ppq2ppp/2pb1n2/4n3/3NPB2/1BN5/PPP3PP/R2Q1R1K b kq - 10 12,e8g8,d4b5 c6b5 c3b5 c7a5 b5d6 c8g4 d1d4 e5c6 d4d3 g4h5 a1e1 h5g6,Ndb5 cxb5 [Nxb5] Qa5 Nxd6 Bg4 Qd4 Nc6 Qd3 Bh5 Rae1 Bg6,17,sacrifice,2,white,264,real,Down a knight for a pawn (Ndb5/cxb5/Nxb5) yet the position is +264cp for the sacrificing side — genuine attacking compensation.,https://lichess.org/analysis/standard/r1b1k2r/ppq2ppp/2pb1n2/4n3/3NPB2/1BN5/PPP3PP/R2Q1R1K_b_kq_-_10_12,https://flawchess.com/analysis?game_id=1060871&ply=23
0065,1994354,40,allowed,r4rk1/bpp2p2/p1np1Q2/6N1/2B1b2P/P7/5PP1/3R1RK1 w - - 1 21,c4d3,a7d4 f6h6 f8e8 d3e4 d4g7 h6h5 e8e7 e4d5 c6d8 g1h1 c7c6 d5f3,Bd4 Qh6 Rfe8 Bxe4 [Bg7] Qh5 Re7 Bd5 Nd8 Kh1 c6 Bf3,17,sacrifice,4,black,-910,incidental,Solver losing badly (-910cp) at the firing node; the material given up buys no real compensation.,https://lichess.org/analysis/standard/r4rk1/bpp2p2/p1np1Q2/6N1/2B1b2P/P7/5PP1/3R1RK1_w_-_-_1_21,https://flawchess.com/analysis?game_id=1994354&ply=40
0066,1942351,78,allowed,4rk2/p2r3R/5pp1/8/4p3/1Q1P3P/PP3KP1/8 w - - 4 40,h7h8,f8e7 b3b4 e7d8 b4b8 d8e7 h8e8 e7f7 e8f8 f7e6 b8e8 e6d6 e8e4,Ke7 Qb4+ Kd8 Qb8+ Ke7 Rxe8+ [Kf7] Rf8+ Ke6 Qe8+ Kd6 Qxe4,17,sacrifice,6,black,-M8,incidental,"Solver is getting mated (-M8) at the firing node; the sacrifice is forced desperation, not a real choice.",https://lichess.org/analysis/standard/4rk2/p2r3R/5pp1/8/4p3/1Q1P3P/PP3KP1/8_w_-_-_4_40,https://flawchess.com/analysis?game_id=1942351&ply=78
0067,1074916,78,allowed,2r5/2r2p2/2q5/3k3p/3P4/2P3QP/PP6/K3R1R1 w - - 7 40,e1e5,d5d6 g3f4 c7e7 g1e1 d6c7 e5e7 c7b6 f4f7 c8c7 e7c7 c6c7 f7c7,Kd6 Qf4 Re7 Rge1 Kc7 Rxe7+ [Kb6] Qxf7 Rc7 Rxc7 Qxc7 Qxc7+,17,sacrifice,6,black,-6133,incidental,"Solver is catastrophically losing (-6133cp, ~61 pawns) at the firing node.",https://lichess.org/analysis/standard/2r5/2r2p2/2q5/3k3p/3P4/2P3QP/PP6/K3R1R1_w_-_-_7_40,https://flawchess.com/analysis?game_id=1074916&ply=78
0068,608191,55,allowed,6k1/p4p1p/1p2pp2/6q1/3r4/5P2/P4P1P/5R1K b - - 2 28,d4f4,f1e1 g8g7 e1e3 g7h6 e3e4 f4f3 e4e3 f3f2 e3h3 h6g7 h3g3 g5g3,Re1 Kg7 Re3 Kh6 Re4 Rxf3 Re3 Rxf2 [Rh3+] Kg7 Rg3 Qxg3,17,sacrifice,8,white,-M12,incidental,Solver is getting mated (-M12) at the firing node; not a real tactical choice.,https://lichess.org/analysis/standard/6k1/p4p1p/1p2pp2/6q1/3r4/5P2/P4P1P/5R1K_b_-_-_2_28,https://flawchess.com/analysis?game_id=608191&ply=55
0069,2426356,60,allowed,7r/4B3/5p2/p3p1pp/2Br1k1P/1P1PN1R1/P1P2K2/8 w - - 0 31,h4g5,e5e4 e7f6 a5a4 f6d4 h8d8 e3g2 f4f5 g2h4 f5f4 d4e3 f4e5 b3a4,e4 Bxf6 a4 Bxd4 [Rd8] Ng2+ Kf5 Nh4+ Kf4 Be3+ Ke5 bxa4,17,sacrifice,4,black,-1335,incidental,Solver losing badly (-1335cp) at the firing node.,https://lichess.org/analysis/standard/7r/4B3/5p2/p3p1pp/2Br1k1P/1P1PN1R1/P1P2K2/8_w_-_-_0_31,https://flawchess.com/analysis?game_id=2426356&ply=60
0070,1898217,33,allowed,r4rk1/ppq1bppp/4pn2/8/2B5/P1N2b2/1PQB1PRP/6RK b - - 3 17,c7c4,d2g5 a8d8 h2h3 f3g2 h1g2 c4c6 g2h2 e7d6 f2f4 g8h8,Bg5 Rad8 h3 Bxg2+ [Kxg2] Qc6+ Kh2 Bd6+ f4 Kh8,17,sacrifice,4,white,-714,incidental,Solver losing (-714cp) at the firing node.,https://lichess.org/analysis/standard/r4rk1/ppq1bppp/4pn2/8/2B5/P1N2b2/1PQB1PRP/6RK_b_-_-_3_17,https://flawchess.com/analysis?game_id=1898217&ply=33
0071,1650406,59,missed,3r2k1/N4ppp/p2K4/3Rp3/6P1/5P1N/1Pq4P/8 w - - 3 30,d6e5,f7f6 e5f4 d8d5 f4g3 c2c7 f3f4 c7a7 g4g5 a7e3 g3g4 f6f5 g4h4,f6+ Kf4 [Rxd5] Kg3 Qc7+ f4 Qxa7 g5 Qe3+ Kg4 f5+ Kh4,9,deflection,2,black,M8,real,"Forced mate (M8) for the solver at the firing node — a clearly winning, genuine tactic.",https://lichess.org/analysis/standard/3r2k1/N4ppp/p2K4/3Rp3/6P1/5P1N/1Pq4P/8_w_-_-_3_30,https://flawchess.com/analysis?game_id=1650406&ply=58
0072,2244349,36,missed,r4rk1/p1q2pp1/bp2p1p1/2p1P3/3Pp1QB/2P1P2R/PP4PP/R5K1 b - - 1 18,a6d3,h4f6 c7e5 d4e5 d3e2 g4g5 e2h5 h3h5 g7f6 g5h6 g6h5 e5f6 b6b5,Bf6 Qxe5 dxe5 Be2 Qg5 Bh5 Rxh5 gxf6 Qh6 gxh5 [exf6] b5,11,intermezzo,10,white,M2,real,Deep forced mate (M2) for the mover — clearly a genuine missed resource.,https://lichess.org/analysis/standard/r4rk1/p1q2pp1/bp2p1p1/2p1P3/3Pp1QB/2P1P2R/PP4PP/R5K1_b_-_-_1_18,https://flawchess.com/analysis?game_id=2244349&ply=35
0073,2439727,46,missed,rn4q1/pppk4/5QP1/3p2p1/3P2r1/2N5/PPP2P1P/4RR1K b - - 9 23,g8d8,f6e6,[Qe6#],24,dovetail-mate,0,white,M1,real,"Forced mate (M1) for the solver at the firing node — a clearly winning, genuine tactic.",https://lichess.org/analysis/standard/rn4q1/pppk4/5QP1/3p2p1/3P2r1/2N5/PPP2P1P/4RR1K_b_-_-_9_23,https://flawchess.com/analysis?game_id=2439727&ply=45
0074,1552408,52,missed,6k1/p3b1pp/1p1PP3/2r1p3/P6N/8/5PPP/3R2K1 b - - 0 26,e7h4,g2g3 h4f6 d6d7 f6d8 e6e7 d8e7 d7d8r e7d8 d1d8 g8f7 d8d7 f7g6,g3 Bf6 d7 Bd8 e7 Bxe7 [d8=R+] Bxd8 Rxd8+ Kf7 Rd7+ Kg6,29,under-promotion,6,white,none,real,"The under-promotion to rook (avoiding a queen loss) is followed by a recapture with check, maintaining the initiative.",https://lichess.org/analysis/standard/6k1/p3b1pp/1p1PP3/2r1p3/P6N/8/5PPP/3R2K1_b_-_-_0_26,https://flawchess.com/analysis?game_id=1552408&ply=51
0075,1979545,57,missed,6k1/1p6/p6p/8/2P1n2p/1P5P/P2r2P1/6K1 w - - 0 29,c4c5,d2d1 g1h2 e4g3 c5c6 d1h1,Rd1+ Kh2 Ng3 c6 [Rh1#],20,hook-mate,4,black,M1,real,"Forced mate (M1) for the solver at the firing node — a clearly winning, genuine tactic.",https://lichess.org/analysis/standard/6k1/1p6/p6p/8/2P1n2p/1P5P/P2r2P1/6K1_w_-_-_0_29,https://flawchess.com/analysis?game_id=1979545&ply=56
0076,1901228,72,missed,8/k1r5/8/1R1B2p1/3Np3/4P1P1/P4P1P/6K1 b - - 4 36,g5g4,d4c6 a7a6 b5b1 c7b7 c6b8 b7b8 b1b8 a6a5 d5e4 a5a4 e4c2 a4a5,Nc6+ Ka6 Rb1 Rb7 Nb8+ Rxb8 [Rxb8] Ka5 Bxe4 Ka4 Bc2+ Ka5,12,x-ray,6,white,M11,real,Forced mate in 11 via the x-ray recapture Rxb8.,https://lichess.org/analysis/standard/8/k1r5/8/1R1B2p1/3Np3/4P1P1/P4P1P/6K1_b_-_-_4_36,https://flawchess.com/analysis?game_id=1901228&ply=71
0077,2410038,38,missed,r1bQ3k/ppp2r2/1n2nNpB/4p1P1/8/PP4P1/2P2P2/R3K2R b KQ - 0 19,e6d8,h6f8 c8h3 h1h3 f7h7 h3h7,Bf8+ Bh3 Rxh3+ Rh7 [Rxh7#],21,arabian-mate,4,white,M1,real,"Forced mate (M1) for the solver at the firing node — a clearly winning, genuine tactic.",https://lichess.org/analysis/standard/r1bQ3k/ppp2r2/1n2nNpB/4p1P1/8/PP4P1/2P2P2/R3K2R_b_KQ_-_0_19,https://flawchess.com/analysis?game_id=2410038&ply=37
0078,575020,34,missed,r2qk2r/pb1n1pp1/1p2Nn1p/8/3P4/B7/P1B2PPP/R2QR1K1 b kq - 0 17,f7e6,c2g6,[Bg6#],22,boden-mate,0,white,M1,real,"Forced mate (M1) for the solver at the firing node — a clearly winning, genuine tactic.",https://lichess.org/analysis/standard/r2qk2r/pb1n1pp1/1p2Nn1p/8/3P4/B7/P1B2PPP/R2QR1K1_b_kq_-_0_17,https://flawchess.com/analysis?game_id=575020&ply=33
0079,1457841,38,missed,2r2rk1/ppp2pp1/3p4/2bNp1p1/2B1P2P/3P1P2/PP3PK1/7R b - - 0 19,g5h4,d5e7 g8h7 h1h4,Ne7+ Kh7 [Rxh4#],19,anastasia-mate,2,white,M1,real,"Forced mate (M1) for the solver at the firing node — a clearly winning, genuine tactic.",https://lichess.org/analysis/standard/2r2rk1/ppp2pp1/3p4/2bNp1p1/2B1P2P/3P1P2/PP3PK1/7R_b_-_-_0_19,https://flawchess.com/analysis?game_id=1457841&ply=37
0080,2185965,37,allowed,k2r3r/ppQ2pp1/2n5/1N1p1B1p/6n1/6Bq/PPP2P2/R3R1K1 b - - 2 19,h5h4,c7b8 c6b8 b5c7,Qb8+ Nxb8 [Nc7#],18,smothered-mate,2,white,M1,real,"Forced mate (M1) for the solver at the firing node — a clearly winning, genuine tactic.",https://lichess.org/analysis/standard/k2r3r/ppQ2pp1/2n5/1N1p1B1p/6n1/6Bq/PPP2P2/R3R1K1_b_-_-_2_19,https://flawchess.com/analysis?game_id=2185965&ply=37
0081,1636841,32,allowed,r4rk1/p1p2ppb/2p4p/2qp3Q/4n3/1BP5/PBP3PP/R3R2K w - - 4 17,h5g4,e4f2 h1g1 f2h3 g1h1 c5g1 e1g1 h3f2,Nf2+ Kg1 Nh3+ Kh1 Qg1+ Rxg1 [Nf2#],18,smothered-mate,6,black,M1,real,"Forced mate (M1) for the solver at the firing node — a clearly winning, genuine tactic.",https://lichess.org/analysis/standard/r4rk1/p1p2ppb/2p4p/2qp3Q/4n3/1BP5/PBP3PP/R3R2K_w_-_-_4_17,https://flawchess.com/analysis?game_id=1636841&ply=32
0082,1906253,36,allowed,2k2r1r/pp1qp2Q/2np4/6P1/3P1n2/2P5/PP1N2PP/R1B2RK1 w - - 3 19,h7c2,f4e2 g1h1 h8h2 h1h2 f8h8 c2h7 h8h7,Ne2+ Kh1 Rxh2+ Kxh2 Rh8+ Qh7 [Rxh7#],19,anastasia-mate,6,black,M1,real,"Forced mate (M1) for the solver at the firing node — a clearly winning, genuine tactic.",https://lichess.org/analysis/standard/2k2r1r/pp1qp2Q/2np4/6P1/3P1n2/2P5/PP1N2PP/R1B2RK1_w_-_-_3_19,https://flawchess.com/analysis?game_id=1906253&ply=36
0083,2107281,50,allowed,7r/p1bq1ppk/1p4p1/2p1P3/3p1P2/1P1PnQPP/PB5K/R5R1 w - - 5 26,b2c1,d7h3 h2h3 h7g8 f3h5 h8h5,Qxh3+ Kxh3 Kg8+ Qh5 [Rxh5#],19,anastasia-mate,4,black,M1,real,"Forced mate (M1) for the solver at the firing node — a clearly winning, genuine tactic.",https://lichess.org/analysis/standard/7r/p1bq1ppk/1p4p1/2p1P3/3p1P2/1P1PnQPP/PB5K/R5R1_w_-_-_5_26,https://flawchess.com/analysis?game_id=2107281&ply=50
0084,2145022,69,allowed,8/R6p/1p3ppk/8/4N1BP/8/P1r2PP1/6K1 b - - 2 35,f6f5,e4g5 c2c1 g1h2 c1h1 h2h1 f5g4 a7h7,Ng5 Rc1+ Kh2 Rh1+ Kxh1 fxg4 [Rxh7#],20,hook-mate,6,white,M1,real,"Forced mate (M1) for the solver at the firing node — a clearly winning, genuine tactic.",https://lichess.org/analysis/standard/8/R6p/1p3ppk/8/4N1BP/8/P1r2PP1/6K1_b_-_-_2_35,https://flawchess.com/analysis?game_id=2145022&ply=69
0085,1332016,62,allowed,3r2k1/5p1p/p7/1p6/3bPp2/1P5P/P1R1R1P1/5n1K w - - 6 32,c2c6,f1g3 h1h2 d4g1 h2g1 d8d1 e2e1 d1e1 g1f2 e1f1,Ng3+ Kh2 Bg1+ Kxg1 Rd1+ Re1 Rxe1+ Kf2 [Rf1#],20,hook-mate,8,black,M1,real,"Forced mate (M1) for the solver at the firing node — a clearly winning, genuine tactic.",https://lichess.org/analysis/standard/3r2k1/5p1p/p7/1p6/3bPp2/1P5P/P1R1R1P1/5n1K_w_-_-_6_32,https://flawchess.com/analysis?game_id=1332016&ply=62
0086,948444,39,allowed,rn4rk/p2q1p1p/5N2/3Pb3/2B5/7P/PPP3R1/R1BQK3 b Q - 0 20,d7h3,g2g8,[Rxg8#],21,arabian-mate,0,white,M1,real,"Forced mate (M1) for the solver at the firing node — a clearly winning, genuine tactic.",https://lichess.org/analysis/standard/rn4rk/p2q1p1p/5N2/3Pb3/2B5/7P/PPP3R1/R1BQK3_b_Q_-_0_20,https://flawchess.com/analysis?game_id=948444&ply=39
0087,2300246,46,allowed,6k1/p4ppp/1r6/4P3/3rB1q1/Q1N2nPb/P4P1P/R4R1K w - - 3 24,a1d1,b6h6 f1g1 h3f1 e4h7 g8h7 g1g2 g4h3 d1f1 h3h2 g2h2 h6h2,Rh6 Rg1 Bf1 Bxh7+ Kxh7 Rg2 Qh3 Rxf1 Qxh2+ Rxh2 [Rxh2#],21,arabian-mate,10,black,M1,real,"Forced mate (M1) for the solver at the firing node — a clearly winning, genuine tactic.",https://lichess.org/analysis/standard/6k1/p4ppp/1r6/4P3/3rB1q1/Q1N2nPb/P4P1P/R4R1K_w_-_-_3_24,https://flawchess.com/analysis?game_id=2300246&ply=46
0088,1544179,39,allowed,2kr1br1/p2b1p1p/8/2p2p2/5BP1/2PB4/PP1N3P/R2Q1RK1 b - - 0 20,f5g4,d3a6,[Ba6#],22,boden-mate,0,white,M1,real,"Forced mate (M1) for the solver at the firing node — a clearly winning, genuine tactic.",https://lichess.org/analysis/standard/2kr1br1/p2b1p1p/8/2p2p2/5BP1/2PB4/PP1N3P/R2Q1RK1_b_-_-_0_20,https://flawchess.com/analysis?game_id=1544179&ply=39
0089,1560947,26,allowed,r4rk1/ppp2ppp/5n2/5b2/1bP5/2N4P/PP1B1PP1/2KR1B1R w - - 6 14,b2b3,b4a3,[Ba3#],22,boden-mate,0,black,M1,real,"Forced mate (M1) for the solver at the firing node — a clearly winning, genuine tactic.",https://lichess.org/analysis/standard/r4rk1/ppp2ppp/5n2/5b2/1bP5/2N4P/PP1B1PP1/2KR1B1R_w_-_-_6_14,https://flawchess.com/analysis?game_id=1560947&ply=26
0090,549923,27,allowed,r3kb1r/Np2pppp/1B3n2/2pP4/8/8/PPP2PPP/3K1B1R b k - 2 14,f6d5,f1b5,[Bb5#],23,double-bishop-mate,0,white,M1,real,"Forced mate (M1) for the solver at the firing node — a clearly winning, genuine tactic.",https://lichess.org/analysis/standard/r3kb1r/Np2pppp/1B3n2/2pP4/8/8/PPP2PPP/3K1B1R_b_k_-_2_14,https://flawchess.com/analysis?game_id=549923&ply=27
0091,1313883,25,allowed,rnbqkb1r/3p4/p1p1pB2/1p2P2p/3P4/3B1p2/PPP3PP/R2Q1RK1 b kq - 0 13,d8b6,d3g6,[Bg6#],23,double-bishop-mate,0,white,M1,real,"Forced mate (M1) for the solver at the firing node — a clearly winning, genuine tactic.",https://lichess.org/analysis/standard/rnbqkb1r/3p4/p1p1pB2/1p2P2p/3P4/3B1p2/PPP3PP/R2Q1RK1_b_kq_-_0_13,https://flawchess.com/analysis?game_id=1313883&ply=25
0092,1690237,31,allowed,r3k2r/pppb1p1p/5Q2/8/2B5/8/PPP3PP/RN4K1 b kq - 0 16,h8f8,b1c3 d7e6 c4e6 a8d8 e6f7 f8f7 a1e1 e8d7 f6e6,Nc3 Be6 Bxe6 Rd8 Bxf7+ Rxf7 Re1+ Kd7 [Qe6#],24,dovetail-mate,8,white,M1,real,"Forced mate (M1) for the solver at the firing node — a clearly winning, genuine tactic.",https://lichess.org/analysis/standard/r3k2r/pppb1p1p/5Q2/8/2B5/8/PPP3PP/RN4K1_b_kq_-_0_16,https://flawchess.com/analysis?game_id=1690237&ply=31
0093,2136672,13,allowed,rn1qkbnr/ppp3p1/4p2p/3pp1NQ/4P3/3P4/PPP2PPP/RNB1K2R b KQkq - 1 7,g7g6,h5g6 e8d7 g6e6,Qxg6+ Kd7 [Qxe6#],24,dovetail-mate,2,white,M1,real,"Forced mate (M1) for the solver at the firing node — a clearly winning, genuine tactic.",https://lichess.org/analysis/standard/rn1qkbnr/ppp3p1/4p2p/3pp1NQ/4P3/3P4/PPP2PPP/RNB1K2R_b_KQkq_-_1_7,https://flawchess.com/analysis?game_id=2136672&ply=13
0094,2322411,17,allowed,rn1qkb1r/1p1B3p/p2p1nP1/2pPp2Q/8/2N5/PPP2PPP/R1B1K1NR b KQkq - 0 9,b8d7,g6g7 f6h5 g7h8q h5f6 c1g5 d8b6 g1f3 b6b2 e1g1 b2c3 g5f6 c3c2,[g7+] Nxh5 gxh8=Q Nhf6 Bg5 Qb6 Nf3 Qxb2 O-O Qxc3 Bxf6 Qxc2,25,discovered-check,0,white,553,real,Solver is winning (553cp) at the firing node on an already-high-precision motif; the geometry is genuinely present and exploitable.,https://lichess.org/analysis/standard/rn1qkb1r/1p1B3p/p2p1nP1/2pPp2Q/8/2N5/PPP2PPP/R1B1K1NR_b_KQkq_-_0_9,https://flawchess.com/analysis?game_id=2322411&ply=17
0095,610386,102,allowed,8/8/3KP3/1p1B4/1p6/4k3/3p4/8 w - - 0 52,e6e7,d2d1q e7e8q e3d2 e8e4 b4b3 e4e5 b3b2 d5e4 b2b1q e4b1 d2c1 d6e7,d1=Q e8=Q+ Kd2 Qe4 b3 Qe5 b2 Be4 b1=Q Bxb1 [Kc1+] Ke7,25,discovered-check,10,black,none,incidental,No eval available; the mutual promotion race makes the positional verdict unclear from the SAN line alone.,https://lichess.org/analysis/standard/8/8/3KP3/1p1B4/1p6/4k3/3p4/8_w_-_-_0_52,https://flawchess.com/analysis?game_id=610386&ply=102
0096,2439903,51,allowed,r5k1/p5pp/Q1p1pr2/2Pp1pB1/3P2nP/P3PNK1/2q3P1/5R2 b - - 3 26,f6g6,a6c6 a8f8 h4h5 g4e3 f1g1 f5f4 g3h2 h7h6 h5g6 c2g6 g5h4 f8b8,Qxc6 Rf8 h5 Nxe3 Rg1 f4+ Kh2 h6 [hxg6] Qxg6 Bh4 Rb8,26,trapped-piece,8,white,-96,incidental,Solver mildly losing (-96cp) at the firing node — not actually ahead where the piece is trapped.,https://lichess.org/analysis/standard/r5k1/p5pp/Q1p1pr2/2Pp1pB1/3P2nP/P3PNK1/2q3P1/5R2_b_-_-_3_26,https://flawchess.com/analysis?game_id=2439903&ply=51
0097,1518426,65,allowed,8/pr1n1pk1/3br1pp/Pq2p3/1NR1P3/2Q4P/1R3PPB/6K1 b - - 2 33,e6e8,b4d3 b5a6 c4c6 b7b2 c6a6 b2b1 d3c1 d6c5 h2e5 e8e5 a6c6 g7g8,Nd3 Qa6 Rc6 Rxb2 [Rxa6] Rb1+ Nc1 Bc5 Bxe5+ Rxe5 Rc6 Kg8,26,trapped-piece,4,white,none,real,Rxa6 directly captures the trapped queen for a rook — an unambiguous material-winning capture.,https://lichess.org/analysis/standard/8/pr1n1pk1/3br1pp/Pq2p3/1NR1P3/2Q4P/1R3PPB/6K1_b_-_-_2_33,https://flawchess.com/analysis?game_id=1518426&ply=65
0098,1328746,51,allowed,5bk1/p1p2p1p/1p1p2p1/3P4/8/PqP2B2/1P2QPPP/6K1 b - - 4 26,c7c5,d5c6 b3a2 c6c7 a2b1 e2f1 b1f5 f3b7 d6d5 c7c8q f5e5 c8d7 f8d6,[dxc6] Qa2 c7 Qb1+ Qf1 Qf5 Bb7 d5 c8=Q Qe5 Qd7 Bd6,27,en-passant,0,white,608,real,Solver is winning (608cp) at the firing node on an already-high-precision motif; the geometry is genuinely present and exploitable.,https://lichess.org/analysis/standard/5bk1/p1p2p1p/1p1p2p1/3P4/8/PqP2B2/1P2QPPP/6K1_b_-_-_4_26,https://flawchess.com/analysis?game_id=1328746&ply=51
0099,1638972,21,allowed,r1bq1rk1/1ppp1pp1/p1n1p2p/b3P3/2BPQB2/2P2N2/P1P2PPP/R4RK1 b - - 4 11,b7b5,c4d3 f7f5 e5f6 f8f6 e4h7 g8f8 f3e5 c6e5 f4e5 c8b7 a1e1 f6f7,Bd3 f5 [exf6] Rxf6 Qh7+ Kf8 Ne5 Nxe5 Bxe5 Bb7 Rae1 Rf7,27,en-passant,2,white,287,real,Solver is winning (287cp) at the firing node on an already-high-precision motif; the geometry is genuinely present and exploitable.,https://lichess.org/analysis/standard/r1bq1rk1/1ppp1pp1/p1n1p2p/b3P3/2BPQB2/2P2N2/P1P2PPP/R4RK1_b_-_-_4_11,https://flawchess.com/analysis?game_id=1638972&ply=21
0100,1555276,64,allowed,8/4n3/R2pk1p1/4p3/4P3/1K1P3p/2P5/3q4 w - - 3 33,b3b2,h3h2 a6a1 h2h1q a1d1 h1d1 d3d4 d1d4 c2c3 d4d3 b2c1 e7c6 c1b2,h2 Ra1 [h1=Q] Rxd1 Qxd1 d4 Qxd4+ c3 Qd3 Kc1 Nc6 Kb2,28,promotion,2,black,M12,real,"Forced mate (M12) for the solver at the firing node — a clearly winning, genuine tactic.",https://lichess.org/analysis/standard/8/4n3/R2pk1p1/4p3/4P3/1K1P3p/2P5/3q4_w_-_-_3_33,https://flawchess.com/analysis?game_id=1555276&ply=64
0101,1520212,78,allowed,8/7p/1P3ppk/3Pp3/P3PnP1/5PKP/3p2B1/4rQ2 w - - 2 40,f1f2,e1e2 g2f1 e2f2 g3f2 d2d1q f1a6 d1d2 f2f1 d2c1 f1f2 c1b2 f2e1,Re2 Bf1 Rxf2 Kxf2 [d1=Q] Ba6 Qd2+ Kf1 Qc1+ Kf2 Qb2+ Ke1,28,promotion,4,black,878,real,Solver is winning (878cp) at the firing node on an already-high-precision motif; the geometry is genuinely present and exploitable.,https://lichess.org/analysis/standard/8/7p/1P3ppk/3Pp3/P3PnP1/5PKP/3p2B1/4rQ2_w_-_-_2_40,https://flawchess.com/analysis?game_id=1520212&ply=78
0102,1520212,78,missed,8/7p/1P3ppk/3Pp3/P3PnP1/4rPKP/3p2B1/5Q2 b - - 1 39,e3e1,b6b7 e1f1 b7b8q f4e2 g3h2 d2d1q b8f8 h6g5 h3h4 g5f4 f8h6 g6g5,b7 Rxf1 [b8=Q] Ne2+ Kh2 d1=Q Qf8+ Kg5 h4+ Kf4 Qh6+ g5,28,promotion,2,white,-462,incidental,Solver losing (-462cp) at the firing node; the promotion race does not rescue a bad position.,https://lichess.org/analysis/standard/8/7p/1P3ppk/3Pp3/P3PnP1/4rPKP/3p2B1/5Q2_b_-_-_1_39,https://flawchess.com/analysis?game_id=1520212&ply=77
0103,873480,50,allowed,2r1kr2/5pQp/1pN1p3/8/4n3/P3K3/1Pbp1PPP/5BNR w - - 1 26,g7f6,d2d1n e3f3 e4f6 c6a7 c8c7 f1b5 e8e7 a7c6 c7c6 b5c6 f8c8 g1e2,[d1=N+] Kf3 Nxf6 Na7 Rc7 Bb5+ Ke7 Nc6+ Rxc6 Bxc6 Rc8 Ne2,29,under-promotion,0,black,525,real,Solver is winning (525cp) at the firing node on an already-high-precision motif; the geometry is genuinely present and exploitable.,https://lichess.org/analysis/standard/2r1kr2/5pQp/1pN1p3/8/4n3/P3K3/1Pbp1PPP/5BNR_w_-_-_1_26,https://flawchess.com/analysis?game_id=873480&ply=50
0104,1902345,88,allowed,8/7Q/8/1K6/8/1P2p3/3k4/8 w - - 0 45,h7e7,e3e2 b5c4 e2e1r e7b4 d2e2 b4e1 e2e1 c4d3 e1f2 b3b4 f2f3 d3d4,e2 Kc4 [e1=R] Qb4+ Ke2 Qxe1+ Kxe1 Kd3 Kf2 b4 Kf3 Kd4,29,under-promotion,2,black,-6588,incidental,Solver catastrophically losing (-6588cp) at the firing node; the under-promotion trick occurs in an already-lost position.,https://lichess.org/analysis/standard/8/7Q/8/1K6/8/1P2p3/3k4/8_w_-_-_0_45,https://flawchess.com/analysis?game_id=1902345&ply=88
0105,550371,36,missed,3rr1k1/1ppq1p1p/p1n1bn2/6N1/1P1Pp2R/P3P3/1BPNB1P1/2KR4 b - - 2 18,h7h6,d4d5 h6g5 d2e4 g5h4 e4f6 g8f8 f6h7 f8g8,d5 hxg5 [Nxe4] gxh4 Nxf6+ Kf8 Nh7+ Kg8,17,sacrifice,2,white,0,real,Eval is dead equal (0cp) but the line shows a genuine follow-up (Nxf6+/Nh7+ knight fork) recovering full compensation for the sacrificed material.,https://lichess.org/analysis/standard/3rr1k1/1ppq1p1p/p1n1bn2/6N1/1P1Pp2R/P3P3/1BPNB1P1/2KR4_b_-_-_2_18,https://flawchess.com/analysis?game_id=550371&ply=35
0106,1536633,52,missed,2rr2k1/pq3pbp/1p2p1p1/4P3/2n1N3/P4N1P/1P2QPP1/3RR1K1 b - - 0 26,b7c6,d1d8 c8d8 e1c1 b6b5 b2b3 g7f8 a3a4 c6b6 b3c4 b5a4 c4c5 b6b4,Rxd8+ Rxd8 [Rc1] b5 b3 Bf8 a4 Qb6 bxc4 bxa4 c5 Qb4,15,clearance,2,white,399,incidental,"Rc1 creates no immediate threat; the rest of the line is quiet queenside pawn play despite a good eval (+399cp) — ordinary regrouping, not a used clearance.",https://lichess.org/analysis/standard/2rr2k1/pq3pbp/1p2p1p1/4P3/2n1N3/P4N1P/1P2QPP1/3RR1K1_b_-_-_0_26,https://flawchess.com/analysis?game_id=1536633&ply=51
0107,821072,24,missed,3qkb1r/Np1b1ppp/2p1p3/3p4/1p1PnB2/4PP2/2P3PP/1Q2KBNR b Kk - 0 12,e4c3,b1a1 d8b6 g1e2 c3e2 f1e2 f8e7 a1a4 e8g8 e1f2 f8a8 h1a1 f7f6,Qa1 Qb6 Ne2 Nxe2 Bxe2 Be7 Qa4 O-O Kf2 Ra8 [Ra1] f6,15,clearance,10,white,-114,incidental,Solver mildly losing (-114cp) at the firing node.,https://lichess.org/analysis/standard/3qkb1r/Np1b1ppp/2p1p3/3p4/1p1PnB2/4PP2/2P3PP/1Q2KBNR_b_Kk_-_0_12,https://flawchess.com/analysis?game_id=821072&ply=23
0108,703481,41,missed,r4rk1/p2q1ppp/2pb4/2pp4/5Nb1/1P2P1P1/PBQP1P2/2R3RK w - - 5 21,c2c3,g4f3 h1h2 d7g4 c3g7 g4g7 b2g7 g8g7 d2d3 g7h8 f4g2 a8e8 g2h4,Bf3+ Kh2 [Qg4] Qxg7+ Qxg7 Bxg7 Kxg7 d3 Kh8 Ng2 Rae8 Nh4,15,clearance,2,black,410,real,Qg4 is directly followed by a forcing Qxg7+/Qxg7/Bxg7 sequence winning material/king safety at +410cp.,https://lichess.org/analysis/standard/r4rk1/p2q1ppp/2pb4/2pp4/5Nb1/1P2P1P1/PBQP1P2/2R3RK_w_-_-_5_21,https://flawchess.com/analysis?game_id=703481&ply=40
0109,1233222,34,missed,1k1r1b1r/Nbpnq3/1p1p1n2/4p2p/Q1PP2p1/4P1P1/1P2BP1N/R1B2RK1 b - - 3 17,e7e6,a7c6 b8c8 a4a8 b7a8 a1a8 d7b8 d4d5 e6e8 a8b8 c8d7 b8d8 e8d8,[Nc6+] Kc8 Qa8+ Bxa8 Rxa8+ Nb8 d5 Qe8 Rxb8+ Kd7 Rxd8+ Qxd8,1,fork,0,white,none,real,The initial fork (Nc6+) leads to a forcing sequence of three separate rook captures (Rxa8+/Rxb8+/Rxd8+) — a devastating combination.,https://lichess.org/analysis/standard/1k1r1b1r/Nbpnq3/1p1p1n2/4p2p/Q1PP2p1/4P1P1/1P2BP1N/R1B2RK1_b_-_-_3_17,https://flawchess.com/analysis?game_id=1233222&ply=33
0110,874514,17,missed,r1bqk2r/ppppbnpp/8/n3p3/3PP3/1QP2N2/P4PPP/RNB1K2R w KQkq - 0 9,b3d5,c7c6 d5f7 e8f7 f3e5 f7g8 b1d2 d7d6 e5d3 c8e6 d3f4 e6f7 d2f3,c6 Qxf7+ [Kxf7] Nxe5+ Kg8 Nd2 d6 Nd3 Be6 Nf4 Bf7 Nf3,26,trapped-piece,2,black,630,real,Solver is winning (630cp) at the firing node on an already-high-precision motif; the geometry is genuinely present and exploitable.,https://lichess.org/analysis/standard/r1bqk2r/ppppbnpp/8/n3p3/3PP3/1QP2N2/P4PPP/RNB1K2R_w_KQkq_-_0_9,https://flawchess.com/analysis?game_id=874514&ply=16
0111,1060389,85,missed,4rk2/p7/8/2pP3R/2P3P1/4p3/Pr2K2P/8 w - - 3 43,e2f3,b2f2 f3g3 f8g7 h5h8 g7h8 d5d6 e3e2 d6d7 e8e3 g3h4 e2e1q d7d8q,Rf2+ Kg3 Kg7 Rh8 Kxh8 d6 e2 d7 [Re3+] Kh4 e1=Q d8=Q+,15,clearance,8,black,M7,real,The clearing move Re3+ gives check and leads directly to a forced mate in 7.,https://lichess.org/analysis/standard/4rk2/p7/8/2pP3R/2P3P1/4p3/Pr2K2P/8_w_-_-_3_43,https://flawchess.com/analysis?game_id=1060389&ply=84
0112,1995953,113,missed,1R6/2R3p1/4npkp/8/KP4P1/6r1/8/8 w - - 8 57,b8b6,e6c7 b6c6 c7d5 c6c5 d5b4 a4b4 g3g4 b4c3 h6h5 c3d3 h5h4 d3e3,[Nxc7] Rc6 Nd5 Rc5 Nxb4 Kxb4 Rxg4+ Kc3 h5 Kd3 h4 Ke3,2,hanging-piece,0,black,574,real,Solver is winning (574cp) at the firing node on an already-high-precision motif; the geometry is genuinely present and exploitable.,https://lichess.org/analysis/standard/1R6/2R3p1/4npkp/8/KP4P1/6r1/8/8_w_-_-_8_57,https://flawchess.com/analysis?game_id=1995953&ply=112
0113,2341654,54,missed,5r2/2R1pkbp/3pbnp1/8/1p1BPQ2/qP3P2/P5PP/3R2K1 b - - 2 27,f8d8,c7a7 a3a7 d4a7 d8a8 f4e3 h7h6 h2h4 g6g5 h4g5 h6g5 a7d4 a8a2,Ra7 Qxa7 [Bxa7] Ra8 Qe3 h6 h4 g5 hxg5 hxg5 Bd4 Rxa2,26,trapped-piece,2,white,399,real,Solver is winning (399cp) at the firing node on an already-high-precision motif; the geometry is genuinely present and exploitable.,https://lichess.org/analysis/standard/5r2/2R1pkbp/3pbnp1/8/1p1BPQ2/qP3P2/P5PP/3R2K1_b_-_-_2_27,https://flawchess.com/analysis?game_id=2341654&ply=53
0114,1556628,87,missed,8/k7/pr6/1p1Q2p1/1P1PKqP1/1B4bP/P7/2R5 w - - 3 44,e4d3,f4c1 b3c2 g3d6 a2a3 d6f4 d3c3 c1a3 c2b3 a3c1 b3c2 c1e1 c3b2,[Qxc1] Bc2 Bd6 a3 Bf4 Kc3 Qxa3+ Bb3 Qc1+ Bc2 Qe1+ Kb2,2,hanging-piece,0,black,548,real,Solver is winning (548cp) at the firing node on an already-high-precision motif; the geometry is genuinely present and exploitable.,https://lichess.org/analysis/standard/8/k7/pr6/1p1Q2p1/1P1PKqP1/1B4bP/P7/2R5_w_-_-_3_44,https://flawchess.com/analysis?game_id=1556628&ply=86
0115,2240691,62,missed,8/p4kpp/1p1r2n1/2p3N1/8/2P5/PP3PP1/4R1K1 b - - 1 31,f7f6,g5e4 f6e6 e4d6 e6d6 e1e8 a7a5 g1f1 b6b5 e8g8 g6f4 g2g3 f4e6,[Ne4+] Ke6 Nxd6+ Kxd6 Re8 a5 Kf1 b5 Rg8 Nf4 g3 Ne6,1,fork,0,white,445,real,Solver is winning (445cp) at the firing node on an already-high-precision motif; the geometry is genuinely present and exploitable.,https://lichess.org/analysis/standard/8/p4kpp/1p1r2n1/2p3N1/8/2P5/PP3PP1/4R1K1_b_-_-_1_31,https://flawchess.com/analysis?game_id=2240691&ply=61
0116,611401,95,missed,8/1K3k2/P7/8/8/8/8/1q6 w - - 1 48,b7a8,f7e6 a6a7 b1h7 a8b8 e6d6 a7a8n d6c6 a8c7 h7c7 b8a8 c7b7,Ke6 a7 Qh7 Kb8 Kd6 a8=N Kc6 Nc7 Qxc7+ Ka8 [Qb7#],8,mate,10,black,M1,real,"Forced mate (M1) for the solver at the firing node — a clearly winning, genuine tactic.",https://lichess.org/analysis/standard/8/1K3k2/P7/8/8/8/8/1q6_w_-_-_1_48,https://flawchess.com/analysis?game_id=611401&ply=94
0117,1209637,20,missed,r1bqk2r/pppnb2p/5p1Q/3p4/8/2NB1N2/PPPP2PP/R1B1K2R b KQkq - 3 10,d7f8,h6h5 e8d7 d3f5 f8e6 f3d4 d7d6 c3b5 d6c5 f5e6 c7c6 e6c8 d8c8,Qh5+ Kd7 Bf5+ Ne6 [Nd4] Kd6 Ncb5+ Kc5 Bxe6 c6 Bxc8 Qxc8,3,pin,4,white,none,real,The pin is directly exploited (Bxe6 captures the pinned knight) plus further material gain (Bxc8).,https://lichess.org/analysis/standard/r1bqk2r/pppnb2p/5p1Q/3p4/8/2NB1N2/PPPP2PP/R1B1K2R_b_KQkq_-_3_10,https://flawchess.com/analysis?game_id=1209637&ply=19
0118,2228803,43,missed,2r1k2r/1b1p4/2n1p2p/p1q1Ppp1/2B3n1/P4N2/4QPPP/R1BR2K1 w k - 2 22,c1b2,g4f2 e2f2 c5c4 f2d2 c4c5 g1h1 c5e7 a1c1 e8f7 h1g1 h8f8 f3e1,Nxf2 Qxf2 [Qxc4] Qd2 Qc5+ Kh1 Qe7 Rac1 Kf7 Kg1 Rhf8 Ne1,9,deflection,2,black,188,real,Solver is winning (188cp) at the firing node on an already-high-precision motif; the geometry is genuinely present and exploitable.,https://lichess.org/analysis/standard/2r1k2r/1b1p4/2n1p2p/p1q1Ppp1/2B3n1/P4N2/4QPPP/R1BR2K1_w_k_-_2_22,https://flawchess.com/analysis?game_id=2228803&ply=42
0119,640647,22,missed,1nbqk2r/r4ppp/p3pn2/1Pb5/1PNp4/6P1/4PPBP/RNBQ1RK1 b k - 0 11,a6b5,b4c5 a7a1 c4d6 e8f8 b1a3 e6e5 f2f4 e5e4 d1d4 a1a2 a3b5 a2e2,bxc5 Rxa1 [Nd6+] Kf8 Na3 e5 f4 e4 Qxd4 Ra2 Naxb5 Rxe2,17,sacrifice,2,white,213,real,"Despite losing the exchange (Rxa1), the follow-up Nd6+ fork nets real compensation and the position is +213cp for the mover.",https://lichess.org/analysis/standard/1nbqk2r/r4ppp/p3pn2/1Pb5/1PNp4/6P1/4PPBP/RNBQ1RK1_b_k_-_0_11,https://flawchess.com/analysis?game_id=640647&ply=21
0120,2224772,41,missed,r7/ppn1ppkr/q1np2p1/2p5/P1PbPB2/1P1B1QN1/6PP/1R3R1K w - - 6 21,f3g4,h7h2 h1h2 a8h8 g3h5 h8h5 h2g3 a6a5 g4e2 c7e6 f4e3 d4e3 e2e3,[Rxh2+] Kxh2 Rh8+ Nh5+ Rxh5+ Kg3 Qa5 Qe2 Ne6 Be3 Bxe3 Qxe3,10,attraction,0,black,324,real,Solver is winning (324cp) at the firing node on an already-high-precision motif; the geometry is genuinely present and exploitable.,https://lichess.org/analysis/standard/r7/ppn1ppkr/q1np2p1/2p5/P1PbPB2/1P1B1QN1/6PP/1R3R1K_w_-_-_6_21,https://flawchess.com/analysis?game_id=2224772&ply=40
0121,1605306,37,missed,2r1k3/pp1bnpb1/3p2p1/q2p2P1/5B2/1QN5/PP2PP2/2R1K2B w - - 0 19,f4d6,d5d4 h1b7 a5g5 b7c8 g5c1 c3d1 e7c8 b3b8 c1c6 d6e5 c6h1 e1d2,d4 [Bxb7] Qxg5 Bxc8 Qxc1+ Nd1 Nxc8 Qb8 Qc6 Be5 Qh1+ Kd2,6,discovered-attack,1,black,490,real,Solver is winning (490cp) at the firing node on an already-high-precision motif; the geometry is genuinely present and exploitable.,https://lichess.org/analysis/standard/2r1k3/pp1bnpb1/3p2p1/q2p2P1/5B2/1QN5/PP2PP2/2R1K2B_w_-_-_0_19,https://flawchess.com/analysis?game_id=1605306&ply=36
0122,2076242,31,missed,r2qr1k1/1p2npp1/pb2p2p/nP1pP3/P6P/B1PQ1N2/3N1PP1/R4RK1 w - - 5 16,f3d4,e7g6 a3d6 d8h4 g2g3 h4g4 d3e2 g4e2 d4e2 e8c8 f1b1 g6f8 d6f8,Ng6 [Bd6] Qxh4 g3 Qg4 Qe2 Qxe2 Nxe2 Rec8 Rfb1 Nf8 Bxf8,6,discovered-attack,1,black,206,real,Solver is winning (206cp) at the firing node on an already-high-precision motif; the geometry is genuinely present and exploitable.,https://lichess.org/analysis/standard/r2qr1k1/1p2npp1/pb2p2p/nP1pP3/P6P/B1PQ1N2/3N1PP1/R4RK1_w_-_-_5_16,https://flawchess.com/analysis?game_id=2076242&ply=30
0123,2211977,34,missed,r2q1rk1/pp2R1b1/2p2nBp/8/5B2/2N5/PnP2PPP/R3Q1K1 b - - 0 17,d8d4,e1e6 g8h8 f4e5 d4h4 c3e4 b2c4 e5c3 c4d2 e4d2 h4g5 e7g7 h8g7,Qe6+ Kh8 Be5 Qh4 Ne4 Nc4 [Bc3] Nd2 Nxd2 Qg5 Rxg7 Kxg7,15,clearance,6,white,616,real,"Bc3 is followed two moves later by Nxd2, netting material, with the position remaining +616cp.",https://lichess.org/analysis/standard/r2q1rk1/pp2R1b1/2p2nBp/8/5B2/2N5/PnP2PPP/R3Q1K1_b_-_-_0_17,https://flawchess.com/analysis?game_id=2211977&ply=33
0124,1550401,81,missed,8/4b2k/2p4p/2PpNq2/pP3P2/P1P4r/3B2K1/R7 w - - 4 41,a1h1,f5e4 g2h3 e4h1 h3g3 e7h4 g3g4 h6h5 g4f5 h1h3 e5g4 h3g4 f5e5,Qe4+ Kxh3 [Qxh1+] Kg3 Bh4+ Kg4 h5+ Kf5 Qh3+ Ng4 Qxg4+ Ke5,4,skewer,2,black,M9,real,"Forced mate (M9) for the solver at the firing node — a clearly winning, genuine tactic.",https://lichess.org/analysis/standard/8/4b2k/2p4p/2PpNq2/pP3P2/P1P4r/3B2K1/R7_w_-_-_4_41,https://flawchess.com/analysis?game_id=1550401&ply=80
0125,1066085,39,missed,r3r1k1/qp2bppp/2p2n2/p3nP2/N1P5/1P4PP/PBQ2PB1/3R2K1 w - - 4 20,b2e5,a8d8 d1d8 e7d8 e5c3 d8c7 c2d2 e8d8 d2e2 c7d6 c3d2 d8e8 e2d3,Rad8 Rxd8 Bxd8 Bc3 Bc7 Qd2 [Rd8] Qe2 Bd6 Bd2 Re8 Qd3,15,clearance,6,black,none,incidental,No eval available; the line after Rd8 is quiet regrouping (Qe2/Bd6/Bd2/Re8/Qd3) with no demonstrated forcing payoff.,https://lichess.org/analysis/standard/r3r1k1/qp2bppp/2p2n2/p3nP2/N1P5/1P4PP/PBQ2PB1/3R2K1_w_-_-_4_20,https://flawchess.com/analysis?game_id=1066085&ply=38
0126,575822,114,missed,8/3b4/4k3/2R1Bp2/1p1Pp3/4P3/2p2PK1/2r2N2 b - - 1 57,b4b3,f1d2 b3b2 d4d5 e6e5 d2c4 e5f6 c4b2 f5f4 e3f4 d7g4 g2h2 g4f3,Nd2 b2 d5+ Kxe5 [Nc4+] Kf6 Nxb2 f4 exf4 Bg4 Kh2 Bf3,17,sacrifice,4,white,-334,incidental,Solver losing (-334cp) at the firing node.,https://lichess.org/analysis/standard/8/3b4/4k3/2R1Bp2/1p1Pp3/4P3/2p2PK1/2r2N2_b_-_-_1_57,https://flawchess.com/analysis?game_id=575822&ply=113
0127,1527832,74,missed,3r1b1k/1Q5p/p1p2Pp1/2p1Pq2/6NP/1P3BP1/P3R1K1/8 b - - 0 37,h8g8,e5e6 f5d3 b7f7 g8h8 e6e7 d3d6 e7d8q d6d8 g4h6 f8h6 e2e8 d8e8,e6 Qd3 Qf7+ Kh8 e7 Qd6 [exd8=Q] Qxd8 Nh6 Bxh6 Re8+ Qxe8,28,promotion,6,white,M5,real,"Forced mate (M5) for the solver at the firing node — a clearly winning, genuine tactic.",https://lichess.org/analysis/standard/3r1b1k/1Q5p/p1p2Pp1/2p1Pq2/6NP/1P3BP1/P3R1K1/8_b_-_-_0_37,https://flawchess.com/analysis?game_id=1527832&ply=73
0128,947398,66,missed,6r1/p3k3/1p3p1r/4bQ1B/NpPp2P1/1P6/P5P1/R4RK1 b - - 2 33,d4d3,a1e1 e7d8 e1e5 f6e5 f5f7 h6d6 f7g8 d8c7 g8a8 d6d7 a8a7 c7d8,Rae1 Kd8 Rxe5 fxe5 [Qf7] Rd6 Qxg8+ Kc7 Qa8 Rd7 Qxa7+ Kd8,17,sacrifice,4,white,M7,real,Rook sacrifice (Rxe5/fxe5) is followed by Qf7! forcing mate in 7 — a textbook real sacrifice.,https://lichess.org/analysis/standard/6r1/p3k3/1p3p1r/4bQ1B/NpPp2P1/1P6/P5P1/R4RK1_b_-_-_2_33,https://flawchess.com/analysis?game_id=947398&ply=65
0129,1226157,24,missed,r3k2r/ppp1Ppbp/1n1p2p1/8/2PP4/1PNBPb2/P5PP/R1B1K1NR b KQkq - 0 12,f3g2,d3e4 g2h1 e4h1 c7c6 e1e2 f7f5 e2d3 e8e7 a2a4 a7a5 e3e4 a8f8,Be4 Bxh1 [Bxh1] c6 Ke2 f5 Kd3 Kxe7 a4 a5 e4 Raf8,17,sacrifice,2,white,none,incidental,No blob/eval available and the line shows only a quiet exchange-down endgame (Bxh1 recapture) with no visible compensation.,https://lichess.org/analysis/standard/r3k2r/ppp1Ppbp/1n1p2p1/8/2PP4/1PNBPb2/P5PP/R1B1K1NR_b_KQkq_-_0_12,https://flawchess.com/analysis?game_id=1226157&ply=23
0130,1462065,42,missed,2kr3r/pp6/1np1Q3/q2p3p/3P1B2/4PP2/PPP5/1K1R3R b - - 0 21,d8d7,e6e5 d7h7 h1h5 b6d7 e5h8 h7h8 h5h8 d7f8 h8f8 c8d7 f8f7 d7e6,Qe5 Rdh7 Rxh5 Nd7 Qxh8+ Rxh8 [Rxh8+] Nf8 Rxf8+ Kd7 Rf7+ Ke6,12,x-ray,6,white,714,real,"Rxh8+ is a clean x-ray recapture-with-check chain, +714cp.",https://lichess.org/analysis/standard/2kr3r/pp6/1np1Q3/q2p3p/3P1B2/4PP2/PPP5/1K1R3R_b_-_-_0_21,https://flawchess.com/analysis?game_id=1462065&ply=41
0131,1206152,75,missed,6k1/p4p1p/6p1/2P5/q2PKP2/6P1/7P/8 w - - 0 38,e4e5,a4e8 e5d6 e8d8 d6c6 d8d4 c6b5 g8f8 c5c6 f8e7 c6c7 e7d7 c7c8q,Qe8+ Kd6 Qd8+ Kc6 [Qxd4] Kb5 Kf8 c6 Ke7 c7 Kd7 c8=Q+,4,skewer,4,black,996,real,Solver is winning (996cp) at the firing node on an already-high-precision motif; the geometry is genuinely present and exploitable.,https://lichess.org/analysis/standard/6k1/p4p1p/6p1/2P5/q2PKP2/6P1/7P/8_w_-_-_0_38,https://flawchess.com/analysis?game_id=1206152&ply=74
0132,853850,54,missed,2q2r2/2n1Q1k1/ppp1p1pp/4P3/2P1N3/6P1/PP3P1P/3R2K1 b - - 0 27,f8f7,e7f7 g7f7 e4d6 f7g8 d6c8 c7e8 c8e7 g8f8 e7c6 h6h5 c6b8 e8g7,[Qxf7+] Kxf7 Nd6+ Kg8 Nxc8 Ne8 Ne7+ Kf8 Nxc6 h5 Nb8 Ng7,10,attraction,0,white,765,real,Solver is winning (765cp) at the firing node on an already-high-precision motif; the geometry is genuinely present and exploitable.,https://lichess.org/analysis/standard/2q2r2/2n1Q1k1/ppp1p1pp/4P3/2P1N3/6P1/PP3P1P/3R2K1_b_-_-_0_27,https://flawchess.com/analysis?game_id=853850&ply=53
0133,1689373,26,missed,r1b1qrk1/2pp1pbp/1p3np1/p3P1B1/8/P1NQ1N2/1PP2PPP/R3R1K1 b - - 0 13,c8a6,e5f6 a6d3 f6g7 d3c4 g7f8q e8f8 c3e4 c4e6 f3d4 f8c8 g5h6 g8h8,exf6 Bxd3 [fxg7] Bc4 gxf8=Q+ Qxf8 Ne4 Be6 Nd4 Qc8 Bh6 Kh8,17,sacrifice,2,white,453,real,Material given up buys a passed pawn that promotes with check (gxf8=Q+); the position is +453cp for the mover.,https://lichess.org/analysis/standard/r1b1qrk1/2pp1pbp/1p3np1/p3P1B1/8/P1NQ1N2/1PP2PPP/R3R1K1_b_-_-_0_13,https://flawchess.com/analysis?game_id=1689373&ply=25
0134,2073265,48,missed,1Q5r/p3k1pp/8/3qP3/7B/3B3b/P4P1P/1n2KR2 b - - 4 24,e7e6,b8b1 d5e5 e1d1 h3f1 b1b3 e5d5 b3d5 e6d5 d3f1 d5e4 d1d2 e4f3,Qxb1 Qxe5+ Kd1 Bxf1 [Qb3+] Qd5 Qxd5+ Kxd5 Bxf1 Ke4 Kd2 Kf3,17,sacrifice,4,white,197,wrong,"No sacrifice occurs in this line: White never offers material; Black simply captures a knight (Qxb1) and then a rook (Bxf1) in sequence. The stored rationale describing a trade-sequence material/initiative edge does not describe a sacrifice at all (221-D13-SPOTCHECK.md).",https://lichess.org/analysis/standard/1Q5r/p3k1pp/8/3qP3/7B/3B3b/P4P1P/1n2KR2_b_-_-_4_24,https://flawchess.com/analysis?game_id=2073265&ply=47
0135,1555368,49,missed,1r3rk1/2p3p1/p2qp2p/5p2/1pPPP3/3Q1PP1/n1B4P/4R1RK w - - 0 25,e4f5,b4b3 c2b3 d6a3 e1b1 a2b4 d3d1 b4a2 c4c5 g8h8 f5e6 a2c3 d1c2,b3 Bxb3 [Qa3] Rb1 Nb4 Qd1 Na2 c5 Kh8 fxe6 Nc3 Qc2,15,clearance,2,black,-110,incidental,Solver mildly losing (-110cp) at the firing node.,https://lichess.org/analysis/standard/1r3rk1/2p3p1/p2qp2p/5p2/1pPPP3/3Q1PP1/n1B4P/4R1RK_w_-_-_0_25,https://flawchess.com/analysis?game_id=1555368&ply=48
0136,478939,34,missed,2r1r1k1/pp3pb1/3B2p1/5q1p/3P1R2/7P/PP3PP1/RN1Q2K1 b - - 1 17,f5d5,d6b4 g6g5 d1h5 d5e6 h5g5 e6g6 g5g6 c8c1 g1h2 f7g6 a2a4 b7b6,Bb4 g5 [Qxh5] Qe6 Qxg5 Qg6 Qxg6 Rc1+ Kh2 fxg6 a4 b6,13,interference,2,white,382,real,Solver is winning (382cp) at the firing node on an already-high-precision motif; the geometry is genuinely present and exploitable.,https://lichess.org/analysis/standard/2r1r1k1/pp3pb1/3B2p1/5q1p/3P1R2/7P/PP3PP1/RN1Q2K1_b_-_-_1_17,https://flawchess.com/analysis?game_id=478939&ply=33
0137,2245309,38,missed,3qr1k1/pb3pbp/1p4p1/2rn4/4p3/1Q2P2P/PP1N1PPB/R3NRK1 b - - 1 19,d8c8,h2d6 c5c6 b3d5 e8d8 d2e4 c6c4 d5g5 c4e4 a1c1 c8a8 f2f3 h7h6,Bd6 Rc6 [Qxd5] Rd8 Nxe4 Rc4 Qg5 Rxe4 Rc1 Qa8 f3 h6,14,self-interference,2,white,-195,incidental,Solver losing (-195cp) at the firing node.,https://lichess.org/analysis/standard/3qr1k1/pb3pbp/1p4p1/2rn4/4p3/1Q2P2P/PP1N1PPB/R3NRK1_b_-_-_1_19,https://flawchess.com/analysis?game_id=2245309&ply=37
0138,2419958,70,missed,2r5/1p2k1pp/p1bR1p2/4pP2/2P5/1P6/P5PP/3R3K b - - 2 35,g7g6,d6e6 e7f7 d1d6 g6f5 e6f6 f7e7 d6e6 e7d7 e6e5 c6e4 h1g1 c8g8,Re6+ Kf7 [Rdd6] gxf5 Rxf6+ Ke7 Rde6+ Kd7 Rxe5 Be4 Kg1 Rg8,15,clearance,2,white,438,real,"The doubled rook (Rdd6) directly enables Rxf6+/Rde6+/Rxe5, a winning sequence of captures with checks at +438cp.",https://lichess.org/analysis/standard/2r5/1p2k1pp/p1bR1p2/4pP2/2P5/1P6/P5PP/3R3K_b_-_-_2_35,https://flawchess.com/analysis?game_id=2419958&ply=69
0139,2151170,30,missed,r2q1rk1/pb2npbp/1p2p1p1/3p4/2P4B/P1N1P3/1P2BPPP/1R1Q1RK1 b - - 0 15,d5c4,d1d8 f8d8 h4e7 d8d2 f1e1 a7a5 g1f1 b6b5 e1d1 d2d1 b1d1 b7c6,Qxd8 Rfxd8 [Bxe7] Rd2 Rfe1 a5 Kf1 b5 Red1 Rxd1+ Rxd1 Bc6,16,capturing-defender,2,white,363,real,Solver is winning (363cp) at the firing node on an already-high-precision motif; the geometry is genuinely present and exploitable.,https://lichess.org/analysis/standard/r2q1rk1/pb2npbp/1p2p1p1/3p4/2P4B/P1N1P3/1P2BPPP/1R1Q1RK1_b_-_-_0_15,https://flawchess.com/analysis?game_id=2151170&ply=29
0140,2291667,42,missed,3k3r/pbp1bpqp/1p1p2p1/1P1Pp3/P1P1Q3/2N2N1P/5PP1/R3R1K1 b - - 0 21,a7a5,b5a6 b7a8 a4a5 f7f5 e4b1 b6a5 c4c5 d6c5 b1b8 d8d7 f3e5 g7e5,[bxa6] Ba8 a5 f5 Qb1 bxa5 c5 dxc5 Qb8+ Kd7 Nxe5+ Qxe5,27,en-passant,0,white,580,real,Solver is winning (580cp) at the firing node on an already-high-precision motif; the geometry is genuinely present and exploitable.,https://lichess.org/analysis/standard/3k3r/pbp1bpqp/1p1p2p1/1P1Pp3/P1P1Q3/2N2N1P/5PP1/R3R1K1_b_-_-_0_21,https://flawchess.com/analysis?game_id=2291667&ply=41
0141,1507261,36,missed,3r1knr/1p1Nbppp/p7/2p5/Q3b3/2q1B2P/P3BPP1/R4RK1 b - - 3 18,f8e8,d7f6 e8f8 a4e8 d8e8 f6d7,Nf6+ Kf8 Qe8+ Rxe8 [Nd7#],18,smothered-mate,4,white,M1,real,"Forced mate (M1) for the solver at the firing node — a clearly winning, genuine tactic.",https://lichess.org/analysis/standard/3r1knr/1p1Nbppp/p7/2p5/Q3b3/2q1B2P/P3BPP1/R4RK1_b_-_-_3_18,https://flawchess.com/analysis?game_id=1507261&ply=35
0142,853634,30,missed,r4rk1/pb2pp1p/1qp3p1/6QP/4p1n1/2N5/PPP2PP1/2KR1B1R b - - 2 15,g4f2,h5g6 c6c5 g6f7 g8h8 h1h6 f8f7 h6b6 a7b6 d1d7 f2g4 f1c4 f7g7,hxg6 c5 [gxf7+] Kh8 Rh6 Rxf7 Rxb6 axb6 Rd7 Ng4 Bc4 Rg7,5,double-check,2,white,513,real,Solver is winning (513cp) at the firing node on an already-high-precision motif; the geometry is genuinely present and exploitable.,https://lichess.org/analysis/standard/r4rk1/pb2pp1p/1qp3p1/6QP/4p1n1/2N5/PPP2PP1/2KR1B1R_b_-_-_2_15,https://flawchess.com/analysis?game_id=853634&ply=29
0143,2345955,58,missed,6k1/5ppp/1P2p1b1/8/6P1/P6P/B2r1P2/2R1RK2 b - - 0 29,d2a2,c1c8,[Rc8#],7,back-rank-mate,0,white,M1,real,"Forced mate (M1) for the solver at the firing node — a clearly winning, genuine tactic.",https://lichess.org/analysis/standard/6k1/5ppp/1P2p1b1/8/6P1/P6P/B2r1P2/2R1RK2_b_-_-_0_29,https://flawchess.com/analysis?game_id=2345955&ply=57
0144,1210846,46,missed,r7/1R3Pkp/p5p1/3Bp3/5P2/8/P5PP/R5K1 b - - 0 23,e5f4,f7f8q g7f8 b7f7 f8g8 f7a7 g8f8 d5a8 f4f3 a1b1 f3f2 g1f2 a6a5,[f8=Q+] Kxf8 Rf7+ Kg8 Ra7+ Kf8 Bxa8 f3 Rb1 f2+ Kxf2 a5,5,double-check,0,white,M7,real,"Forced mate (M7) for the solver at the firing node — a clearly winning, genuine tactic.",https://lichess.org/analysis/standard/r7/1R3Pkp/p5p1/3Bp3/5P2/8/P5PP/R5K1_b_-_-_0_23,https://flawchess.com/analysis?game_id=1210846&ply=45
0145,761208,18,missed,rn1qk1nr/1bpp1pb1/pp2p2p/4P1p1/2PP4/2NBBN2/PP3PPP/R2QK2R b KQkq - 1 9,g5g4,f3d2 h6h5 e1g1 b8c6 d2e4 f7f5 e5f6 g8f6 e4g5 e8g8 c3e2 b6b5,Nd2 h5 O-O Nc6 Nde4 f5 [exf6] Nxf6 Ng5 O-O Ne2 b5,27,en-passant,6,white,none,real,The en-passant capture nets a clean pawn with no complications in the follow-up.,https://lichess.org/analysis/standard/rn1qk1nr/1bpp1pb1/pp2p2p/4P1p1/2PP4/2NBBN2/PP3PPP/R2QK2R_b_KQkq_-_1_9,https://flawchess.com/analysis?game_id=761208&ply=17
0146,770806,50,missed,k1r2r2/pp6/3Q4/3NP1Pp/2q4P/5P2/PPPR4/2K4R b - - 4 25,c4a2,d5c7 a8b8 c7a6 b8a8 d6b8 c8b8 a6c7,Nc7+ Kb8 Na6+ Ka8 Qb8+ Rxb8 [Nc7#],18,smothered-mate,6,white,M1,real,"Forced mate (M1) for the solver at the firing node — a clearly winning, genuine tactic.",https://lichess.org/analysis/standard/k1r2r2/pp6/3Q4/3NP1Pp/2q4P/5P2/PPPR4/2K4R_b_-_-_4_25,https://flawchess.com/analysis?game_id=770806&ply=49
0147,1431677,59,missed,8/p6R/2p1kp2/1p2p3/1Pn3r1/1K6/P1P5/8 w - - 0 30,h7a7,g4g3 c2c3 g3g2 a7e7 e6e7 a2a3 g2b2,Rg3+ c3 Rg2 Re7+ Kxe7 a3 [Rb2#],20,hook-mate,6,black,M1,real,"Forced mate (M1) for the solver at the firing node — a clearly winning, genuine tactic.",https://lichess.org/analysis/standard/8/p6R/2p1kp2/1p2p3/1Pn3r1/1K6/P1P5/8_w_-_-_0_30,https://flawchess.com/analysis?game_id=1431677&ply=58
0148,2157390,82,missed,8/8/1r2p1k1/4Npp1/8/3p1PK1/6P1/2R5 b - - 1 41,g6h5,c1h1,[Rh1#],19,anastasia-mate,0,white,M1,real,"Forced mate (M1) for the solver at the firing node — a clearly winning, genuine tactic.",https://lichess.org/analysis/standard/8/8/1r2p1k1/4Npp1/8/3p1PK1/6P1/2R5_b_-_-_1_41,https://flawchess.com/analysis?game_id=2157390&ply=81
0149,1231891,84,missed,8/5p2/6kr/1p1P1Q2/2p1P3/3q2P1/5BK1/5R2 b - - 4 42,g6g7,f2d4 d3d4 f5f7 g7h8 f7f8 h8h7 f1f7 h7g6 f7g7 d4g7 f8f5,Bd4+ Qxd4 Qxf7+ Kh8 Qf8+ Kh7 Rf7+ Kg6 Rg7+ Qxg7 [Qf5#],24,dovetail-mate,10,white,M1,real,"Forced mate (M1) for the solver at the firing node — a clearly winning, genuine tactic.",https://lichess.org/analysis/standard/8/5p2/6kr/1p1P1Q2/2p1P3/3q2P1/5BK1/5R2_b_-_-_4_42,https://flawchess.com/analysis?game_id=1231891&ply=83
0150,1063900,22,missed,r1q1kb1r/1p2pppp/p1n5/3N4/3P1Bn1/1Q2P3/PP3PPP/R3KB1R b KQkq - 0 11,e7e5,d4e5 g4e5 a1c1 f8d6 f4e5 d6e5 d5b6 c8g4 b6a8 e8g8 a8b6 e5c7,dxe5 Ngxe5 Rc1 Bd6 [Bxe5] Bxe5 Nb6 Qg4 Nxa8 O-O Nb6 Bc7,11,intermezzo,4,white,none,real,"Bxe5 in-between capture is followed by Nxa8, winning a full rook.",https://lichess.org/analysis/standard/r1q1kb1r/1p2pppp/p1n5/3N4/3P1Bn1/1Q2P3/PP3PPP/R3KB1R_b_KQkq_-_0_11,https://flawchess.com/analysis?game_id=1063900&ply=21
0151,507971,38,missed,r2r2k1/p2nb1pp/1p6/3p4/8/P1B1PP1B/1P3P1P/R5RK b - - 3 19,e7f6,h3d7 f6c3 d7e6 g8f8 b2c3 d8d6 e6g4 d6c6 a1c1 c6c5 h2h3 a7a5,Bxd7 Bxc3 Be6+ Kf8 [bxc3] Rd6 Bg4 Rc6 Rac1 Rc5 h3 a5,11,intermezzo,4,white,none,real,"Be6+ is a genuine in-between check inserted before the natural recapture bxc3, netting a favorable material swing.",https://lichess.org/analysis/standard/r2r2k1/p2nb1pp/1p6/3p4/8/P1B1PP1B/1P3P1P/R5RK_b_-_-_3_19,https://flawchess.com/analysis?game_id=507971&ply=37
0152,609187,24,missed,r1b1kb1r/3n1ppp/1qn1p3/pp1pP1N1/2pP4/2P3N1/PPB2PPP/R1BQ1RK1 b kq - 3 12,f8e7,g3h5 g7g6 d1f3 c6e5 h5g7 e8d8 d4e5 d7e5 f3g3 e7f6 f1e1 f6g7,Nh5 g6 Qf3 Ncxe5 Ng7+ Kd8 [dxe5] Nxe5 Qg3 Bf6 Re1 Bxg7,11,intermezzo,6,white,377,real,Ng7+ fork followed by the dxe5 in-between recapture nets material with the position at +377cp.,https://lichess.org/analysis/standard/r1b1kb1r/3n1ppp/1qn1p3/pp1pP1N1/2pP4/2P3N1/PPB2PPP/R1BQ1RK1_b_kq_-_3_12,https://flawchess.com/analysis?game_id=609187&ply=23
0153,2209528,97,missed,8/8/4K2p/4R3/5p2/5k1r/P7/8 w - - 2 49,e6f5,h3h5 f5e6 h5e5 e6d6 f3e4 d6d7 f4f3 d7c7 f3f2 c7c8 f2f1r c8c7,Rh5+ Ke6 Rxe5+ Kd6 Ke4 Kd7 f3 Kc7 f2 Kc8 [f1=R] Kc7,29,under-promotion,10,black,M4,real,"Forced mate (M4) for the solver at the firing node — a clearly winning, genuine tactic.",https://lichess.org/analysis/standard/8/8/4K2p/4R3/5p2/5k1r/P7/8_w_-_-_2_49,https://flawchess.com/analysis?game_id=2209528&ply=96
0154,2157372,55,missed,2kq2n1/7r/pBp4r/P1P3p1/5bP1/8/1P3PK1/7R w - - 0 28,b6d8,h6h1 d8g5 h7h2 g2f3 f4g5 b2b4 g8f6 f3e2 g5h4 e2d3 h2f2 g4g5,Rxh1 Bxg5 R7h2+ Kf3 [Bxg5] b4 Nf6 Ke2 Bh4 Kd3 Rxf2 g5,11,intermezzo,4,black,M10,real,Forced mate in 10 for the mover.,https://lichess.org/analysis/standard/2kq2n1/7r/pBp4r/P1P3p1/5bP1/8/1P3PK1/7R_w_-_-_0_28,https://flawchess.com/analysis?game_id=2157372&ply=54
0155,1313840,66,missed,rn6/8/2b1R3/8/p3k3/7P/5PP1/3R2K1 b - - 5 33,e4f5,d1e1 c6g2 e6e5 f5f6 g1g2 b8d7 e5e8 a8a5 e8e6 f6g5 e6e7 d7c5,Rde1 Bxg2 R6e5+ Kf6 [Kxg2] Nd7 Re8 Ra5 R8e6+ Kg5 Re7 Nc5,11,intermezzo,4,white,none,real,Kxg2 in-between recapture is preceded by forcing checks (R6e5+) gaining tempo before regaining the material.,https://lichess.org/analysis/standard/rn6/8/2b1R3/8/p3k3/7P/5PP1/3R2K1_b_-_-_5_33,https://flawchess.com/analysis?game_id=1313840&ply=65
0156,1880106,60,missed,6rk/pp5p/2p2Q2/8/2q5/6P1/PP4BP/5RK1 b - - 3 30,g8g7,f1d1 c4c5 g1h1 c5e7 d1d8 e7d8 f6d8 g7g8 d8f6 g8g7 g2h3 h7h6,Rd1 Qc5+ Kh1 Qe7 Rd8+ Qxd8 [Qxd8+] Rg8 Qf6+ Rg7 Bh3 h6,12,x-ray,6,white,M8,real,Forced mate in 8 via the x-ray recapture Qxd8+.,https://lichess.org/analysis/standard/6rk/pp5p/2p2Q2/8/2q5/6P1/PP4BP/5RK1_b_-_-_3_30,https://flawchess.com/analysis?game_id=1880106&ply=59
0157,496088,78,missed,2r5/p4kpp/8/1p3p2/1P6/PQ4P1/2p2PK1/2Rq4 b - - 3 39,f7g6,c1d1 c2d1q b3d1 c8f8 d1d6 f8f6 d6d7 h7h6 d7b5 g6h7 b5e5 a7a6,Rxd1 cxd1=Q [Qxd1] Rf8 Qd6+ Rf6 Qd7 h6 Qxb5 Kh7 Qe5 a6,12,x-ray,2,white,523,real,"Qxd1 is a clean x-ray recapture behind the promoted queen, +523cp.",https://lichess.org/analysis/standard/2r5/p4kpp/8/1p3p2/1P6/PQ4P1/2p2PK1/2Rq4_b_-_-_3_39,https://flawchess.com/analysis?game_id=496088&ply=77
0158,2234470,110,missed,7r/8/4B3/P4R2/8/1P3K1k/8/8 b - - 1 55,h3h2,f3f2 h8h3 a5a6 h3h7 a6a7 h7h4 a7a8q h4f4 a8f3 f4f3 f5f3 h2h1,Kf2 Rh3 a6 Rh7 a7 Rh4 a8=Q Rf4+ Qf3 Rxf3+ [Rxf3] Kh1,12,x-ray,10,white,M2,real,Forced mate in 2 via the x-ray recapture Rxf3.,https://lichess.org/analysis/standard/7r/8/4B3/P4R2/8/1P3K1k/8/8_b_-_-_1_55,https://flawchess.com/analysis?game_id=2234470&ply=109
0159,875640,52,missed,r3r3/3q1pk1/1p1p2p1/p2Rn1Q1/2p2P1N/8/PP4P1/1K5R b - - 0 26,d7g4,g5h6 g7f6 d5d6 f6e7 f4e5 e8g8 h6e3 g8h8 d6d4 h8h4 d4g4 h4h1,Qh6+ Kf6 Rxd6+ Ke7 [fxe5] Rg8 Qe3 Rh8 Rd4 Rxh4 Rxg4 Rxh1+,14,self-interference,4,white,514,real,"Winning attacking sequence with multiple captures/checks, +514cp.",https://lichess.org/analysis/standard/r3r3/3q1pk1/1p1p2p1/p2Rn1Q1/2p2P1N/8/PP4P1/1K5R_b_-_-_0_26,https://flawchess.com/analysis?game_id=875640&ply=51
0160,1510004,77,missed,3r4/5pk1/8/p5pp/8/1P3PP1/P1rpR1P1/3R2K1 w - - 2 39,a2a3,c2c1 e2d2 c1d1 d2d1 d8d1 g1f2 d1a1 g3g4 a1a2 f2g3 h5g4 g3g4,Rc1 Rxd2 Rxd1+ Rxd1 [Rxd1+] Kf2 Ra1 g4 Ra2+ Kg3 hxg4 Kxg4,12,x-ray,4,black,698,real,"Rxd1+ is a clean x-ray recapture with check, +698cp.",https://lichess.org/analysis/standard/3r4/5pk1/8/p5pp/8/1P3PP1/P1rpR1P1/3R2K1_w_-_-_2_39,https://flawchess.com/analysis?game_id=1510004&ply=76
0161,2183519,104,missed,8/R6p/7k/P7/8/6K1/r5R1/8 b - - 6 52,a2a3,g3f4 a3a5 g2h2 h6g6 a7a5 h7h5 a5a6 g6g7 h2b2 h5h4 b2b7 g7f8,Kf4 Rxa5 Rh2+ Kg6 [Rxa5] h5 Ra6+ Kg7 Rb2 h4 Rb7+ Kf8,11,intermezzo,4,white,M5,real,Forced mate in 5 for the mover.,https://lichess.org/analysis/standard/8/R6p/7k/P7/8/6K1/r5R1/8_b_-_-_6_52,https://flawchess.com/analysis?game_id=2183519&ply=103
0162,1528128,60,missed,2r3k1/2prRpp1/p2p1nq1/3P1N1p/2R2Q1P/1P6/1PP2PP1/6K1 b - - 7 30,c8d8,c4c7 d7c7 e7c7 g8h7 f5e7 g6g4 f4g4 h5g4 g1f1 h7h6 c7c8 d8c8,Rxc7 Rxc7 [Rxc7] Kh7 Ne7 Qg4 Qxg4 hxg4 Kf1 Kh6 Rc8 Rxc8,12,x-ray,2,white,348,real,"Rxc7 is a clean x-ray recapture, +348cp.",https://lichess.org/analysis/standard/2r3k1/2prRpp1/p2p1nq1/3P1N1p/2R2Q1P/1P6/1PP2PP1/6K1_b_-_-_7_30,https://flawchess.com/analysis?game_id=1528128&ply=59
0163,1228706,40,missed,1rb2rk1/p1q1np1p/1p4p1/1Np5/4PP2/P3Q1PP/1P4B1/R2R2K1 b - - 4 20,c7b7,f4f5 c8f5 b5d6 b7d7 e4f5 e7f5 d6f5 d7f5 d1d5 f5f6 d5e5 b8d8,f5 Bxf5 Nd6 Qd7 [exf5] Nxf5 Nxf5 Qxf5 Rd5 Qf6 Re5 Rbd8,11,intermezzo,4,white,none,incidental,No eval available and the visible 12-ply line ends in further exchanges without a demonstrated material or positional verdict.,https://lichess.org/analysis/standard/1rb2rk1/p1q1np1p/1p4p1/1Np5/4PP2/P3Q1PP/1P4B1/R2R2K1_b_-_-_4_20,https://flawchess.com/analysis?game_id=1228706&ply=39
0164,2198562,21,missed,rn1qr1k1/pp3ppp/2pb1p2/8/3P4/4BN2/bPPQBPPP/2KR3R w - - 0 11,b2b3,d6a3,[Ba3#],23,double-bishop-mate,0,black,M1,real,"Forced mate (M1) for the solver at the firing node — a clearly winning, genuine tactic.",https://lichess.org/analysis/standard/rn1qr1k1/pp3ppp/2pb1p2/8/3P4/4BN2/bPPQBPPP/2KR3R_w_-_-_0_11,https://flawchess.com/analysis?game_id=2198562&ply=20
