position	fen	dispatch_mode	nodes_evaluated_at_stop	stop_reason	wall_ms	maia_cpu_ms	maia_peak_inflight	maia_fifo	concurrency	max_nodes	elo	stop_rule	guard_window	first_expansions	exposure_snapshots	eligible_snapshots	pool_size	root_split_calls
italian	r1bqkb1r/pppp1ppp/2n2n2/4p3/2B1P3/5N2/PPPP1PPP/RNBQK2R w KQkq - 4 4	round	12	early-stop	2890	1321.7	1	true	4	50	1500	on	0.09	5	4	5	4	0
middlegame	r2q1rk1/pp1nbppp/2p1bn2/3p4/3P1B2/2N1PN2/PPQ1BPPP/R4RK1 w - - 6 11	round	50	budget	8253	4062.6	1	true	4	50	1500	on	0.09	11	5	43	4	0
sharp	r1bq1r1k/pp1nbppp/2p1p3/3pP3/3P4/2NB1N2/PPPQ1PPP/R3K2R w KQ - 2 11	round	15	early-stop	3325	1385.2	1	true	4	50	1500	on	0.09	5	0	8	4	0
endgame	8/2p5/3p4/KP5r/1R3p1k/8/4P1P1/8 w - - 0 1	round	8	early-stop	1626	883.1	1	true	4	50	1500	on	0.09	2	0	1	4	0
C50	r1bqk1nr/pppp1ppp/2n5/2b1p3/2B1P3/5N2/PPPP1PPP/RNBQK2R w KQkq - 4 4	round	9	early-stop	1841	878.9	1	true	4	50	1500	on	0.09	4	2	2	4	0
C60	r1bqkbnr/pppp1ppp/2n5/1B2p3/4P3/5N2/PPPP1PPP/RNBQK2R b KQkq - 3 3	round	50	budget	6060	3940.7	1	true	4	50	1500	on	0.09	6	9	43	4	0
C70	r1bqkbnr/1ppp1ppp/p1n5/4p3/B3P3/5N2/PPPP1PPP/RNBQK2R b KQkq - 1 4	round	11	early-stop	2758	1134.4	1	true	4	50	1500	on	0.09	4	0	4	4	0
C45	r1bqkbnr/pppp1ppp/2n5/4p3/3PP3/5N2/PPP2PPP/RNBQKB1R b KQkq - 0 3	round	8	early-stop	1493	902.0	1	true	4	50	1500	on	0.09	3	0	1	4	0
C42	rnbqkb1r/pppp1ppp/5n2/4p3/4P3/5N2/PPPP1PPP/RNBQKB1R w KQkq - 2 3	round	24	early-stop	2996	2027.4	1	true	4	50	1500	on	0.09	4	0	17	4	0
C47	r1bqkb1r/pppp1ppp/2n2n2/4p3/4P3/2N2N2/PPPP1PPP/R1BQKB1R w KQkq - 4 4	round	50	budget	5630	4018.8	1	true	4	50	1500	on	0.09	5	9	43	4	0
C25	rnbqkbnr/pppp1ppp/8/4p3/4P3/2N5/PPPP1PPP/R1BQKBNR b KQkq - 1 2	round	50	budget	5955	3866.6	1	true	4	50	1500	on	0.09	6	7	43	4	0
C30	rnbqkbnr/pppp1ppp/8/4p3/4PP2/8/PPPP2PP/RNBQKBNR b KQkq - 0 2	round	12	early-stop	2454	1122.3	1	true	4	50	1500	on	0.09	4	0	5	4	0
B50	rnbqkbnr/pp2pppp/3p4/2p5/4P3/5N2/PPPP1PPP/RNBQKB1R w KQkq - 0 3	round	50	budget	5821	3926.9	1	true	4	50	1500	on	0.09	7	7	43	4	0
B90	rnbqkb1r/1p2pppp/p2p1n2/8/3NP3/2N5/PPP2PPP/R1BQKB1R w KQkq - 0 6	round	16	early-stop	3567	1381.0	1	true	4	50	1500	on	0.09	8	8	9	4	0
B70	rnbqkb1r/pp2pp1p/3p1np1/8/3NP3/2N5/PPP2PPP/R1BQKB1R w KQkq - 0 6	round	50	budget	6612	3722.7	1	true	4	50	1500	on	0.09	8	3	43	4	0
C00	rnbqkbnr/pppp1ppp/4p3/8/4P3/8/PPPP1PPP/RNBQKBNR w KQkq - 0 2	round	50	budget	6797	4027.0	1	true	4	50	1500	on	0.09	6	7	43	4	0
