arm	stop_rule	id	fen	correct_move	bot_move	es_bot	es_correct	delta_bot	verdict_bot	analysis_move	es_analysis	delta_analysis	verdict_analysis	nodes_evaluated	stop_reason	wall_ms	grade_depth	elo	max_nodes	pool_size	root_split_calls	dispatch_mode	repeat	hash_mode	maia_fifo	maia_thread
a0-parity-main	off	g687537-p46	3r2k1/1pb2ppp/p2r3q/8/1PB5/2P2Q2/PB3PPP/3R1RK1 b - - 3 24	h6h2	d6d1	0.178817	0.500000	-0.321183	regression	d6d1	0.178817	-0.321183	regression	50	budget	5416	18	1500	50	4	1	round	1	clear	true	main
a0-parity-main	off	g687537-p48	3r2k1/1pb2ppp/p2r4/8/1PB5/2P2Q2/PB3PPK/3R1R2 b - - 0 25	d6h6	d6h6	0.500000	0.500000	0.000000	pass	d6h6	0.500000	0.000000	pass	50	budget	4620	18	1500	50	4	1	round	1	clear	true	main
a0-parity-main	off	qFkqJ	5rk1/p5pp/b1p1p3/2p1N3/3Pp1Qq/N1P5/PP4PP/R5K1 b - - 6 18	h4f2	h4f2	0.975447	0.975447	0.000000	pass	h4f2	0.975447	0.000000	pass	50	budget	5103	18	1500	50	4	1	round	1	clear	true	main
a0-parity-main	off	3pyT9	2k4r/ppq4p/5p2/2N2bp1/2PPr3/PQ2B3/P3nPPP/R4R1K b - - 7 20	c7h2	c7h2	0.975447	0.975447	0.000000	pass	c7h2	0.975447	0.000000	pass	50	budget	5529	18	1500	50	4	1	round	1	clear	true	main
a0-parity-main	off	Mhfvi	2k4r/ppp4p/1b2p3/1Nq4r/2P3n1/2Q3B1/PP4PP/R4R1K b - - 5 22	c5g1	h8g8	0.630393	0.975447	-0.345055	regression	h8g8	0.630393	-0.345055	regression	50	budget	6758	18	1500	50	4	1	round	1	clear	true	main
a0-parity-main	off	qRvUi	2r2r1k/p4Pp1/7p/1n1p4/7B/qP3N1B/P1p3PP/2Q4K w - - 1 32	c1h6	c1h6	0.975447	0.975447	0.000000	pass	c1h6	0.975447	0.000000	pass	50	budget	4688	18	1500	50	4	1	round	1	clear	true	main
a0-parity-main	off	mWhzd	2kr1b1r/1p1n1pp1/1Rn1p1p1/3p4/3P1BP1/2P1PP2/3N3P/4KB1R w K - 1 20	b6c6	b6b5	0.588353	0.975447	-0.387094	regression	b6b5	0.588353	-0.387094	regression	50	budget	5970	18	1500	50	4	1	round	1	clear	true	main
a0-parity-main	off	I3vZ1	r6k/1b2pR1p/4Q1p1/p1pq4/8/2PB4/P1P3PP/7K w - - 1 22	f7h7	f7h7	0.975447	0.975447	0.000000	pass	f7h7	0.975447	0.000000	pass	50	budget	4617	18	1500	50	4	1	round	1	clear	true	main
a0-parity-main	off	WwKKM	3r1r2/4Bpk1/p3b3/7Q/7P/2p5/qPP2PP1/2K4R w - - 2 26	e7f6	h5g5	0.500000	0.975447	-0.475447	regression	h5g5	0.500000	-0.475447	regression	50	budget	4017	18	1500	50	4	1	round	1	clear	true	main
a0-parity-main	off	cBFTV	3rk2r/2q2pp1/p4b1p/1pp5/4B1b1/1P6/P3QRPP/4R2K w k - 0 24	e4c6	e4c6	0.975447	0.975447	0.000000	pass	e4c6	0.975447	0.000000	pass	50	budget	5508	18	1500	50	4	1	round	1	clear	true	main
a0-parity-main	off	RKFRP	r5kr/5Nqp/3NpQp1/p2bPp1P/2p5/1n4P1/1P2K3/8 w - - 6 29	f7h6	f7h6	0.975447	0.975447	0.000000	pass	f7h6	0.975447	0.000000	pass	50	budget	5191	18	1500	50	4	1	round	1	clear	true	main
a0-parity-main	off	zskVk	1r1q1rk1/pb1p1Npp/1p6/3Q4/4R3/8/PP3PPP/4R1K1 w - - 1 19	f7h6	f7h6	0.975447	0.975447	0.000000	pass	f7h6	0.975447	0.000000	pass	50	budget	5096	18	1500	50	4	1	round	1	clear	true	main
a0-parity-main	off	ai7Rr	7k/4q2P/p7/1p6/3b4/8/PPP2pQ1/1K3R2 b - - 3 41	e7e1	e7e1	0.975447	0.975447	0.000000	pass	e7e1	0.975447	0.000000	pass	50	budget	4696	18	1500	50	4	1	round	1	clear	true	main
a0-parity-main	off	HEzVd	6k1/p1r4p/1p4p1/4pq2/7Q/P7/1P6/K6R w - - 4 36	h4d8	h4d8	0.890785	0.890785	0.000000	pass	h4d8	0.890785	0.000000	pass	50	budget	4831	18	1500	50	4	1	round	1	clear	true	main
a0-parity-main	off	zaQIw	rn5k/ppp3pp/4Br2/2b1q3/8/5Q2/PPP3PP/3R1R1K w - - 0 17	d1d8	d1d8	0.975447	0.975447	0.000000	pass	d1d8	0.975447	0.000000	pass	50	budget	4948	18	1500	50	4	1	round	1	clear	true	main
a0-parity-main	off	ouSAP	5rk1/1Q3ppp/1P6/8/8/2P3P1/R3q2P/5R1K b - - 0 24	e2f1	e2f1	0.975447	0.975447	0.000000	pass	e2f1	0.975447	0.000000	pass	50	budget	5377	18	1500	50	4	1	round	1	clear	true	main
a0-parity-main	off	Te6Lv	r3k1nr/1ppbb2p/p3p1p1/4P3/3q4/2NB3N/PPK3PP/R2QR3 w kq - 2 16	d3g6	d3g6	0.855505	0.855505	0.000000	pass	d3g6	0.855505	0.000000	pass	50	budget	5832	18	1500	50	4	1	round	1	clear	true	main
a0-parity-main	off	KcTsU	r4rk1/1R3p2/5Rp1/p2p3p/7q/1PQ4P/6PK/8 w - - 2 28	f6g6	f6g6	0.975447	0.975447	0.000000	pass	f6g6	0.975447	0.000000	pass	50	budget	7244	18	1500	50	4	1	round	1	clear	true	main
a0-parity-main	off	iJIpG	3rk2r/1pp2ppp/p1p2n2/2P4b/8/2N1BPq1/PPP1QR2/R3K3 w Qk - 5 16	e3f4	e3f4	0.855049	0.855049	0.000000	pass	e3f4	0.855049	0.000000	pass	50	budget	4917	18	1500	50	4	1	round	1	clear	true	main
a0-parity-main	off	EP3LW	8/5N1p/k7/P5p1/4P1P1/5P1K/2r1n3/R7 b - - 2 38	e2f4	e2f4	0.975447	0.975447	0.000000	pass	e2f4	0.975447	0.000000	pass	50	budget	4542	18	1500	50	4	1	round	1	clear	true	main
a0-parity-main	off	ua6hz	2rq2kr/5p2/p4np1/1p3N2/4p3/6Q1/PP3PPP/1BR3K1 w - - 2 29	c1c8	c1c8	0.869050	0.869050	0.000000	pass	c1c8	0.869050	0.000000	pass	50	budget	5181	18	1500	50	4	1	round	1	clear	true	main
a0-parity-main	off	F7p93	rnbq3r/pppp2k1/3b3p/8/2B1n2P/5Q2/PPPP2P1/RNB1K2R w KQ - 0 11	f3f7	f3f7	0.975447	0.975447	0.000000	pass	f3f7	0.975447	0.000000	pass	50	budget	4900	18	1500	50	4	1	round	1	clear	true	main
a0-parity-main	off	EkXo3	r5k1/pp3pp1/n1p1r1p1/8/3Pp1P1/1PN1P1bP/P3KRBq/R1B2Q2 b - - 9 21	g3f2	g3f2	0.785797	0.785797	0.000000	pass	g3f2	0.785797	0.000000	pass	50	budget	5180	18	1500	50	4	1	round	1	clear	true	main
a0-parity-main	off	y2ZGO	8/8/PK6/4k3/6pp/4p3/6P1/8 w - - 0 51	a6a7	a6a7	0.903029	0.903029	0.000000	pass	a6a7	0.903029	0.000000	pass	50	budget	4592	18	1500	50	4	1	round	1	clear	true	main
a0-parity-main	off	D1Zix	2r3k1/5pb1/pR2p1pp/n2p4/3P1P2/2P1B3/4N1BP/K7 b - - 8 31	a5c4	a5c4	0.788266	0.788266	0.000000	pass	a5c4	0.788266	0.000000	pass	50	budget	5168	18	1500	50	4	1	round	1	clear	true	main
a0-parity-main	off	pE5Z7	8/8/2k1PK1p/7P/8/R4P2/p4r2/8 b - - 0 52	f2f3	f2f3	0.722589	0.722589	0.000000	pass	f2f3	0.722589	0.000000	pass	50	budget	4903	18	1500	50	4	1	round	1	clear	true	main
a0-parity-main	off	K4iAf	r5k1/5pp1/1p2p2p/3b3q/1P1PN3/3Q1PP1/r1R4P/2R3K1 w - - 3 27	c2c8	c2c8	0.975447	0.975447	0.000000	pass	c2c8	0.975447	0.000000	pass	50	budget	5582	18	1500	50	4	1	round	1	clear	true	main
a0-parity-main	off	ntJ5r	8/5kp1/7p/8/5PP1/P2R1K1P/1r1p4/8 b - - 3 56	b2b3	b2b3	0.924922	0.924922	0.000000	pass	b2b3	0.924922	0.000000	pass	50	budget	5020	18	1500	50	4	1	round	1	clear	true	main
a0-parity-main	off	C5VbF	8/2kn4/P7/1K6/7p/6p1/6B1/8 w - - 1 65	a6a7	a6a7	0.900748	0.900748	0.000000	pass	a6a7	0.900748	0.000000	pass	50	budget	4804	18	1500	50	4	1	round	1	clear	true	main
a0-parity-main	off	Wqjqm	r5k1/1pq3pp/2p1p3/p2n1PN1/P6r/1Q1N2b1/1P3PB1/R4RK1 b - - 0 21	g3h2	g3h2	0.975447	0.975447	0.000000	pass	g3h2	0.975447	0.000000	pass	50	budget	4925	18	1500	50	4	1	round	1	clear	true	main
a0-parity-main	off	sGJo8	k6r/pp3P2/6p1/4R3/3n2QP/2N5/PPq5/K7 b - - 0 29	c2c1	c2c1	0.975447	0.975447	0.000000	pass	c2c1	0.975447	0.000000	pass	50	budget	4683	18	1500	50	4	1	round	1	clear	true	main
a0-parity-main	off	Ygkmh	8/7Q/2q5/2k3p1/6K1/8/7P/8 b - - 0 73	c6g2	c6g2	0.969234	0.969234	0.000000	pass	c6g2	0.969234	0.000000	pass	50	budget	4857	18	1500	50	4	1	round	1	clear	true	main
a0-parity-main	off	ROOfK	3r4/1pp1k1pp/p3p2n/4N3/1b2N3/1P2P3/P1P2PPP/2KR4 b - - 1 16	b4a3	b4a3	0.975447	0.975447	0.000000	pass	b4a3	0.975447	0.000000	pass	50	budget	4859	18	1500	50	4	1	round	1	clear	true	main
a0-parity-main	off	2xnRD	r3k2r/pp1nbppp/2p3b1/2Pp4/1P1NnBP1/2N2P1P/1P2P3/R3KB1R b KQkq - 0 15	e7h4	e7h4	0.745578	0.745578	0.000000	pass	e7h4	0.745578	0.000000	pass	50	budget	6131	18	1500	50	4	1	round	1	clear	true	main
a0-parity-main	off	UsDoo	4B1k1/6pp/p7/2b5/P1PqPp2/1Q5n/1P4PP/5R1K b - - 2 29	d4g1	d4g1	0.975447	0.975447	0.000000	pass	d4g1	0.975447	0.000000	pass	50	budget	5011	18	1500	50	4	1	round	1	clear	true	main
a0-parity-main	off	jMLh2	6k1/1p3ppp/p5b1/3p4/3N4/5Pq1/1P2r3/2R2K2 w - - 0 35	c1c8	c1c8	0.975447	0.975447	0.000000	pass	c1c8	0.975447	0.000000	pass	50	budget	4671	18	1500	50	4	1	round	1	clear	true	main
a0-parity-main	off	n9Bwp	3rk2r/p1pb1pb1/2N3pp/4P1q1/5p2/2N4P/PPPQ1PP1/3R1RK1 b k - 0 18	d7c6	d7c6	0.845681	0.845681	0.000000	pass	d7c6	0.845681	0.000000	pass	50	budget	4592	18	1500	50	4	1	round	1	clear	true	main
a0-parity-main	off	NJCWY	8/1p3k2/2p2p2/p1P1pPp1/P1P1K1Pp/5P1P/8/8 w - e6 0 33	f5e6	f5e6	0.856413	0.856413	0.000000	pass	f5e6	0.856413	0.000000	pass	50	budget	4168	18	1500	50	4	1	round	1	clear	true	main
a0-parity-main	off	lUYgC	7k/1Q4p1/5p2/PP5p/7P/3p2PK/8/6q1 b - - 0 42	g1f1	g1f1	0.936529	0.936529	0.000000	pass	g1f1	0.936529	0.000000	pass	50	budget	4588	18	1500	50	4	1	round	1	clear	true	main
a0-parity-main	off	Vqy3U	2r4k/p5pp/1p3r2/1P2q3/1P1nPp1Q/2NR1P2/6PP/1R4K1 b - - 0 29	c8c3	c8c3	0.789492	0.789492	0.000000	pass	c8c3	0.789492	0.000000	pass	50	budget	6619	18	1500	50	4	1	round	1	clear	true	main
a0-parity-main	off	GZOoY	5r1k/1p4pp/p2N4/3Q1p2/3P4/P3P2P/1q3P1K/8 w - - 8 34	d6f7	d6f7	0.975447	0.975447	0.000000	pass	d6f7	0.975447	0.000000	pass	50	budget	4929	18	1500	50	4	1	round	1	clear	true	main
a0-parity-main	off	F44YQ	3r2k1/4Q2p/pq4p1/6N1/1pP3n1/1P6/P5PP/4R2K b - - 6 30	g4f2	g4f2	0.975447	0.975447	0.000000	pass	g4f2	0.975447	0.000000	pass	50	budget	4177	18	1500	50	4	1	round	1	clear	true	main
a0-parity-main	off	dNy7w	4r3/5p1k/5PN1/1p1bp3/2q1n3/5B1P/2r5/4R1QK w - - 1 43	g6f8	g6f8	0.975447	0.975447	0.000000	pass	g6f8	0.975447	0.000000	pass	50	budget	5096	18	1500	50	4	1	round	1	clear	true	main
a0-parity-main	off	LNOES	1kr5/3rbppp/1BR1p3/3pPn2/8/P4B2/1P3PPP/2R3K1 b - - 2 21	c8c6	c8c6	0.815712	0.815712	0.000000	pass	c8c6	0.815712	0.000000	pass	50	budget	5194	18	1500	50	4	1	round	1	clear	true	main
a0-parity-main	off	JhR8O	r4r1k/pp3qpb/2R2n1p/8/2BP3P/8/PPP2PP1/R1BQ2K1 b - - 0 18	f6d5	f6d5	0.788266	0.788266	0.000000	pass	f6d5	0.788266	0.000000	pass	50	budget	5402	18	1500	50	4	1	round	1	clear	true	main
a0-parity-main	off	Q2XYD	3r4/4R2p/2p2n1k/ppn3p1/2B2BPq/1P4N1/P5PP/6K1 w - - 0 30	g3f5	g3f5	0.975447	0.975447	0.000000	pass	g3f5	0.975447	0.000000	pass	50	budget	5405	18	1500	50	4	1	round	1	clear	true	main
a0-parity-main	off	Dj8iG	2N2rk1/pp3ppp/4p3/2bp4/3n1B2/7P/PPP3P1/1R1nRBK1 b - - 0 20	d4f3	d4f3	0.975447	0.975447	0.000000	pass	d4f3	0.975447	0.000000	pass	50	budget	5546	18	1500	50	4	1	round	1	clear	true	main
a0-parity-main	off	EGp4n	8/8/5R2/6P1/p2k2K1/4r3/8/8 w - - 3 65	f6f4	f6a6	0.521159	0.819010	-0.297850	regression	f6a6	0.521159	-0.297850	regression	50	budget	5528	18	1500	50	4	1	round	1	clear	true	main
a0-parity-main	off	GkPns	8/1p3p2/3p1k2/1ppP4/5P2/1P4KP/P7/8 w - c6 0 32	d5c6	d5c6	0.881117	0.881117	0.000000	pass	d5c6	0.881117	0.000000	pass	50	budget	7199	18	1500	50	4	1	round	1	clear	true	main
a0-parity-main	off	5UAYm	3r1rk1/p4ppp/1p6/2p2NP1/7Q/4R3/P2q1P1P/1n4K1 w - - 0 26	f5e7	f5e7	0.975447	0.975447	0.000000	pass	f5e7	0.975447	0.000000	pass	50	budget	5172	18	1500	50	4	1	round	1	clear	true	main
a0-parity-main	off	RrAGZ	4r1k1/1p2q1p1/6QP/3p2P1/2nP4/1p1KN3/8/4R2R b - - 0 30	e7e3	b3b2	0.008485	0.975447	-0.966962	regression	b3b2	0.008485	-0.966962	regression	50	budget	5230	18	1500	50	4	1	round	1	clear	true	main
a0-parity-main	off	Br0Cz	r2qk2r/p1p2ppp/1pn2n2/2bBp3/4P3/2P1Q3/PP1P2PP/RNB2RK1 w kq - 2 12	d5c6	d5c6	0.851825	0.851825	0.000000	pass	d5c6	0.851825	0.000000	pass	50	budget	5251	18	1500	50	4	1	round	1	clear	true	main
a0-parity-main	off	3MGtq	8/8/p3p3/3pPk2/7Q/1P4K1/P5N1/5bq1 w - - 3 40	h4g4	h4g4	0.975447	0.975447	0.000000	pass	h4g4	0.975447	0.000000	pass	50	budget	4927	18	1500	50	4	1	round	1	clear	true	main
a0-parity-main	off	mg188	r1b5/p1p2rk1/2pp1p2/1q4pQ/8/2P3B1/P1P3PP/4RR1K w - - 4 22	f1f6	f1f6	0.876809	0.876809	0.000000	pass	f1f6	0.876809	0.000000	pass	50	budget	6688	18	1500	50	4	1	round	1	clear	true	main
a0-parity-main	off	TVcIR	3r4/4pRk1/p3n1pp/2q1P3/1pPr4/1P4Q1/P5PP/1B1R3K b - - 0 28	g7f7	g7f7	0.746973	0.746973	0.000000	pass	g7f7	0.746973	0.000000	pass	50	budget	5149	18	1500	50	4	1	round	1	clear	true	main
a0-parity-main	off	jp6rg	4rbk1/5p1p/p5p1/1p2n3/4p3/1BP3Nq/PP1Q1PP1/R5K1 w - - 0 24	b3f7	g2h3	0.383436	0.864372	-0.480936	regression	g2h3	0.383436	-0.480936	regression	50	budget	5005	18	1500	50	4	1	round	1	clear	true	main
a0-parity-main	off	9i2t1	6rk/pp2p2p/2p2r2/1qP3BR/3P3Q/2n5/P5PP/4R1K1 b - - 1 27	b5f1	f6f7	0.390424	0.975447	-0.585024	regression	f6f7	0.390424	-0.585024	regression	50	budget	5364	18	1500	50	4	1	round	1	clear	true	main
a0-parity-main	off	PJJZv	r1b1r1k1/1pp3b1/5npp/1P2Np2/p1P5/2Q3P1/PB1qPPBP/R4RK1 b - - 1 17	d2c3	d2c3	0.746973	0.746973	0.000000	pass	d2c3	0.746973	0.000000	pass	50	budget	5353	18	1500	50	4	1	round	1	clear	true	main
a0-parity-main	off	I5p0a	r7/2PK4/R7/5k2/3P4/8/5p2/8 b - - 6 46	a8a6	f2f1q	0.500000	0.829150	-0.329150	regression	f2f1q	0.500000	-0.329150	regression	50	budget	5308	18	1500	50	4	1	round	1	clear	true	main
a0-parity-main	off	W7T4K	8/1k4p1/1PpP3p/K1P5/1P4r1/2B5/8/8 w - - 1 63	d6d7	b4b5	0.501841	0.971356	-0.469515	regression	b4b5	0.501841	-0.469515	regression	50	budget	5393	18	1500	50	4	1	round	1	clear	true	main
