game	seed	ply	fen	pick_run1	pick_run2	es_run1	es_run2	abs_des
0	42	1	r1bqk1nr/pppp1ppp/2n5/2b1p3/2B1P3/5N2/PPPP1PPP/RNBQK2R w KQkq - 4 4	c2c3	c2c3	0.5202403732122675	0.5202403732122675	0
0	42	3	r1bqk2r/pppp1ppp/2n2n2/2b1p3/2B1P3/2P2N2/PP1P1PPP/RNBQK2R w KQkq - 1 5	e1g1	e1g1	0.4605001214877426	0.4605001214877426	0
0	42	5	r1bq1rk1/pppp1ppp/2n2n2/2b1p3/2B1P3/2P2N2/PP1P1PPP/RNBQ1RK1 w - - 3 6	d2d4	d2d4	0.5812008926446736	0.5812008926446736	0
0	42	7	r1bq1rk1/pppp1ppp/2n2n2/2b5/2BpP3/2P2N2/PP3PPP/RNBQ1RK1 w - - 0 7	c3d4	c3d4	0.6243673063917166	0.6243673063917166	0
0	42	9	r1bq1rk1/pppp1ppp/1bn2n2/8/2BPP3/5N2/PP3PPP/RNBQ1RK1 w - - 1 8	d4d5	d4d5	0.6532413731006851	0.6532413731006851	0
0	42	11	r1bq1rk1/ppppnppp/1b3n2/3P4/2B1P3/5N2/PP3PPP/RNBQ1RK1 w - - 1 9	e4e5	e4e5	0.6380799643424951	0.6380799643424951	0
0	42	13	r1bqnrk1/ppppnppp/1b6/3PP3/2B5/5N2/PP3PPP/RNBQ1RK1 w - - 1 10	d5d6	d5d6	0.7552324281876817	0.7552324281876817	0
0	42	15	r1bqnrk1/pp1pnppp/1b1p4/4P3/2B5/5N2/PP3PPP/RNBQ1RK1 w - - 0 11	e5d6	e5d6	0.7462761887954177	0.7462761887954177	0
0	42	17	r1bqnrk1/pp1p1ppp/1b1P4/5n2/2B5/5N2/PP3PPP/RNBQ1RK1 w - - 1 12	c1g5	c1g5	0.8106779899506587	0.8106779899506587	0
0	42	19	r1bq1rk1/pp1p1ppp/1b1P1n2/5nB1/2B5/5N2/PP3PPP/RN1Q1RK1 w - - 3 13	d1d3	d1d3	0.8008836319239997	0.8008836319239997	0
0	42	21	r1bq1rk1/pp1p1pp1/1b1P1n1p/5nB1/2B5/3Q1N2/PP3PPP/RN3RK1 w - - 0 14	d3f5	d3f5	0.8545919878415965	0.8545919878415965	0
0	42	23	r1bq1rk1/pp1p1pp1/1b1P1n2/5Qp1/2B5/5N2/PP3PPP/RN3RK1 w - - 0 15	f3g5	f3g5	0.856412654066665	0.856412654066665	0
0	42	25	r1bq1rk1/pp1p1p2/1b1P1np1/5QN1/2B5/8/PP3PPP/RN3RK1 w - - 0 16	f5g6	f5g6	0.9754474363414323	0.9754474363414323	0
0	42	27	r1bq1r1k/pp1p1p2/1b1P1nQ1/6N1/2B5/8/PP3PPP/RN3RK1 w - - 1 17	c4f7	c4f7	0.9754474363414323	0.9754474363414323	0
0	42	29	r1bq1r1k/pp1p1B2/3P1nQ1/6N1/3b4/8/PP3PPP/RN3RK1 w - - 1 18	g6h6	g6h6	0.9754474363414323	0.9754474363414323	0
1	43	1	r1bqk1nr/pppp1ppp/2n5/2b1p3/2B1P3/5N2/PPPP1PPP/RNBQK2R w KQkq - 4 4	c2c3	c2c3	0.5202403732122675	0.5202403732122675	0
1	43	3	r1bqk2r/pppp1ppp/2n2n2/2b1p3/2B1P3/2P2N2/PP1P1PPP/RNBQK2R w KQkq - 1 5	e1g1	e1g1	0.4605001214877426	0.4605001214877426	0
1	43	5	r1bq1rk1/pppp1ppp/2n2n2/2b1p3/2B1P3/2P2N2/PP1P1PPP/RNBQ1RK1 w - - 3 6	d2d4	d2d4	0.5812008926446736	0.5812008926446736	0
1	43	7	r1bq1rk1/pppp1ppp/2n2n2/2b5/2BpP3/2P2N2/PP3PPP/RNBQ1RK1 w - - 0 7	c3d4	c3d4	0.6243673063917166	0.6243673063917166	0
1	43	9	r1bq1rk1/pppp1ppp/1bn2n2/8/2BPP3/5N2/PP3PPP/RNBQ1RK1 w - - 1 8	d4d5	d4d5	0.6532413731006851	0.6532413731006851	0
1	43	11	r1bq1rk1/ppppnppp/1b3n2/3P4/2B1P3/5N2/PP3PPP/RNBQ1RK1 w - - 1 9	e4e5	e4e5	0.6380799643424951	0.6380799643424951	0
1	43	13	r1bqnrk1/ppppnppp/1b6/3PP3/2B5/5N2/PP3PPP/RNBQ1RK1 w - - 1 10	d5d6	d5d6	0.7552324281876817	0.7552324281876817	0
1	43	15	r1bqnrk1/pp1pnppp/1b1p4/4P3/2B5/5N2/PP3PPP/RNBQ1RK1 w - - 0 11	e5d6	e5d6	0.7462761887954177	0.7462761887954177	0
1	43	17	r1bqnrk1/pp1p1ppp/1b1P4/5n2/2B5/5N2/PP3PPP/RNBQ1RK1 w - - 1 12	c1g5	c1g5	0.8106779899506587	0.8106779899506587	0
1	43	19	r1bq1rk1/pp1p1ppp/1b1P1n2/5nB1/2B5/5N2/PP3PPP/RN1Q1RK1 w - - 3 13	d1d3	d1d3	0.8008836319239997	0.8008836319239997	0
1	43	21	r1bq1rk1/pp1p1pp1/1b1P1n1p/5nB1/2B5/3Q1N2/PP3PPP/RN3RK1 w - - 0 14	d3f5	d3f5	0.8545919878415965	0.8545919878415965	0
1	43	23	r1bq1rk1/pp1p1pp1/1b1P1n2/5Qp1/2B5/5N2/PP3PPP/RN3RK1 w - - 0 15	f3g5	f3g5	0.856412654066665	0.856412654066665	0
1	43	25	r1bq1rk1/pp1p1p2/1b1P1np1/5QN1/2B5/8/PP3PPP/RN3RK1 w - - 0 16	f5g6	f5g6	0.9754474363414323	0.9754474363414323	0
1	43	27	r1bq1r1k/pp1p1p2/1b1P1nQ1/6N1/2B5/8/PP3PPP/RN3RK1 w - - 1 17	c4f7	c4f7	0.9754474363414323	0.9754474363414323	0
1	43	29	r1bq1r1k/pp1p1B2/3P1nQ1/6N1/3b4/8/PP3PPP/RN3RK1 w - - 1 18	g6h6	g6h6	0.9754474363414323	0.9754474363414323	0
2	44	1	r1bqk1nr/pppp1ppp/2n5/2b1p3/2B1P3/5N2/PPPP1PPP/RNBQK2R w KQkq - 4 4	c2c3	c2c3	0.5202403732122675	0.5202403732122675	0
2	44	3	r1bqk2r/pppp1ppp/2n2n2/2b1p3/2B1P3/2P2N2/PP1P1PPP/RNBQK2R w KQkq - 1 5	e1g1	e1g1	0.4605001214877426	0.4605001214877426	0
2	44	5	r1bq1rk1/pppp1ppp/2n2n2/2b1p3/2B1P3/2P2N2/PP1P1PPP/RNBQ1RK1 w - - 3 6	d2d4	d2d4	0.5812008926446736	0.5812008926446736	0
2	44	7	r1bq1rk1/pppp1ppp/2n2n2/2b5/2BpP3/2P2N2/PP3PPP/RNBQ1RK1 w - - 0 7	c3d4	c3d4	0.6243673063917166	0.6243673063917166	0
2	44	9	r1bq1rk1/pppp1ppp/1bn2n2/8/2BPP3/5N2/PP3PPP/RNBQ1RK1 w - - 1 8	d4d5	d4d5	0.6532413731006851	0.6532413731006851	0
2	44	11	r1bq1rk1/ppppnppp/1b3n2/3P4/2B1P3/5N2/PP3PPP/RNBQ1RK1 w - - 1 9	e4e5	e4e5	0.6380799643424951	0.6380799643424951	0
2	44	13	r1bqnrk1/ppppnppp/1b6/3PP3/2B5/5N2/PP3PPP/RNBQ1RK1 w - - 1 10	d5d6	d5d6	0.7552324281876817	0.7552324281876817	0
2	44	15	r1bqnrk1/pp1pnppp/1b1p4/4P3/2B5/5N2/PP3PPP/RNBQ1RK1 w - - 0 11	e5d6	e5d6	0.7462761887954177	0.7462761887954177	0
2	44	17	r1bqnrk1/pp1p1ppp/1b1P4/5n2/2B5/5N2/PP3PPP/RNBQ1RK1 w - - 1 12	c1g5	c1g5	0.8106779899506587	0.8106779899506587	0
2	44	19	r1bq1rk1/pp1p1ppp/1b1P1n2/5nB1/2B5/5N2/PP3PPP/RN1Q1RK1 w - - 3 13	d1d3	d1d3	0.8008836319239997	0.8008836319239997	0
2	44	21	r1bq1rk1/pp1p1pp1/1b1P1n1p/5nB1/2B5/3Q1N2/PP3PPP/RN3RK1 w - - 0 14	d3f5	d3f5	0.8545919878415965	0.8545919878415965	0
2	44	23	r1bq1rk1/pp1p1pp1/1b1P1n2/5Qp1/2B5/5N2/PP3PPP/RN3RK1 w - - 0 15	f3g5	f3g5	0.856412654066665	0.856412654066665	0
2	44	25	r1bq1rk1/pp1p1p2/1b1P1np1/5QN1/2B5/8/PP3PPP/RN3RK1 w - - 0 16	f5g6	f5g6	0.9754474363414323	0.9754474363414323	0
2	44	27	r1bq1r1k/pp1p1p2/1b1P1nQ1/6N1/2B5/8/PP3PPP/RN3RK1 w - - 1 17	c4f7	c4f7	0.9754474363414323	0.9754474363414323	0
2	44	29	r1bq1r1k/pp1p1B2/3P1nQ1/6N1/3b4/8/PP3PPP/RN3RK1 w - - 1 18	g6h6	g6h6	0.9754474363414323	0.9754474363414323	0
3	45	1	r1bqk1nr/pppp1ppp/2n5/2b1p3/2B1P3/5N2/PPPP1PPP/RNBQK2R w KQkq - 4 4	c2c3	c2c3	0.5202403732122675	0.5202403732122675	0
3	45	3	r1bqk2r/pppp1ppp/2n2n2/2b1p3/2B1P3/2P2N2/PP1P1PPP/RNBQK2R w KQkq - 1 5	e1g1	e1g1	0.4605001214877426	0.4605001214877426	0
3	45	5	r1bq1rk1/pppp1ppp/2n2n2/2b1p3/2B1P3/2P2N2/PP1P1PPP/RNBQ1RK1 w - - 3 6	d2d4	d2d4	0.5812008926446736	0.5812008926446736	0
3	45	7	r1bq1rk1/pppp1ppp/2n2n2/2b5/2BpP3/2P2N2/PP3PPP/RNBQ1RK1 w - - 0 7	c3d4	c3d4	0.6243673063917166	0.6243673063917166	0
3	45	9	r1bq1rk1/pppp1ppp/1bn2n2/8/2BPP3/5N2/PP3PPP/RNBQ1RK1 w - - 1 8	d4d5	d4d5	0.6532413731006851	0.6532413731006851	0
3	45	11	r1bq1rk1/ppppnppp/1b3n2/3P4/2B1P3/5N2/PP3PPP/RNBQ1RK1 w - - 1 9	e4e5	e4e5	0.6380799643424951	0.6380799643424951	0
3	45	13	r1bqnrk1/ppppnppp/1b6/3PP3/2B5/5N2/PP3PPP/RNBQ1RK1 w - - 1 10	d5d6	d5d6	0.7552324281876817	0.7552324281876817	0
3	45	15	r1bqnrk1/pp1pnppp/1b1p4/4P3/2B5/5N2/PP3PPP/RNBQ1RK1 w - - 0 11	e5d6	e5d6	0.7462761887954177	0.7462761887954177	0
3	45	17	r1bqnrk1/pp1p1ppp/1b1P4/5n2/2B5/5N2/PP3PPP/RNBQ1RK1 w - - 1 12	c1g5	c1g5	0.8106779899506587	0.8106779899506587	0
3	45	19	r1bq1rk1/pp1p1ppp/1b1P1n2/5nB1/2B5/5N2/PP3PPP/RN1Q1RK1 w - - 3 13	d1d3	d1d3	0.8008836319239997	0.8008836319239997	0
3	45	21	r1bq1rk1/pp1p1pp1/1b1P1n1p/5nB1/2B5/3Q1N2/PP3PPP/RN3RK1 w - - 0 14	d3f5	d3f5	0.8545919878415965	0.8545919878415965	0
3	45	23	r1bq1rk1/pp1p1pp1/1b1P1n2/5Qp1/2B5/5N2/PP3PPP/RN3RK1 w - - 0 15	f3g5	f3g5	0.856412654066665	0.856412654066665	0
3	45	25	r1bq1rk1/pp1p1p2/1b1P1np1/5QN1/2B5/8/PP3PPP/RN3RK1 w - - 0 16	f5g6	f5g6	0.9754474363414323	0.9754474363414323	0
3	45	27	r1bq1r1k/pp1p1p2/1b1P1nQ1/6N1/2B5/8/PP3PPP/RN3RK1 w - - 1 17	c4f7	c4f7	0.9754474363414323	0.9754474363414323	0
3	45	29	r1bq1r1k/pp1p1B2/3P1nQ1/6N1/3b4/8/PP3PPP/RN3RK1 w - - 1 18	g6h6	g6h6	0.9754474363414323	0.9754474363414323	0
