position	fen	depth	wall_ms	grade_cpu_ms	grade_calls	nodes_evaluated	top_move	top_score	same_top_move	same_full_order	mean_abs_score_diff	reference_top2_gap	ladder_table	hash_probes	hash_probes_divergent	hash_probe_max_abs_cp	hash_probe_mean_abs_score_diff	maia_inferences	maia_cpu_ms	maia_peak_inflight	maia_fifo
italian	r1bqkb1r/pppp1ppp/2n2n2/4p3/2B1P3/5N2/PPPP1PPP/RNBQK2R w KQkq - 4 4	14	102257	197149	400	400	f3g5	0.546259					14,14+floor10					384	39315.1	1	true
italian	r1bqkb1r/pppp1ppp/2n2n2/4p3/2B1P3/5N2/PPPP1PPP/RNBQK2R w KQkq - 4 4	ladder	47334	68629	400	400	f3g5	0.545521	true	true	0.002700	0.002845	14,14+floor10					385	37734.0	1	true
middlegame	r2q1rk1/pp1nbppp/2p1bn2/3p4/3P1B2/2N1PN2/PPQ1BPPP/R4RK1 w - - 6 11	14	154729	354097	400	400	f3g5	0.604063					14,14+floor10					387	41224.8	1	true
middlegame	r2q1rk1/pp1nbppp/2p1bn2/3p4/3P1B2/2N1PN2/PPQ1BPPP/R4RK1 w - - 6 11	ladder	53378	79697	400	400	f3g5	0.605167	true	false	0.001637	0.051620	14,14+floor10					387	38154.1	1	true
sharp	r1bq1r1k/pp1nbppp/2p1p3/3pP3/3P4/2NB1N2/PPPQ1PPP/R3K2R w KQ - 2 11	14	140392	319171	400	400	c3e2	0.521911					14,14+floor10					348	35533.6	1	true
sharp	r1bq1r1k/pp1nbppp/2p1p3/3pP3/3P4/2NB1N2/PPPQ1PPP/R3K2R w KQ - 2 11	ladder	47866	73963	400	400	h2h4	0.523694	false	false	0.007004	0.012012	14,14+floor10					349	34403.2	1	true
endgame	8/2p5/3p4/KP5r/1R3p1k/8/4P1P1/8 w - - 0 1	14	62111	93951	400	400	b4f4	0.660617					14,14+floor10					365	37489.6	1	true
endgame	8/2p5/3p4/KP5r/1R3p1k/8/4P1P1/8 w - - 0 1	ladder	39968	57773	400	400	b4f4	0.643614	true	true	0.027531	0.159088	14,14+floor10					366	35555.2	1	true
C50	r1bqk1nr/pppp1ppp/2n5/2b1p3/2B1P3/5N2/PPPP1PPP/RNBQK2R w KQkq - 4 4	14	147744	320896	400	400	c2c3	0.550249					14,14+floor10					333	41141.5	1	true
C50	r1bqk1nr/pppp1ppp/2n5/2b1p3/2B1P3/5N2/PPPP1PPP/RNBQK2R w KQkq - 4 4	ladder	60295	88201	400	400	c2c3	0.551873	true	true	0.001806	0.024654	14,14+floor10					336	40273.8	1	true
C60	r1bqkbnr/pppp1ppp/2n5/1B2p3/4P3/5N2/PPPP1PPP/RNBQK2R b KQkq - 3 3	14	150661	296214	400	400	a7a6	0.495142					14,14+floor10					386	52468.4	1	true
C60	r1bqkbnr/pppp1ppp/2n5/1B2p3/4P3/5N2/PPPP1PPP/RNBQK2R b KQkq - 3 3	ladder	49125	71246	400	400	a7a6	0.494505	true	false	0.002507	0.024632	14,14+floor10					385	39082.1	1	true
C70	r1bqkbnr/1ppp1ppp/p1n5/4p3/B3P3/5N2/PPPP1PPP/RNBQK2R b KQkq - 1 4	14	98362	210799	400	400	g8f6	0.466089					14,14+floor10					346	33774.0	1	true
C70	r1bqkbnr/1ppp1ppp/p1n5/4p3/B3P3/5N2/PPPP1PPP/RNBQK2R b KQkq - 1 4	ladder	40378	58769	400	400	g8f6	0.464274	true	false	0.001833	0.002246	14,14+floor10					346	30950.7	1	true
C45	r1bqkbnr/pppp1ppp/2n5/4p3/3PP3/5N2/PPP2PPP/RNBQKB1R b KQkq - 0 3	14	93017	178576	400	400	e5d4	0.448412					14,14+floor10					372	33752.7	1	true
C45	r1bqkbnr/pppp1ppp/2n5/4p3/3PP3/5N2/PPP2PPP/RNBQKB1R b KQkq - 0 3	ladder	41862	61102	400	400	e5d4	0.447028	true	true	0.001592	0.010469	14,14+floor10					372	33300.6	1	true
C42	rnbqkb1r/pppp1ppp/5n2/4p3/4P3/5N2/PPPP1PPP/RNBQKB1R w KQkq - 2 3	14	79955	148701	400	400	f3e5	0.561751					14,14+floor10					385	35009.5	1	true
C42	rnbqkb1r/pppp1ppp/5n2/4p3/4P3/5N2/PPPP1PPP/RNBQKB1R w KQkq - 2 3	ladder	41766	60093	400	400	f3e5	0.562941	true	true	0.000476	0.033824	14,14+floor10					385	34386.1	1	true
C47	r1bqkb1r/pppp1ppp/2n2n2/4p3/4P3/2N2N2/PPPP1PPP/R1BQKB1R w KQkq - 4 4	14	82185	146632	400	400	d2d4	0.566791					14,14+floor10					399	36675.6	1	true
C47	r1bqkb1r/pppp1ppp/2n2n2/4p3/4P3/2N2N2/PPPP1PPP/R1BQKB1R w KQkq - 4 4	ladder	65230	95459	400	400	d2d4	0.564642	true	true	0.001924	0.028727	14,14+floor10					399	52961.6	1	true
C25	rnbqkbnr/pppp1ppp/8/4p3/4P3/2N5/PPPP1PPP/R1BQKBNR b KQkq - 1 2	14	128415	285608	400	400	g8f6	0.485446					14,14+floor10					290	38233.8	1	true
C25	rnbqkbnr/pppp1ppp/8/4p3/4P3/2N5/PPPP1PPP/R1BQKBNR b KQkq - 1 2	ladder	34353	52266	400	400	g8f6	0.486485	true	false	0.002363	0.001478	14,14+floor10					288	25396.5	1	true
C30	rnbqkbnr/pppp1ppp/8/4p3/4PP2/8/PPPP2PP/RNBQKBNR b KQkq - 0 2	14	96471	193477	400	400	d7d5	0.545696					14,14+floor10					343	28991.4	1	true
C30	rnbqkbnr/pppp1ppp/8/4p3/4PP2/8/PPPP2PP/RNBQKBNR b KQkq - 0 2	ladder	37803	55326	400	400	d7d5	0.545434	true	false	0.002507	0.039773	14,14+floor10					344	28671.6	1	true
B50	rnbqkbnr/pp2pppp/3p4/2p5/4P3/5N2/PPPP1PPP/RNBQKB1R w KQkq - 0 3	14	76211	147008	400	400	c2c3	0.542263					14,14+floor10					371	31391.6	1	true
B50	rnbqkbnr/pp2pppp/3p4/2p5/4P3/5N2/PPPP1PPP/RNBQKB1R w KQkq - 0 3	ladder	38447	55568	400	400	c2c3	0.539042	true	true	0.001425	0.007723	14,14+floor10					372	30724.6	1	true
B90	rnbqkb1r/1p2pppp/p2p1n2/8/3NP3/2N5/PPP2PPP/R1BQKB1R w KQkq - 0 6	14	106109	218974	400	400	f2f3	0.542415					14,14+floor10					373	32534.2	1	true
B90	rnbqkb1r/1p2pppp/p2p1n2/8/3NP3/2N5/PPP2PPP/R1BQKB1R w KQkq - 0 6	ladder	42633	62513	400	400	f2f3	0.541462	true	true	0.002123	0.004269	14,14+floor10					373	31824.3	1	true
B70	rnbqkb1r/pp2pp1p/3p1np1/8/3NP3/2N5/PPP2PPP/R1BQKB1R w KQkq - 0 6	14	107957	238505	400	400	f2f3	0.568561					14,14+floor10					337	29077.2	1	true
B70	rnbqkb1r/pp2pp1p/3p1np1/8/3NP3/2N5/PPP2PPP/R1BQKB1R w KQkq - 0 6	ladder	40338	59595	400	400	f2f3	0.565038	true	false	0.002519	0.031257	14,14+floor10					328	28005.4	1	true
C00	rnbqkbnr/pppp1ppp/4p3/8/4P3/8/PPPP1PPP/RNBQKBNR w KQkq - 0 2	14	86660	171248	400	400	d2d4	0.545359					14,14+floor10					384	32986.7	1	true
C00	rnbqkbnr/pppp1ppp/4p3/8/4P3/8/PPPP1PPP/RNBQKBNR w KQkq - 0 2	ladder	42275	62245	400	400	d2d4	0.546099	true	true	0.002067	0.005180	14,14+floor10					385	32750.5	1	true
