id	label	concurrency	round	expansion_index	leaf_fen	grade_depth	n_candidates	grades
g687537-p46	a0-c1	1	0	0	3r2k1/1pb2ppp/p2r3q/8/1PB5/2P2Q2/PB3PPP/3R1RK1 b - - 3 24	14	3	d6d1:307;d6f6:484;h6h2:0
g687537-p46	a0-c1	1	1	1	3r2k1/1pb2ppp/p6q/8/1PB5/2P2Q2/PB3PPP/3r1RK1 w - - 0 25	14	3	f3f7:357;f1d1:-1070;g2g3:-103
g687537-p46	a0-c1	1	2	2	3r2k1/1pb2Qpp/p6q/8/1PB5/2P5/PB3PPP/3r1RK1 b - - 0 25	10	1	g8h8:358
g687537-p46	a0-c1	1	3	3	3r2k1/1pb2ppp/p6q/8/1PB5/2P2Q2/PB3PPP/3R2K1 b - - 0 25	10	2	h6h2:-1150;d8d1:222
g687537-p46	a0-c1	1	4	4	3r3k/1pb2Qpp/p6q/8/1PB5/2P5/PB3PPP/3r1RK1 w - - 1 26	10	5	f7c7:337;f1d1:#-2;g2g3:74;h2h3:-174;c4b3:#-1
g687537-p46	a0-c1	1	5	5	3r2k1/1pb2ppp/p7/8/1PB5/2P2Q2/PB3PPq/3R2K1 w - - 0 26	10	1	g1f1:-1072
g687537-p46	a0-c1	1	6	6	3r3k/1pQ3pp/p6q/8/1PB5/2P5/PB3PPP/3r1RK1 b - - 0 26	10	5	d1f1:477;h6d2:439;d1d7:384;b7b5:378;d1d2:529
g687537-p46	a0-c1	1	7	7	3r3k/1pb2Qpp/p6q/8/1PB5/2P5/PB3PPP/3R2K1 b - - 0 26	10	2	d8d1:#-2;h6h2:-555
g687537-p46	a0-c1	1	8	8	3r2k1/1pb2ppp/p7/8/1PB5/2P2Q2/PB3PPq/3R1K2 b - - 1 26	10	3	h2h1:-1019;d8d1:241;d8e8:#2
g687537-p46	a0-c1	1	9	9	3r3k/1pb2Qpp/p6q/8/1PB5/2P3P1/PB3P1P/3r1RK1 b - - 0 26	10	5	d1f1:-39;d1d7:3;d1d2:365;h6h3:231;c7b6:157
g687537-p46	a0-c1	1	10	10	3r2k1/1pb2ppp/p6q/8/1PB5/2P2QP1/PB3P1P/3r1RK1 b - - 0 25	10	3	d1f1:-105;d1d2:426;d1d7:-88
g687537-p46	a0-c1	1	11	11	3r2k1/1pb2ppp/p2r4/8/1PB5/2P2Q2/PB3PPq/3R1RK1 w - - 0 25	14	1	g1h2:0
g687537-p46	a0-c1	1	12	12	3r2k1/1pb2ppp/p7/8/1PB5/2P2Q2/PB3PP1/3R1K1q w - - 2 27	10	1	f1e2:-1186
g687537-p46	a0-c1	1	13	13	3r3k/1pQ3pp/p6q/8/1PB5/2P5/PB3PPP/5rK1 w - - 0 27	10	2	c4f1:487;g1f1:139
g687537-p46	a0-c1	1	14	14	7k/1pb2Qpp/p6q/8/1PB5/2P5/PB3PPP/3r2K1 w - - 0 27	10	1	c4f1:#-1
g687537-p46	a0-c1	1	15	15	6k1/1pb2ppp/p6q/8/1PB5/2P2Q2/PB3PPP/3r2K1 w - - 0 26	10	2	f3d1:359;c4f1:#-1
g687537-p46	a0-c1	1	16	16	3r3k/1pb2Qpp/p6q/8/1PB5/2P4P/PB3PP1/3r1RK1 b - - 0 26	10	4	d1f1:-261;h6d6:-261;d1d7:-119;h6f4:-121
g687537-p46	a0-c1	1	17	17	3r2k1/1pb2ppp/p4r1q/8/1PB5/2P2Q2/PB3PPP/3R1RK1 w - - 4 25	14	2	d1d8:508;f3h3:388
g687537-p46	a0-c1	1	18	18	3r2k1/1pb2ppp/p7/8/1PB5/2P2Q2/PB2KPP1/3R3q b - - 3 27	10	2	h1d1:-1186;d8e8:427
g687537-p46	a0-c1	1	19	19	3r3k/1pQ3pp/p6q/8/1P6/2P5/PB3PPP/5BK1 b - - 0 27	10	7	d8f8:475;d8g8:454;h6f6:526;h6d2:490;d8e8:468;h6d6:428;d8d1:#2
g687537-p46	a0-c1	1	20	20	7k/1pb2Qpp/p6q/8/1P6/2P5/PB3PPP/3r1BK1 b - - 1 27	10	3	h6h2:#-1;c7h2:#-2;d1f1:791
g687537-p46	a0-c1	1	21	21	3r2k1/1pb2ppp/p7/8/1PB5/2P2Q2/PB2KPP1/3q4 w - - 0 28	10	1	e2e3:#-8
g687537-p46	a0-c1	1	22	22	3r2k1/1pb2ppp/p6q/8/1PB5/2P2QP1/PB3P1P/5rK1 w - - 0 26	10	2	g1f1:-129;c4f1:-198
g687537-p46	a0-c1	1	23	23	3r3k/1pb2Qpp/p6q/8/1PB5/2P3P1/PB3P1P/5rK1 w - - 0 27	10	2	c4f1:-4;g1f1:-161
g687537-p46	a0-c1	1	24	24	5r1k/1pQ3pp/p6q/8/1P6/2P5/PB3PPP/5BK1 w - - 1 28	10	4	c3c4:459;c7b7:42;c7e7:448;c7c5:450
g687537-p46	a0-c1	1	25	25	6k1/1pb2ppp/p6q/8/1PB5/2P5/PB3PPP/3Q2K1 b - - 0 26	10	1	h6h2:363
g687537-p46	a0-c1	1	26	26	3r2k1/1pb2ppp/p2r4/8/1PB5/2P2Q2/PB3PPK/3R1R2 b - - 0 25	10	4	d6d1:491;d6h6:0;d6f6:467;d6d3:517
g687537-p46	a0-c1	1	27	27	7k/1p3Qpp/p6q/8/1P6/2P5/PB3PPb/3r1BK1 w - - 0 28	10	1	g1h1:#-1
g687537-p46	a0-c1	1	28	28	3r3k/1pQ3pp/p6q/8/1PB5/2P5/PB3PPP/5K2 b - - 0 27	10	4	d8d1:243;d8e8:248;h6d2:82;d8f8:189
g687537-p46	a0-c1	1	29	29	6k1/1pb2ppp/p7/8/1PB5/2P2Q2/PB3PPq/3r1K2 w - - 0 27	10	1	f3d1:392
g687537-p46	a0-c1	1	30	30	3r3k/1pb2Qpp/p6q/8/1P6/2P3P1/PB3P1P/5BK1 b - - 0 27	10	10	c7b6:142;h6d6:291;c7e5:-18;h6d2:315;h6f6:386;c7d6:32;h6c6:341;c7b8:233;h6b6:483;d8c8:315
g687537-p46	a0-c1	1	31	31	3r2k1/1pb2ppp/p6q/8/1PB5/2P2QP1/PB3P1P/5K2 b - - 0 26	10	9	h6g6:-105;h6h2:-120;h6h3:-78;h6f6:-104;d8f8:-13;d8d7:-130;b7b5:-25;h6d2:82;d8d1:433
g687537-p46	a0-c1	1	32	32	4r1k1/1pb2ppp/p7/8/1PB5/2P2Q2/PB2KPP1/3R3q w - - 4 28	10	1	e2d2:498
g687537-p46	a0-c1	1	33	33	3r3k/1pb2Qpp/p7/8/1PB5/2P5/PB3PPq/3R2K1 w - - 0 27	10	1	g1f1:-357
g687537-p46	a0-c1	1	34	34	3r3k/1pb2Qpp/p6q/8/1PB5/2P4P/PB3PP1/5rK1 w - - 0 27	10	2	g1f1:-328;c4f1:-336
g687537-p46	a0-c1	1	35	35	6k1/1pb2ppp/p7/8/1PB5/2P5/PB3PPq/3Q2K1 w - - 0 27	10	1	g1f1:398
g687537-p46	a0-c1	1	36	36	7k/1pb2Qpp/p6q/8/1P6/2P5/PB3PPP/5rK1 w - - 0 28	10	1	g1f1:797
g687537-p46	a0-c1	1	37	37	3r3k/1pb2Qpp/p6q/8/1PB5/2P3P1/PB3P1P/5K2 b - - 0 27	10	9	h6h3:-175;d8d1:-9;h6h2:-180;c7b6:-196;h6d6:-36;h6c6:0;c7e5:-125;h6d2:87;c7d6:-142
g687537-p46	a0-c1	1	38	38	4r1k1/1pb2ppp/p7/8/1PB5/2P2Q2/PB3PPq/3R1K2 w - - 2 27	10	3	f3f7:#2;c4f7:619;g2g3:483
g687537-p46	a0-c1	1	39	39	3r2k1/1pb2ppp/p6q/8/1P6/2P2QP1/PB3P1P/5BK1 b - - 0 26	10	11	h6d2:-132;b7b5:-41;d8d2:46;h6c6:-191;c7b6:-213;b7b6:-89;h6d6:-58;h6f6:-200;h6b6:-145;d8b8:-44;h6g6:-62
g687537-p46	a0-c1	1	40	40	3r3k/1pQ3pp/p7/8/1PB5/2P5/PB1q1PPP/3r1RK1 w - - 1 27	10	8	b2a3:-17;h2h3:79;f1d1:416;g2g3:250;c7b7:61;b2a1:192;b2c1:11;c7d8:-199
g687537-p46	a0-c1	1	41	41	6k1/1pb2ppp/p7/8/1PB5/2P5/PB3PPq/3Q1K2 b - - 0 27	10	2	h2h1:424;h7h6:482
g687537-p46	a0-c1	1	42	42	3R2k1/1pb2ppp/p4r1q/8/1PB5/2P2Q2/PB3PPP/5RK1 b - - 0 25	10	1	c7d8:522
g687537-p46	a0-c1	1	43	43	6k1/1pb2ppp/p7/8/1PB5/2P5/PB3PP1/3Q1K1q w - - 1 28	10	1	f1e2:404
g687537-p46	a0-c1	1	44	44	6rk/1pQ3pp/p6q/8/1P6/2P5/PB3PPP/5BK1 w - - 1 28	10	3	c7b7:327;c3c4:488;f1c4:278
g687537-p46	a0-c1	1	45	45	3r3k/1p3Qpp/pb5q/8/1P6/2P3P1/PB3P1P/5BK1 w - - 1 28	10	4	c3c4:138;f7b7:-95;f1c4:-183;f7e7:-419
g687537-p46	a0-c1	1	46	46	4r1k1/1pb2Qpp/p7/8/1PB5/2P5/PB3PPq/3R1K2 b - - 0 27	10	1	g8h8:#1
g687537-p46	a0-c1	1	47	47	3r3k/1pb2Qpp/p6q/8/1P6/1BP5/PB3PPP/3r1RK1 b - - 2 26	10	2	h6h2:#-1;d1f1:-78
g687537-p46	a0-c1	1	48	48	6k1/1pb2ppp/p7/8/1PB5/2P5/PB3PPq/3Q1K2 b - - 1 27	10	2	h2h1:410;h7h6:493
g687537-p46	a0-c1	1	49	49	3r2k1/1pb2ppp/p5q1/8/1PB5/2P2QP1/PB3P1P/5K2 w - - 1 27	10	8	f3b7:-123;f1g2:-175;c4b3:-157;a2a4:-146;b2c1:-149;h2h4:-199;b2a3:-179;c4d5:-135
g687537-p48	a0-c1	1	0	0	3r2k1/1pb2ppp/p2r4/8/1PB5/2P2Q2/PB3PPK/3R1R2 b - - 0 25	14	4	d6d1:533;d6h6:0;d6f6:586;d6d3:594
g687537-p48	a0-c1	1	1	1	3r2k1/1pb2ppp/p7/8/1PB5/2P2Q2/PB3PPK/3r1R2 w - - 0 26	14	3	h2g1:532;g2g3:558;h2h3:563
g687537-p48	a0-c1	1	2	2	3r2k1/1pb2ppp/p6r/8/1PB5/2P2Q2/PB3PPK/3R1R2 w - - 1 26	14	1	h2g1:0
g687537-p48	a0-c1	1	3	3	3r2k1/1pb2ppp/p7/8/1PB5/2P2Q2/PB3PP1/3r1RK1 b - - 1 26	10	5	d1f1:573;d1d2:564;c7h2:619;d1d7:551;d1d6:581
g687537-p48	a0-c1	1	4	4	3r2k1/1pb2ppp/p6r/8/1PB5/2P2Q2/PB3PP1/3R1RK1 b - - 2 26	10	1	c7h2:0
g687537-p48	a0-c1	1	5	5	3r2k1/1pb2ppp/p7/8/1PB5/2P2QP1/PB3P1K/3r1R2 b - - 0 26	10	4	d1f1:617;d1d2:591;d1d6:562;d1d7:560
g687537-p48	a0-c1	1	6	6	3r2k1/1p3ppp/p6r/8/1PB5/2P2Q2/PB3PPb/3R1RK1 w - - 3 27	10	1	g1h1:0
g687537-p48	a0-c1	1	7	7	3r2k1/1p3ppp/p6r/8/1PB5/2P2Q2/PB3PPb/3R1R1K b - - 4 27	10	6	h2g3:0;h2d6:607;h2c7:587;h2f4:496;h2e5:573;d8d1:#2
g687537-p48	a0-c1	1	8	8	3r2k1/1pb2ppp/p4r2/8/1PB5/2P2Q2/PB3PPK/3R1R2 w - - 1 26	14	3	h2g1:590;f3g3:485;g2g3:507
g687537-p48	a0-c1	1	9	9	3r2k1/1pb2ppp/p7/8/1PB5/2P2Q2/PB3PP1/5rK1 w - - 0 27	10	2	g1f1:579;c4f1:486
g687537-p48	a0-c1	1	10	10	3r2k1/1pb2ppp/p7/8/1PB5/2Pr1Q2/PB3PPK/3R1R2 w - - 1 26	14	3	h2g1:620;g2g3:538;f3g3:309
g687537-p48	a0-c1	1	11	11	3r2k1/1pb2ppp/p7/8/1PB5/2P2QP1/PB3P1K/5r2 w - - 0 27	10	2	f3f7:682;c4f1:474
g687537-p48	a0-c1	1	12	12	3r2k1/1pb2ppp/p7/8/1PB5/2P2Q2/PB3PP1/5K2 b - - 0 27	10	9	d8d7:598;b7b5:705;d8f8:600;d8d1:815;d8d2:#2;h7h6:660;c7b6:615;g8h8:611;c7e5:674
g687537-p48	a0-c1	1	13	13	3r2k1/1pb2Qpp/p7/8/1PB5/2P3P1/PB3P1K/5r2 b - - 0 27	10	1	g8h8:690
g687537-p48	a0-c1	1	14	14	3r2k1/1pb2ppp/p4r2/8/1PB5/2P2Q2/PB3PP1/3R1RK1 b - - 2 26	10	2	f6f3:620;d8d1:603
g687537-p48	a0-c1	1	15	15	3r2k1/1pb2ppp/p7/8/1PB5/2Pr1Q2/PB3PP1/3R1RK1 b - - 2 26	10	2	d3f3:620;d3d1:665
g687537-p48	a0-c1	1	16	16	3r2k1/1p3ppp/p6r/8/1PB5/2P2Qb1/PB3PP1/3R1R1K w - - 5 28	10	1	h1g1:0
g687537-p48	a0-c1	1	17	17	3r2k1/1pb2ppp/p7/8/1PB5/2P2Q2/PB1r1PP1/5RK1 w - - 2 27	10	3	f3f7:624;b2c1:560;b2a3:517
g687537-p48	a0-c1	1	18	18	3r2k1/1p3ppp/p6r/8/1PB5/2P2Qb1/PB3PP1/3R1RK1 b - - 6 28	10	1	g3h2:0
g687537-p48	a0-c1	1	19	19	3r2k1/1pb2ppp/p7/8/1P6/2P2QP1/PB3P1K/5B2 b - - 0 27	10	9	d8d2:636;d8d6:634;h7h6:576;b7b5:553;f7f6:642;g7g6:572;c7b6:540;h7h5:548;c7g3:640
g687537-p48	a0-c1	1	20	20	3r2k1/1p3ppp/p6r/8/1PB5/2P2Q2/PB3PPb/3R1RK1 w - - 7 29	10	1	g1h1:0
g687537-p48	a0-c1	1	21	21	6k1/1pbr1ppp/p7/8/1PB5/2P2Q2/PB3PP1/5K2 w - - 1 28	10	11	f3b7:595;c4b3:636;g2g3:588;a2a4:569;c4d5:546;b4b5:516;b2c1:597;c4d3:544;f3g4:583;c4e2:550;f1e2:603
g687537-p48	a0-c1	1	22	22	3r2k1/1pb2ppp/p4r2/8/1PB5/2P3Q1/PB3PPK/3R1R2 b - - 2 26	10	2	c7g3:534;f6h6:589
g687537-p48	a0-c1	1	23	23	3r2k1/1p3ppp/p2b3r/8/1PB5/2P2Q2/PB3PP1/3R1R1K w - - 5 28	10	2	h1g1:0;f3h3:598
g687537-p48	a0-c1	1	24	24	3r2k1/1pb2ppp/p6r/8/1PB5/2P2Q2/PB3PP1/3R1R1K w - - 5 28	10	2	h1g1:0;f3h3:602
g687537-p48	a0-c1	1	25	25	3r2k1/1p3ppp/p6r/8/1PB2b2/2P2Q2/PB3PP1/3R1R1K w - - 5 28	10	2	h1g1:0;f3h3:583
g687537-p48	a0-c1	1	26	26	3r2k1/1p3ppp/p6r/4b3/1PB5/2P2Q2/PB3PP1/3R1R1K w - - 5 28	10	2	h1g1:0;f3h3:627
g687537-p48	a0-c1	1	27	27	6k1/1p3ppp/p6r/8/1PB5/2P2Q2/PB3PPb/3r1R1K w - - 0 28	10	4	f3f7:#2;f1d1:719;f3d1:0;g2g3:427
g687537-p48	a0-c1	1	28	28	3r2k1/1p3ppp/p2b3r/8/1PB5/2P2Q2/PB3PP1/3R1RK1 b - - 6 28	10	1	d6h2:0
g687537-p48	a0-c1	1	29	29	3r2k1/1pb2ppp/p6r/8/1PB5/2P2Q2/PB3PP1/3R1RK1 b - - 6 28	10	1	c7h2:0
g687537-p48	a0-c1	1	30	30	3r2k1/1p3ppp/p6r/8/1PB2b2/2P2Q2/PB3PP1/3R1RK1 b - - 6 28	10	1	f4h2:0
g687537-p48	a0-c1	1	31	31	3r2k1/1pb2ppp/p7/8/1PB5/2Pr1QP1/PB3P1K/3R1R2 b - - 0 26	10	1	d3f3:542
g687537-p48	a0-c1	1	32	32	3r2k1/1pb2ppp/p7/8/1PB5/2P2Q1K/PB3PP1/3r1R2 b - - 1 26	10	4	d1f1:679;d1d6:554;d1d7:572;d1d2:596
g687537-p48	a0-c1	1	33	33	3r2k1/1p3ppp/p6r/4b3/1PB5/2P2Q2/PB3PP1/3R1RK1 b - - 6 28	10	1	e5h2:0
g687537-p48	a0-c1	1	34	34	6k1/1p3Qpp/p6r/8/1PB5/2P5/PB3PPb/3r1R1K b - - 0 28	10	1	g8h8:#1
g687537-p48	a0-c1	1	35	35	3r2k1/1p3ppp/p2b3r/8/1PB5/2P4Q/PB3PP1/3R1R1K b - - 6 28	10	1	h6h3:624
g687537-p48	a0-c1	1	36	36	3r2k1/1pb2ppp/p7/8/1PB5/2P2QP1/PB1r1P1K/5R2 w - - 1 27	10	3	f3f7:630;b2c1:618;b2a3:511
g687537-p48	a0-c1	1	37	37	3r2k1/1pb2ppp/p6r/8/1PB5/2P4Q/PB3PP1/3R1R1K b - - 6 28	10	1	h6h3:602
g687537-p48	a0-c1	1	38	38	3r2k1/1p3ppp/p6r/8/1PB2b2/2P4Q/PB3PP1/3R1R1K b - - 6 28	10	2	h6h3:621;d8d1:646
g687537-p48	a0-c1	1	39	39	3r2k1/1p3ppp/p6r/4b3/1PB5/2P4Q/PB3PP1/3R1R1K b - - 6 28	10	2	h6h3:590;d8d1:654
g687537-p48	a0-c1	1	40	40	3r2k1/1p3ppp/p6r/8/1PB5/2P2Q2/PB3PPb/3R1RK1 w - - 7 29	10	1	g1h1:0
g687537-p48	a0-c1	1	41	41	3r2k1/1p3ppp/p7/8/1PB5/2P2Q2/PB3PPb/3r1RK1 w - - 2 27	10	1	g1h2:645
g687537-p48	a0-c1	1	42	42	6k1/1p3ppp/p6r/8/1PB5/2P2Q2/PB3PPb/3R3K b - - 0 28	10	5	h2g3:#6;h2c7:812;h2e5:#7;h2f4:809;h2d6:1044
g687537-p48	a0-c1	1	43	43	3r2k1/1p3ppp/p6r/8/1PB5/2P2Q2/PB3PPb/3R1RK1 w - - 7 29	10	1	g1h1:0
g687537-p48	a0-c1	1	44	44	3r2k1/1p3ppp/p6r/8/1PB5/2P2Q2/PB3PPb/3R1RK1 w - - 7 29	10	1	g1h1:0
g687537-p48	a0-c1	1	45	45	3r3k/1pb2Qpp/p7/8/1PB5/2P3P1/PB3P1K/5r2 w - - 1 28	10	3	c4f1:694;f7c7:545;h2g2:524
g687537-p48	a0-c1	1	46	46	3r2k1/1p3ppp/p6r/8/1PB5/2P2Q2/PB3PPb/3R1RK1 w - - 7 29	10	1	g1h1:0
g687537-p48	a0-c1	1	47	47	3r2k1/1pb2ppp/p7/8/1PB5/2P2r2/PB3PP1/3R1RK1 w - - 0 27	10	2	d1d8:625;g2f3:612
g687537-p48	a0-c1	1	48	48	3r2k1/1pb2ppp/p7/8/1PB5/2P2r2/PB3PP1/3R1RK1 w - - 0 27	10	2	d1d8:631;g2f3:585
g687537-p48	a0-c1	1	49	49	7k/1p3Qpp/p6r/8/1PB5/2P5/PB3PPb/3r1R1K w - - 1 29	10	3	f7g8:#1;f7f8:#1;f1d1:1341
qFkqJ	a0-c1	1	0	0	5rk1/p5pp/b1p1p3/2p1N3/3Pp1Qq/N1P5/PP4PP/R5K1 b - - 6 18	14	2	h4f2:#-3;h4f6:101
qFkqJ	a0-c1	1	1	1	5rk1/p5pp/b1p1p3/2p1N3/3Pp1Q1/N1P5/PP3qPP/R5K1 w - - 7 19	14	1	g1h1:#-2
qFkqJ	a0-c1	1	2	2	5rk1/p5pp/b1p1p3/2p1N3/3Pp1Q1/N1P5/PP3qPP/R6K b - - 8 19	10	2	f2f1:#-2;f2b2:125
qFkqJ	a0-c1	1	3	3	5rk1/p5pp/b1p1p3/2p1N3/3Pp1Q1/N1P5/PP4PP/R4q1K w - - 9 20	10	1	a1f1:#-1
qFkqJ	a0-c1	1	4	4	5rk1/p5pp/b1p1p3/2p1N3/3Pp1Q1/N1P5/PP4PP/5R1K b - - 0 20	10	1	f8f1:#-1
qFkqJ	a0-c1	1	5	5	5rk1/p5pp/b1p1p3/2p1N3/3Pp1Q1/N1P5/Pq4PP/R6K w - - 0 20	10	3	g4e6:247;a1g1:106;a1b1:#-2
qFkqJ	a0-c1	1	6	6	5rk1/p5pp/b1p1Q3/2p1N3/3Pp3/N1P5/Pq4PP/R6K b - - 0 20	10	1	g8h8:#4
qFkqJ	a0-c1	1	7	7	5r1k/p5pp/b1p1Q3/2p1N3/3Pp3/N1P5/Pq4PP/R6K w - - 1 21	10	4	e5f7:#4;a1g1:264;a1b1:#-2;a1e1:-183
qFkqJ	a0-c1	1	8	8	5r1k/p4Npp/b1p1Q3/2p5/3Pp3/N1P5/Pq4PP/R6K b - - 2 21	10	2	f8f7:#2;h8g8:#3
qFkqJ	a0-c1	1	9	9	5r1k/p5pp/b1p1Q3/2p1N3/3Pp3/N1P5/Pq4PP/6RK b - - 2 21	10	7	b2a3:541;h7h6:594;b2f2:275;c5d4:739;b2c3:#4;a6c8:352;e4e3:318
qFkqJ	a0-c1	1	10	10	7k/p4rpp/b1p1Q3/2p5/3Pp3/N1P5/Pq4PP/R6K w - - 0 22	10	2	e6e8:#2;a1b1:#-2
qFkqJ	a0-c1	1	11	11	5rk1/p4Npp/b1p1Q3/2p5/3Pp3/N1P5/Pq4PP/R6K w - - 3 22	10	6	f7h6:#3;f7g5:#5;f7d6:#5;f7e5:#5;a1f1:0;f7d8:#5
qFkqJ	a0-c1	1	12	12	5r1k/p5pp/b1p1Q3/2p1N3/3Pp3/q1P5/P5PP/6RK w - - 0 22	10	2	e5f7:659;e6e7:288
qFkqJ	a0-c1	1	13	13	5rk1/p5pp/b1p1p3/2p1N3/3Pp1Q1/N1P5/Pq4PP/6RK b - - 1 20	10	5	b2a3:587;a6c8:249;c5d4:731;f8f6:203;b2a2:189
qFkqJ	a0-c1	1	14	14	5r1k/p5pp/b1p1Q3/2p1N3/3Pp3/N1P5/Pq4PP/1R5K b - - 2 21	10	4	b2b1:#-2;b2a3:#4;b2f2:186;f8f1:607
qFkqJ	a0-c1	1	15	15	5r1k/p5pp/b1p1Q3/2p1N3/3Pp3/N1P5/Pq4PP/4R2K b - - 2 21	10	6	b2a3:#4;b2f2:-185;b2c3:#4;h7h6:568;f8f1:782;b2d2:#4
qFkqJ	a0-c1	1	16	16	5r1k/p5p1/b1p1Q2p/2p1N3/3Pp3/N1P5/Pq4PP/6RK w - - 0 22	10	3	e5g6:618;a3c4:460;e5f7:325
qFkqJ	a0-c1	1	17	17	5rk1/p5pp/b1p1p3/2p1N3/3Pp1Q1/q1P5/P5PP/6RK w - - 0 21	10	2	g4e6:#5;g4e4:0
qFkqJ	a0-c1	1	18	18	5r1k/p5pp/b1p1Q3/2p1N3/3Pp3/N1P5/P5PP/1q5K w - - 0 22	10	1	a3b1:#-1
qFkqJ	a0-c1	1	19	19	5rk1/p5pp/b1p1p3/2p1N3/3Pp1Q1/N1P5/Pq4PP/1R5K b - - 1 20	10	4	b2b1:#-2;b2a3:#5;f8f1:443;b2a2:115
qFkqJ	a0-c1	1	20	20	5r1k/p5pp/b1p1Q3/2p1N3/3Pp3/N1P5/P4qPP/6RK w - - 3 22	10	9	e6c6:#-2;a3c4:252;h2h3:205;d4c5:#-2;e5g4:#-2;e5c6:#-2;e5d7:#-2;e6h3:#-2;c3c4:130
qFkqJ	a0-c1	1	21	21	5r1k/p5pp/b1p1Q3/2p1N3/3Pp3/q1P5/P5PP/4R2K w - - 0 22	10	2	e5f7:#4;h2h3:309
qFkqJ	a0-c1	1	22	22	5rk1/p5pp/b1p1pq2/2p1N3/3Pp1Q1/N1P5/PP4PP/R5K1 w - - 7 19	14	8	h2h3:228;e5d7:#-2;a3c4:#-3;c3c4:#-3;g4e4:#-2;g4d1:119;e5c6:#-2;g4g3:#-2
qFkqJ	a0-c1	1	23	23	5r1k/p5pp/b1p1Q3/4N3/3pp3/N1P5/Pq4PP/6RK w - - 0 22	10	2	e5f7:730;a3c4:210
qFkqJ	a0-c1	1	24	24	5r1k/p5pp/b1p1Q3/2p1N3/3Pp3/q1P5/P5PP/1R5K w - - 0 22	10	2	e5f7:#4;h2h3:231
qFkqJ	a0-c1	1	25	25	5rk1/p5pp/b1p1pq2/2p1N3/3Pp1Q1/N1P4P/PP4P1/R5K1 b - - 0 19	10	3	f6f2:225;c5d4:227;e4e3:207
qFkqJ	a0-c1	1	26	26	5rk1/p5pp/b1p1Q3/2p1N3/3Pp3/q1P5/P5PP/6RK b - - 0 21	10	1	g8h8:#4
qFkqJ	a0-c1	1	27	27	5r1k/p5pp/b1p1Q3/2p1N3/3Pp3/N1P5/P4qPP/4R2K w - - 3 22	10	5	e1g1:#-2;h2h3:-333;e5f7:-461;e1b1:#-2;a3c2:#-2
qFkqJ	a0-c1	1	28	28	5r1k/p5pp/b1p1Q3/2p1N3/3Pp3/N1q5/P5PP/6RK w - - 0 22	10	3	e5f7:#4;a3c4:272;a3b1:539
qFkqJ	a0-c1	1	29	29	2b2r1k/p5pp/2p1Q3/2p1N3/3Pp3/N1P5/Pq4PP/6RK w - - 3 22	10	4	e5f7:198;e6e7:349;e6b3:250;a3c4:257
qFkqJ	a0-c1	1	30	30	5r1k/p5pp/b1p1Q3/2p1N3/3Pp3/q1P5/P5PP/6RK w - - 1 22	10	2	e5f7:#4;e6e7:361
qFkqJ	a0-c1	1	31	31	5r1k/p5pp/b1p1Q3/2p1N3/3Pp3/N1q5/P5PP/4R2K w - - 0 22	10	4	e5f7:#4;e1g1:247;e1b1:196;e1d1:235
qFkqJ	a0-c1	1	32	32	5r1k/p5pp/b1p1Q3/2p1N3/3P4/N1P1p3/Pq4PP/6RK w - - 0 22	10	2	e5f7:629;a3c4:385
qFkqJ	a0-c1	1	33	33	5rk1/p5pp/b1p1p3/2p1N3/3Pp1Q1/N1P5/P5PP/1q5K w - - 0 21	10	1	a3b1:#-1
qFkqJ	a0-c1	1	34	34	5r1k/p5pp/b1p1Q3/2p1N3/3Pp3/N1P5/P4qPP/1R5K w - - 3 22	10	7	h2h3:129;b1g1:#-2;e5f7:-107;a3c4:#-2;e6c6:#-2;e5g4:#-2;d4c5:#-2
qFkqJ	a0-c1	1	35	35	7k/p5pp/b1p1Q3/2p1N3/3Pp3/N1P5/Pq4PP/1R3r1K w - - 3 22	10	1	b1f1:798
qFkqJ	a0-c1	1	36	36	5rk1/p2N2pp/b1p1pq2/2p5/3Pp1Q1/N1P5/PP4PP/R5K1 b - - 8 19	10	2	f6f1:#-2;f6f2:#-3
qFkqJ	a0-c1	1	37	37	5r1k/p5p1/b1p1Q2p/2p1N3/3Pp3/N1P5/Pq4PP/4R2K w - - 0 22	10	3	e5g6:672;e5f7:342;a3c4:491
qFkqJ	a0-c1	1	38	38	5rk1/p5pp/b1p1p3/2p1N3/3Pp1Q1/q1P5/P5PP/1R5K w - - 0 21	10	3	g4e6:#5;g4e4:0;e5c6:-92
qFkqJ	a0-c1	1	39	39	5rk1/p5pp/b1p1p3/2p1N3/3PQ3/q1P5/P5PP/6RK b - - 0 21	10	3	c5d4:6;a3c3:180;a3a2:-42
qFkqJ	a0-c1	1	40	40	7k/p5pp/b1p1Q3/2p1N3/3Pp3/N1P5/Pq4PP/4Rr1K w - - 3 22	10	1	e1f1:788
qFkqJ	a0-c1	1	41	41	5rk1/p5pp/b1p1p3/4N3/3pQ3/q1P5/P5PP/6RK w - - 0 22	10	4	c3d4:-56;e4c6:-12;e5c6:-60;e4d4:-64
qFkqJ	a0-c1	1	42	42	5r1k/p5pp/b1p1Q3/2p1N3/3Pp3/N1P5/P2q2PP/4R2K w - - 3 22	10	3	e1g1:270;e5f7:#4;e1b1:152
qFkqJ	a0-c1	1	43	43	5rk1/p5pp/b1p1pq2/2p1N3/2NPp1Q1/2P5/PP4PP/R5K1 b - - 8 19	10	3	f6f2:#-3;c5d4:156;a6c4:-78
qFkqJ	a0-c1	1	44	44	2b2rk1/p5pp/2p1p3/2p1N3/3Pp1Q1/N1P5/Pq4PP/6RK w - - 2 21	10	1	a3c4:298
qFkqJ	a0-c1	1	45	45	5rk1/p5pp/b1p1p3/2p1N3/3Pp1Q1/2P5/P5PP/1N5K b - - 0 21	10	1	f8f1:#-1
qFkqJ	a0-c1	1	46	46	5rk1/p5pp/b1p1p3/2p1N3/3PQ3/2q5/P5PP/6RK w - - 0 22	10	4	e5c6:-76;e4c6:45;d4c5:-38;e5d7:179
qFkqJ	a0-c1	1	47	47	5rk1/p5pp/b1p1Q3/2p1N3/3Pp3/q1P5/P5PP/1R5K b - - 0 21	10	1	g8h8:#4
qFkqJ	a0-c1	1	48	48	5r1k/p5pp/b1p1Q3/2p1N3/3Pp3/q1P5/P5PP/1R5K w - - 1 22	10	2	e5f7:#4;h2h3:307
qFkqJ	a0-c1	1	49	49	5rk1/p5pp/b1p1p3/4N3/3pp1Q1/N1P5/Pq4PP/6RK w - - 0 21	10	2	g4e6:747;a3c4:255
3pyT9	a0-c1	1	0	0	2k4r/ppq4p/5p2/2N2bp1/2PPr3/PQ2B3/P3nPPP/R4R1K b - - 7 20	14	7	e4h4:-170;e2d4:-10;c7h2:#-2;e4e7:234;b7b6:471;e4e3:376;h7h5:218
3pyT9	a0-c1	1	1	1	2k4r/ppq4p/5p2/2N2bp1/2PP3r/PQ2B3/P3nPPP/R4R1K w - - 8 21	14	6	g2g3:-224;h2h3:-636;d4d5:#-1;a1b1:#-1;f2f4:-136;f1e1:#-1
3pyT9	a0-c1	1	2	2	2k4r/ppq4p/5p2/2N2bp1/2PP3r/PQ2B1P1/P3nP1P/R4R1K b - - 0 21	10	8	e2g3:422;c7c6:295;f5e4:173;h4h3:106;b7b6:132;h4h5:52;h4h6:60;h4h2:299
3pyT9	a0-c1	1	3	3	2k4r/pp5p/5p2/2N2bp1/2PPr3/PQ2B3/P3nPPq/R4R1K w - - 0 21	14	1	h1h2:#-1
3pyT9	a0-c1	1	4	4	2k4r/pp5p/5p2/2N2bp1/2PPr3/PQ2B3/P3nPPK/R4R2 b - - 0 21	10	1	e4h4:#-1
3pyT9	a0-c1	1	5	5	2k4r/ppq4p/5p2/2N2bp1/2Pnr3/PQ2B3/P4PPP/R4R1K w - - 0 21	14	3	e3d4:0;b3b4:-146;c5e4:-390
3pyT9	a0-c1	1	6	6	2k4r/ppq4p/5p2/2N2bp1/2PP3r/PQ2B1n1/P4P1P/R4R1K w - - 0 22	10	1	f2g3:431
3pyT9	a0-c1	1	7	7	2k4r/ppq4p/5p2/2N2bp1/2PP3r/PQ2B1P1/P6P/R4R1K b - - 0 22	10	6	c7g3:499;f5e4:489;h4h3:409;c7c6:602;h4h5:577;b7b6:459
3pyT9	a0-c1	1	8	8	2k4r/ppq4p/5p2/2N2bp1/2PBr3/PQ6/P4PPP/R4R1K b - - 0 21	10	2	e4d4:0;e4h4:306
3pyT9	a0-c1	1	9	9	2k4r/pp5p/5p2/2N2bp1/2PP3r/PQ2B1q1/P6P/R4R1K w - - 0 23	10	3	b3b7:600;f1f2:246;e3g1:369
3pyT9	a0-c1	1	10	10	2k4r/pQ5p/5p2/2N2bp1/2PP3r/P3B1q1/P6P/R4R1K b - - 0 23	10	1	c8d8:606
3pyT9	a0-c1	1	11	11	2k4r/ppq4p/5p2/2N2bp1/2Pr4/PQ6/P4PPP/R4R1K w - - 0 22	10	9	c5a4:-115;b3b4:-27;b3b5:3;a1d1:-379;f1d1:-354;b3e3:-348;a1b1:-34;a1c1:-403;b3f3:-379
3pyT9	a0-c1	1	12	12	2k4r/ppq4p/5p2/5bp1/N1Pr4/PQ6/P4PPP/R4R1K b - - 1 22	10	8	d4c4:-113;d4h4:-108;h8d8:-81;h7h5:-53;c7c4:415;f5e6:-13;d4d3:-18;c8b8:-107
3pyT9	a0-c1	1	13	13	2k4r/pp5p/2q2p2/2N2bp1/2PP3r/PQ2B1P1/P3nP1P/R4R1K w - - 1 22	10	2	d4d5:295;f2f3:-188
3pyT9	a0-c1	1	14	14	2k4r/ppq4p/5p2/5bp1/N1r5/PQ6/P4PPP/R4R1K w - - 0 23	10	11	a4b2:-132;h2h3:-365;b3b2:-229;a1c1:-607;b3e3:-164;b3f3:-135;b3b5:-163;a1b1:-501;a1d1:-353;f1e1:-313;g2g3:-432
3pyT9	a0-c1	1	15	15	2k4r/ppq5/5p2/2N2bpp/2PPr3/PQ2B3/P3nPPP/R4R1K w - - 0 21	14	4	c5e4:364;a1b1:159;f1e1:44;d4d5:167
3pyT9	a0-c1	1	16	16	2k4r/ppq1r2p/5p2/2N2bp1/2PP4/PQ2B3/P3nPPP/R4R1K w - - 8 21	14	7	f1e1:281;d4d5:252;a1b1:151;b3b2:254;a1e1:283;a3a4:202;g2g3:-16
3pyT9	a0-c1	1	17	17	2k4r/ppq4p/5p2/2N3p1/2PPb2r/PQ2B1P1/P3nP1P/R4R1K w - - 1 22	10	2	c5e4:325;f2f3:#-7
3pyT9	a0-c1	1	18	18	2k4r/ppq4p/5p2/2N2bp1/2PP4/PQ2B1Pr/P3nP1P/R4R1K w - - 1 22	10	9	f1e1:84;a1b1:-66;a1e1:54;d4d5:70;h1g2:-31;b3b2:-50;f2f4:-292;b3d1:-265;a3a4:-34
3pyT9	a0-c1	1	19	19	2k4r/ppq4p/5p2/2N2bp1/1QPr4/P7/P4PPP/R4R1K b - - 1 22	10	6	b7b6:-17;h8d8:-19;d4h4:-69;h7h5:7;a7a5:38;f5d3:47
3pyT9	a0-c1	1	20	20	3k3r/pQ5p/5p2/2N2bp1/2PP3r/P3B1q1/P6P/R4R1K w - - 1 24	10	6	b7d5:616;b7a8:417;e3g1:549;b7g2:280;b7b8:-381;f1f2:474
3pyT9	a0-c1	1	21	21	2k4r/ppq4p/5p2/2N2bp1/2PP3r/PQ2B2P/P3nPP1/R4R1K b - - 0 21	10	4	f5h3:-583;g5g4:-73;b7b6:-29;h4h3:170
3pyT9	a0-c1	1	22	22	2k4r/ppq4p/5p2/2N2bp1/2PP4/PQ2r3/P3nPPP/R4R1K w - - 0 21	14	2	f2e3:391;b3e3:394
3pyT9	a0-c1	1	23	23	2k4r/ppq4p/5p2/5bp1/N1P4r/PQ6/P4PPP/R4R1K w - - 2 23	10	5	g2g3:-265;h2h3:-332;c4c5:#-1;a1c1:#-1;b3g3:-124
3pyT9	a0-c1	1	24	24	2k4r/ppq4p/5p2/1QN2bp1/2Pr4/P7/P4PPP/R4R1K b - - 1 22	10	7	a7a6:154;d4h4:15;b7b6:57;h8d8:10;h7h5:83;f5d3:144;f5d7:5
3pyT9	a0-c1	1	25	25	2k4r/p1q4p/1p3p2/2N2bp1/2PPr3/PQ2B3/P3nPPP/R4R1K w - - 0 21	14	2	c5e4:462;c5a6:171
3pyT9	a0-c1	1	26	26	2k4r/ppq4p/5p2/5bp1/2r5/PQ6/PN3PPP/R4R1K b - - 1 23	10	5	c4c3:-95;c4c6:-112;c4h4:342;c4c2:-76;c4c5:-103
3pyT9	a0-c1	1	27	27	2k4r/ppq4p/5p2/2N3p1/2PPb2r/PQ2B1P1/P6P/R4R1K w - - 1 23	10	2	c5e4:453;h1g1:466
3pyT9	a0-c1	1	28	28	2k4r/ppq4p/5p2/2N2bp1/2PB3r/PQ6/P4PPP/R4R1K w - - 1 22	10	6	g2g3:-81;d4f6:#-1;h2h3:51;b3g3:-40;f2f4:315;d4e3:#-1
3pyT9	a0-c1	1	29	29	2k4r/ppq4p/5p2/2N2bp1/1QPnr3/P3B3/P4PPP/R4R1K b - - 1 21	10	6	d4c2:-148;e4h4:-126;e4e3:98;d4c6:92;b7b6:406;e4e5:345
3pyT9	a0-c1	1	30	30	2k4r/p1q4p/1p3p2/2N2bp1/1QPr4/P7/P4PPP/R4R1K w - - 0 23	10	2	c5a6:-5;c5b3:-60
3pyT9	a0-c1	1	31	31	2kr4/ppq4p/5p2/5bp1/N1Pr4/PQ6/P4PPP/R4R1K w - - 2 23	10	8	c4c5:-137;a1c1:-43;a4c3:-75;a1d1:-125;a4b2:-110;a1b1:-455;h2h3:-158;b3f3:-132
3pyT9	a0-c1	1	32	32	2k4r/ppq4p/5p2/5bp1/2PnN3/PQ2B3/P4PPP/R4R1K b - - 0 21	10	2	d4b3:-381;f5e4:472
3pyT9	a0-c1	1	33	33	2k4r/ppq4p/5p2/2NP1bp1/2P4r/PQ2B3/P3nPPP/R4R1K b - - 0 21	10	1	c7h2:#-1
3pyT9	a0-c1	1	34	34	2k4r/ppq4p/5p2/5bp1/N1P4r/PQ4P1/P4P1P/R4R1K b - - 0 23	10	6	f5e4:112;h4c4:-242;c7c6:-227;h4h6:43;h4h3:41;h4h5:74
3pyT9	a0-c1	1	35	35	2k4r/ppq4p/5p2/2N2bp1/2PP3r/PQ2B3/P3nPPP/1R3R1K b - - 9 21	10	1	c7h2:#-1
3pyT9	a0-c1	1	36	36	2k4r/pp5p/2q2p2/2NP1bp1/2P4r/PQ2B1P1/P3nP1P/R4R1K b - - 0 22	10	7	e2g3:575;f5e4:545;h4h2:459;c6c7:370;c6d6:416;c6e8:489;c6c5:437
3pyT9	a0-c1	1	37	37	2kr4/ppq4p/5p2/2N2bp1/1QPr4/P7/P4PPP/R4R1K w - - 2 23	10	9	a1c1:-20;a1b1:-441;a3a4:-135;h2h3:-134;c5b3:-151;f1e1:-100;a1e1:-6;f1c1:-119;f2f3:-57
3pyT9	a0-c1	1	38	38	2k4r/ppq4p/5p2/5bp1/N1r5/PQ5P/P4PP1/R4R1K b - - 0 23	10	10	f5c2:-335;c8b8:-217;g5g4:-240;f5e6:-74;h7h5:-113;c7c6:-159;h8d8:-181;f5d7:-170;c4h4:375;f5h3:-93
3pyT9	a0-c1	1	39	39	2k4r/ppq4p/5p2/2N2bp1/2PP1P1r/PQ2B3/P3n1PP/R4R1K b - - 0 21	10	4	g5f4:0;e2g3:-76;b7b6:0;e2f4:132
3pyT9	a0-c1	1	40	40	2k4r/1pq4p/p4p2/1QN2bp1/2Pr4/P7/P4PPP/R4R1K w - - 0 23	10	2	b5b4:29;c5a6:179
3pyT9	a0-c1	1	41	41	2k4r/ppq5/5p2/5bpp/N1Pr4/PQ6/P4PPP/R4R1K w - - 0 23	10	9	c4c5:-119;a1c1:-82;a1d1:-90;f1d1:-108;a1b1:-391;a4c3:-17;a4b2:-123;f1c1:-109;b3f3:-54
3pyT9	a0-c1	1	42	42	2k4r/ppq4p/5p2/2N2bp1/2PB3r/PQ4P1/P4P1P/R4R1K b - - 0 22	10	6	h4d4:-148;c7c6:-38;f5e4:374;h4h3:416;h4h6:335;b7b6:377
3pyT9	a0-c1	1	43	43	2k4r/p1q4p/1p3p2/2N2bp1/2PP3r/PQ2B1P1/P3nP1P/R4R1K w - - 0 22	10	4	c5a6:-753;g3h4:192;c5d3:#-4;c5a4:#-4
3pyT9	a0-c1	1	44	44	2k4r/ppq4p/5p2/2N2bpr/2PP4/PQ2B1P1/P3nP1P/R4R1K w - - 1 22	10	10	f1e1:82;d4d5:45;a1b1:0;a1e1:50;b3b2:-33;f2f4:-227;h1g2:-27;b3d1:-49;a3a4:-74;f2f3:#-3
3pyT9	a0-c1	1	45	45	2k4r/ppq1r2p/5p2/2N2bp1/2PP4/PQ2B3/P3nPPP/R3R2K b - - 9 21	10	5	e2f4:280;e2d4:385;b7b6:301;e7e3:399;f5g4:323
3pyT9	a0-c1	1	46	46	2k4r/ppq4p/5p2/2N2bp1/2PP4/PQ2B1Pr/P6P/R4R1K w - - 1 23	10	7	f1f5:508;e3f2:346;d4d5:413;h1g2:376;a1b1:361;b3b7:256;f1g1:167
3pyT9	a0-c1	1	47	47	2k4r/ppq4p/5p2/5bp1/8/PQr5/PN3PPP/R4R1K w - - 2 24	10	5	b3b4:-96;b3d5:-108;b3a4:-110;b3b5:-131;b3d1:-155
3pyT9	a0-c1	1	48	48	2k4r/ppq4p/5p2/2N2bp1/1QP4r/P7/P4PPP/R4R1K w - - 2 23	10	6	g2g3:-61;h2h3:-371;a1d1:#-1;a1b1:#-1;a1c1:#-1;f2f4:-44
3pyT9	a0-c1	1	49	49	2k4r/ppq4p/5p2/6p1/2PPN2r/PQ2B1P1/P3nP1P/R4R1K b - - 0 22	10	5	h4e4:271;e2g3:469;h4h3:454;h4h6:511;h4h5:529
Mhfvi	a0-c1	1	0	0	2k4r/ppp4p/1b2p3/1Nq4r/2P3n1/2Q3B1/PP4PP/R4R1K b - - 5 22	14	10	h8g8:-85;h8d8:-46;a7a6:1226;h8f8:506;g4h2:1134;h5h2:275;e6e5:91;g4e3:810;h8e8:-15;g4f2:505
Mhfvi	a0-c1	1	1	1	2k3r1/ppp4p/1b2p3/1Nq4r/2P3n1/2Q3B1/PP4PP/R4R1K w - - 6 23	14	10	b2b4:#-3;h2h3:-95;c3f3:-92;a1e1:#-3;a1d1:#-3;f1f7:-280;a2a4:#-3;b5c7:-1032;f1f4:-162;c3e1:-171
Mhfvi	a0-c1	1	2	2	2k3r1/ppp4p/1b2p3/1Nq4r/1PP3n1/2Q3B1/P5PP/R4R1K b - - 0 23	10	6	c5g5:-167;c5c6:0;c5e7:170;h5h2:266;c5e3:-157;g4f2:282
Mhfvi	a0-c1	1	3	3	2k3r1/ppp4p/1b2p3/1N4qr/1PP3n1/2Q3B1/P5PP/R4R1K w - - 1 24	10	4	c4c5:-188;h2h3:-366;a2a4:-941;c3f3:-149
Mhfvi	a0-c1	1	4	4	2k3r1/ppp4p/1bq1p3/1N5r/1PP3n1/2Q3B1/P5PP/R4R1K w - - 1 24	10	7	c4c5:-343;a2a4:-536;b5d4:-338;h2h3:#-2;c3f3:-48;a1d1:-420;f1f7:-546
Mhfvi	a0-c1	1	5	5	2k3r1/ppp4p/1b2p3/1Nq4r/2P3n1/2Q3BP/PP4P1/R4R1K b - - 0 23	10	7	g4e3:-82;a7a6:-113;c5c6:-87;g4f2:218;h5h3:137;c5g5:-110;g4h6:-5
Mhfvi	a0-c1	1	6	6	2kr4/ppp4p/1b2p3/1Nq4r/2P3n1/2Q3B1/PP4PP/R4R1K w - - 6 23	14	8	b2b4:#-3;h2h3:-93;c3f3:-94;c3g7:-419;a1d1:-550;a2a4:#-3;a1e1:#-3;f1f7:-323
Mhfvi	a0-c1	1	7	7	2kr4/ppp4p/1b2p3/1Nq4r/1PP3n1/2Q3B1/P5PP/R4R1K b - - 0 23	10	6	c5g5:225;c5c6:148;c5e7:326;c5e3:209;h5h2:334;g4f2:392
Mhfvi	a0-c1	1	8	8	2k3r1/ppp1q2p/1b2p3/1N5r/1PP3n1/2Q3B1/P5PP/R4R1K w - - 1 24	10	2	c4c5:258;h2h3:132
Mhfvi	a0-c1	1	9	9	2k3r1/ppp4p/1b2p3/1Nq4r/2P3n1/5QB1/PP4PP/R4R1K b - - 7 23	10	10	g4h2:138;c5c4:228;a7a6:-9;h5f5:-56;g4e3:-87;h5h2:205;g4e5:552;c5g5:-96;c7c6:447;e6e5:37
Mhfvi	a0-c1	1	10	10	2k1r3/ppp4p/1b2p3/1Nq4r/2P3n1/2Q3B1/PP4PP/R4R1K w - - 6 23	14	8	b2b4:#-3;h2h3:-37;c3g7:#-3;c3f3:20;a1d1:#-3;a2a4:#-3;f1f7:-300;a1e1:#-3
Mhfvi	a0-c1	1	11	11	2k1r3/ppp4p/1b2p3/1Nq4r/1PP3n1/2Q3B1/P5PP/R4R1K b - - 0 23	10	6	c5g5:289;c5c6:222;c5e7:364;c5e3:308;h5h2:403;g4f2:451
Mhfvi	a0-c1	1	12	12	2k3r1/ppp4p/1b2p3/1NP3qr/1P4n1/2Q3B1/P5PP/R4R1K b - - 0 24	10	5	g4h2:-221;h5h2:32;g4e3:354;b6c5:270;a7a6:549
Mhfvi	a0-c1	1	13	13	2k3r1/ppp4p/1b2p3/1Nq4r/2P3n1/2Q3B1/PP4PP/4RR1K b - - 7 23	10	10	g4h2:-4;a7a6:-132;h5h2:122;g4f2:288;c5g5:-107;e6e5:16;g4e3:-1;c7c6:410;c5c6:-17;g8g6:701
Mhfvi	a0-c1	1	14	14	2k4r/ppp4p/1b6/1Nq1p2r/2P3n1/2Q3B1/PP4PP/R4R1K w - - 0 23	14	7	b2b4:#-3;h2h3:-89;c3f3:89;a1e1:#-3;a1d1:-170;a2a4:#-3;f1f7:68
Mhfvi	a0-c1	1	15	15	2k4r/ppp4p/1b6/1Nq1p2r/1PP3n1/2Q3B1/P5PP/R4R1K b - - 0 23	10	5	c5e7:323;c5c6:82;c5e3:213;g4f2:496;h5h2:408
Mhfvi	a0-c1	1	16	16	2k3r1/ppp4p/1b2p3/1Nq4r/2P3n1/2Q3B1/PP4PP/3R1R1K b - - 7 23	10	8	g4h2:19;g4e3:-119;a7a6:-89;h5h2:106;g4f2:393;c5g5:-80;c5c6:-63;c7c6:300
Mhfvi	a0-c1	1	17	17	2kr4/ppp4p/1b2p3/1N4qr/1PP3n1/2Q3B1/P5PP/R4R1K w - - 1 24	10	3	c4c5:211;h2h3:68;a2a4:-196
Mhfvi	a0-c1	1	18	18	2k3r1/ppp4p/1b2p3/1NP3qr/1P6/2Q3B1/P5Pn/R4R1K w - - 0 25	10	6	c5b6:#-2;g3h2:#-1;h1g1:-186;b5a7:-469;b5d6:-194;f1f3:#-2
Mhfvi	a0-c1	1	19	19	2k3r1/ppp4p/1b2p3/1Nq4r/2P5/2Q1n1BP/PP4P1/R4R1K w - - 1 24	10	8	f1f3:-84;g3f2:#-3;f1f7:-831;f1e1:-852;b2b4:-739;g3c7:#-4;f1f2:-194;c3f6:-116
Mhfvi	a0-c1	1	20	20	2k3r1/ppp4p/1bq1p3/1NP4r/1P4n1/2Q3B1/P5PP/R4R1K b - - 0 24	10	5	g4h2:-397;c6b5:161;a7a6:213;b6c5:115;h5h2:81
Mhfvi	a0-c1	1	21	21	2k4r/ppp4p/1b2p3/1Nq5/2P3n1/2Q3B1/PP4Pr/R4R1K w - - 0 23	14	1	g3h2:269
Mhfvi	a0-c1	1	22	22	2k3r1/ppp2R1p/1b2p3/1Nq4r/2P3n1/2Q3B1/PP4PP/R6K b - - 7 23	10	9	g4h2:-290;g4f2:399;h5h2:-315;a7a6:-84;c7c6:412;g4e3:63;e6e5:108;c5g5:123;g4e5:8
Mhfvi	a0-c1	1	23	23	2k3r1/ppp1q2p/1b2p3/1NP4r/1P4n1/2Q3B1/P5PP/R4R1K b - - 0 24	10	6	g4h2:302;b6c5:342;a7a6:287;h5h2:426;c7c6:396;e7g5:670
Mhfvi	a0-c1	1	24	24	2kr4/ppp4p/1b2p3/1Nq4r/2P3n1/2Q3BP/PP4P1/R4R1K b - - 0 23	10	8	g4e3:-163;a7a6:-146;d8g8:67;c5c6:-38;g4f2:481;c5g5:37;c7c6:185;h5h3:127
Mhfvi	a0-c1	1	25	25	2k1r3/ppp4p/1b2p3/1N4qr/1PP3n1/2Q3B1/P5PP/R4R1K w - - 1 24	10	3	c4c5:245;h2h3:144;a2a4:-85
Mhfvi	a0-c1	1	26	26	2k3r1/ppp4p/1b2p3/1Nq4r/2P5/5QB1/PP4Pn/R4R1K w - - 0 24	10	2	g3h2:124;f3h5:-576
Mhfvi	a0-c1	1	27	27	2k3r1/ppp4p/1P2p3/1N4qr/1P6/2Q3B1/P5Pn/R4R1K b - - 0 25	10	3	h2f3:#-2;h2f1:-252;g5g3:-96
Mhfvi	a0-c1	1	28	28	2k3r1/ppp4p/1b2p3/1Nq4r/P1P3n1/2Q3B1/1P4PP/R4R1K b - - 0 23	10	8	g4h2:30;a7a6:-47;g4e3:-43;h5h2:188;g4f2:356;c5g5:-138;c7c6:387;a7a5:-19
Mhfvi	a0-c1	1	29	29	2k4r/ppp4p/1b2p3/1Nq4r/2P5/2Q3B1/PP3nPP/R4R1K w - - 6 23	14	2	g3f2:519;f1f2:437
Mhfvi	a0-c1	1	30	30	2k2r2/ppp4p/1b2p3/1Nq4r/2P3n1/2Q3B1/PP4PP/R4R1K w - - 6 23	14	4	f1f8:-94;b2b4:#-4;c3g7:#-4;h2h3:#-8
Mhfvi	a0-c1	1	31	31	2k2R2/ppp4p/1b2p3/1Nq4r/2P3n1/2Q3B1/PP4PP/R6K b - - 0 23	10	2	c5f8:-94;c8d7:781
Mhfvi	a0-c1	1	32	32	2k2q2/ppp4p/1b2p3/1N5r/2P3n1/2Q3B1/PP4PP/R6K w - - 0 24	10	10	h2h3:-82;c4c5:-141;a2a4:-451;b2b4:-347;a1e1:-476;c3f3:-95;a1d1:-682;c3e1:-436;b5d4:-117;a1c1:-339
Mhfvi	a0-c1	1	33	33	2k2q2/ppp4p/1b2p3/1N5r/2P3n1/2Q3BP/PP4P1/R6K b - - 0 24	10	9	g4f2:-20;b6f2:147;a7a6:-82;g4e3:-52;c7c6:115;h5f5:210;f8c5:649;f8h6:648;g4f6:132
Mhfvi	a0-c1	1	34	34	2k2q2/ppp4p/1b2p3/1NP4r/6n1/2Q3B1/PP4PP/R6K b - - 0 24	10	5	b6c5:-36;h5c5:-138;g4f2:368;g4h2:113;h5h2:91
Mhfvi	a0-c1	1	35	35	2k2r2/ppp4p/1b2p3/1Nq4r/1PP3n1/2Q3B1/P5PP/R4R1K b - - 0 23	10	6	f8f1:#-4;c5e7:330;g4f2:526;h5h2:338;c5g5:800;c5c6:1034
Mhfvi	a0-c1	1	36	36	2k4r/1pp4p/pb2p3/1Nq4r/2P3n1/2Q3B1/PP4PP/R4R1K w - - 0 23	14	4	c3h8:1115;b5a3:-104;b2b4:472;b5c7:156
Mhfvi	a0-c1	1	37	37	2k4r/ppp1q2p/1b6/1N2p2r/1PP3n1/2Q3B1/P5PP/R4R1K w - - 1 24	10	3	c4c5:340;a1e1:164;h2h3:85
Mhfvi	a0-c1	1	38	38	2kr4/ppp4p/1bq1p3/1N5r/1PP3n1/2Q3B1/P5PP/R4R1K w - - 1 24	10	7	c4c5:144;a2a4:59;h2h3:#-2;a1d1:-327;c3g7:-30;g3c7:#-4;c3f3:-12
Mhfvi	a0-c1	1	39	39	2k1r3/ppp4p/1b2p3/1Nq4r/2P3n1/2Q3BP/PP4P1/R4R1K b - - 0 23	10	9	g4e3:-34;a7a6:-34;e8g8:33;e6e5:207;c5c6:-23;g4f2:438;e8f8:507;c5g5:112;c7c6:466
Mhfvi	a0-c1	1	40	40	2k4r/ppp4p/1b2p3/1Nq4r/2P5/2Q1n1B1/PP4PP/R4R1K w - - 6 23	14	5	c3h8:811;f1e1:-68;f1f7:112;f1f3:81;g3f2:-8
Mhfvi	a0-c1	1	41	41	2kr4/ppp1q2p/1b2p3/1N5r/1PP3n1/2Q3B1/P5PP/R4R1K w - - 1 24	10	2	c4c5:319;a2a4:65
Mhfvi	a0-c1	1	42	42	2k4r/ppp4p/1b2p3/1Nq4r/2P5/2Q3B1/PP4Pn/R4R1K w - - 0 23	14	2	g3h2:120;c3h8:1077
Mhfvi	a0-c1	1	43	43	2k3r1/ppp4p/1b2p3/1Nq5/1PP3n1/2Q3B1/P5Pr/R4R1K w - - 0 24	10	1	g3h2:334
Mhfvi	a0-c1	1	44	44	2k2q2/ppp4p/1b2p3/1N5r/P1P3n1/2Q3B1/1P4PP/R6K b - - 0 24	10	8	g4f2:-31;b6f2:-2;a7a6:-89;g4h2:-26;f8h6:75;h5h2:-433;c7c6:85;h5f5:-84
Mhfvi	a0-c1	1	45	45	2k3r1/ppp4p/1b2p3/1Nq4r/2P5/2Q1nRBP/PP4P1/R6K b - - 2 24	10	8	e3f5:43;h5g5:82;e3c4:5;e3g2:93;a7a6:-36;e3g4:216;g8g3:291;h5h3:0
Mhfvi	a0-c1	1	46	46	2kr4/ppp4p/1b2p3/1Nq4r/2P3n1/5QB1/PP4PP/R4R1K b - - 7 23	10	10	d8g8:125;g4h2:27;g4e3:-69;c5c4:-2;g4e5:509;a7a6:220;h5h2:297;h5g5:91;c5g5:101;h5f5:413
Mhfvi	a0-c1	1	47	47	2k3r1/ppp4p/1b2p3/1N5r/1PP3n1/2Q1q1B1/P5PP/R4R1K w - - 1 24	10	4	c3e3:-114;c4c5:-162;c3c2:#-4;a1e1:-322
Mhfvi	a0-c1	1	48	48	2k4r/ppp4p/1b6/1Nq1p2r/2P3n1/2Q3BP/PP4P1/R4R1K b - - 0 23	10	9	g4e3:-94;h8g8:5;a7a6:124;h8f8:4;h8e8:184;c5c6:-109;g4f2:455;h8d8:40;e5e4:962
Mhfvi	a0-c1	1	49	49	2k1r3/ppp4p/1bq1p3/1N5r/1PP3n1/2Q3B1/P5PP/R4R1K w - - 1 24	10	7	c4c5:224;a2a4:85;h2h3:#-2;b5d4:137;c3g7:50;f1f7:-11;c3f3:33
qRvUi	a0-c1	1	0	0	2r2r1k/p4Pp1/7p/1n1p4/7B/qP3N1B/P1p3PP/2Q4K w - - 1 32	14	9	c1a3:-503;h3c8:-1123;f3e5:#-2;c1f4:-924;c1d2:-577;c1c2:-675;c1h6:#3;c1f1:-467;h4e7:-1559
qRvUi	a0-c1	1	1	1	2r2r1k/p4Pp1/7Q/1n1p4/7B/qP3N1B/P1p3PP/7K b - - 0 32	14	1	g7h6:#2
qRvUi	a0-c1	1	2	2	2r2r1k/p4P2/7p/1n1p4/7B/qP3N1B/P1p3PP/7K w - - 0 33	10	2	h4f6:#2;h3c8:-702
qRvUi	a0-c1	1	3	3	2r2r1k/p4P2/5B1p/1n1p4/8/qP3N1B/P1p3PP/7K b - - 1 33	10	1	h8h7:#1
qRvUi	a0-c1	1	4	4	2r2r1k/p4Pp1/7p/1n1p4/7B/QP3N1B/P1p3PP/7K b - - 0 32	14	1	b5a3:-585
qRvUi	a0-c1	1	5	5	2r2r2/p4P1k/5B1p/1n1p4/8/qP3N1B/P1p3PP/7K w - - 2 34	10	1	h3f5:#1
qRvUi	a0-c1	1	6	6	2B2r1k/p4P2/7p/1n1p4/7B/qP3N2/P1p3PP/7K b - - 0 33	10	4	c2c1q:-779;f8f7:-792;f8c8:-732;a3c1:-748
qRvUi	a0-c1	1	7	7	2B2r1k/p4P2/7p/1n1p4/7B/qP3N2/P5PP/2q4K w - - 0 34	10	3	f3g1:-930;f3e1:-981;h4e1:-1160
qRvUi	a0-c1	1	8	8	2B2r1k/p4P2/7p/1n1p4/7B/qP6/P5PP/2q3NK b - - 1 34	10	6	f8f7:-976;f8c8:-818;a3c5:#2;c1c8:-892;a3a2:#2;c1g1:-977
qRvUi	a0-c1	1	9	9	2B2r1k/p4Pp1/7p/1n1p4/7B/qP3N2/P1p3PP/2Q4K b - - 0 32	14	1	a3c1:-1136
qRvUi	a0-c1	1	10	10	2B4k/p4r2/7p/1n1p4/7B/qP3N2/P1p3PP/7K w - - 0 34	10	8	h2h3:-827;c8e6:#-4;f3e5:#-1;h4f6:-1253;f3g1:-951;h4f2:-943;f3g5:#-1;f3d2:#-3
qRvUi	a0-c1	1	11	11	2B4k/p4r2/7p/1n1p4/7B/qP6/P5PP/2q3NK w - - 0 35	10	7	c8e6:#-3;h2h3:#-5;h4f6:-1967;h4g3:-965;h4f2:-1300;c8g4:-1113;c8h3:-1140
qRvUi	a0-c1	1	12	12	2r4k/p4P2/7p/1n1p4/7B/qP3N2/P1p3PP/7K w - - 0 34	10	4	h4f6:-938;f3e5:#-2;h2h3:-785;f7f8q:-1087
qRvUi	a0-c1	1	13	13	2r4k/p4P2/7p/1n1p4/7B/qP6/P5PP/2q3NK w - - 0 35	10	4	h4f6:-978;f7f8q:-1242;h4e7:-1054;h2h3:-870
qRvUi	a0-c1	1	14	14	2B4k/p4r2/7p/1n1p4/7B/qP3N1P/P1p3P1/7K b - - 0 34	10	3	c2c1q:-860;f7f3:-893;a3c1:-707
qRvUi	a0-c1	1	15	15	2B2r1k/p4P2/7p/1n1p4/7B/1P3N2/P1p3PP/2q4K w - - 1 34	10	2	f3g1:-950;f3e1:-805
qRvUi	a0-c1	1	16	16	2B2r1k/p4P2/7p/1nqp4/7B/1P6/P5PP/2q3NK w - - 2 35	10	2	h4f6:#2;c8e6:#-1
qRvUi	a0-c1	1	17	17	2B2r1k/p4P2/7p/1n1p4/7B/qP6/P5PP/2q1N2K b - - 1 34	10	6	f8f7:-958;f8c8:-839;c1c8:-880;c1e1:-766;a3b4:#2;a3a2:#2
qRvUi	a0-c1	1	18	18	2r2r1k/p4Pp1/7p/3p4/7B/nP3N1B/P1p3PP/7K w - - 0 33	10	7	h3c8:-597;f3e5:#-2;h4e7:-798;g2g3:-777;g2g4:-722;h4g5:-700;f3d4:#-2
qRvUi	a0-c1	1	19	19	7k/p4r2/4B2p/1n1p4/7B/qP3N2/P1p3PP/7K b - - 1 34	10	6	f7f3:-868;c2c1q:#-8;a3c1:#-4;f7f8:-802;f7f4:-783;f7e7:-593
qRvUi	a0-c1	1	20	20	2r4k/p4P2/5B1p/1n1p4/8/qP3N2/P1p3PP/7K b - - 1 34	10	1	h8h7:-1009
qRvUi	a0-c1	1	21	21	2q2r1k/p4P2/7p/1n1p4/7B/qP6/P5PP/6NK w - - 0 35	10	4	h4f6:-1016;h4d8:-1014;h4e7:-1114;g1f3:-988
qRvUi	a0-c1	1	22	22	2B2r1k/p4P2/7p/1n1p4/8/qP3N2/P5PP/2q1B2K b - - 1 34	10	6	f8f7:-1151;f8c8:-810;b5d4:-1328;c1c8:-870;a3a2:-802;a3b4:-857
qRvUi	a0-c1	1	23	23	2B4k/p4r2/7p/1n1pN3/7B/qP6/P1p3PP/7K b - - 1 34	10	3	f7f1:#-1;a3c1:#-2;c2c1q:#-2
qRvUi	a0-c1	1	24	24	2B2r1k/p4P2/7p/1n1p4/7B/1P6/P1p3PP/2q3NK b - - 2 34	10	7	c1g1:-971;f8f7:-772;f8c8:-688;c1d1:#2;c1f4:-717;c1f1:-879;c1b2:-694
qRvUi	a0-c1	1	25	25	2B2r1k/p4P2/7p/1n1p4/7B/1P6/q5PP/2q3NK w - - 0 35	10	2	h4f6:#2;c8e6:-478
qRvUi	a0-c1	1	26	26	2r5/p4P1k/5B1p/1n1p4/8/qP3N2/P1p3PP/7K w - - 2 35	10	9	f3e5:#-1;h2h3:#-8;f7f8q:-1064;f3g5:-1484;f6e7:#-7;f3h4:#-1;h2h4:-1122;f3d4:#-1;f6b2:-1009
qRvUi	a0-c1	1	27	27	7k/p4r2/4B2p/1n1p4/7B/qP6/P5PP/2q3NK b - - 1 35	10	5	f7f1:-1444;c1g1:#-3;f7g7:-840;f7f4:-936;a3c5:#-3
qRvUi	a0-c1	1	28	28	2B4k/p4r2/7p/1n1p4/7B/qP3N1P/P5P1/2q4K w - - 0 35	10	2	h1h2:-892;f3g1:#-5
qRvUi	a0-c1	1	29	29	2r4k/p4P2/5B1p/1n1p4/8/qP6/P5PP/2q3NK b - - 1 35	10	1	h8h7:-1084
qRvUi	a0-c1	1	30	30	7k/p7/4B2p/1n1p4/7B/qP3r2/P1p3PP/7K w - - 0 35	10	2	g2f3:-913;h4f6:-1781
qRvUi	a0-c1	1	31	31	2B2r1k/p4Pp1/7p/1n1p4/7B/1P3N2/P1p3PP/2q4K w - - 0 33	10	3	f3g1:-1070;f3e1:-1135;h4e1:-1364
qRvUi	a0-c1	1	32	32	2r5/p4P1k/5B1p/1n1pN3/8/qP6/P1p3PP/7K b - - 3 35	10	3	c2c1q:#-1;a3c1:#-1;c8f8:-1063
qRvUi	a0-c1	1	33	33	2B2r1k/p4P2/7p/1n1p4/7B/1P6/P1p3PP/6qK w - - 0 35	10	1	h1g1:-1022
qRvUi	a0-c1	1	34	34	2B4k/p4r2/7p/1n1p4/7B/qP6/P5PP/2q1N2K w - - 0 35	10	7	h2h3:#-7;c8e6:#-1;h4f6:#-5;c8g4:#-1;h4g3:#-1;h1g1:#-2;h4f2:#-3
qRvUi	a0-c1	1	35	35	2B2r1k/p4P2/5B1p/1nqp4/8/1P6/P5PP/2q3NK b - - 3 35	10	1	h8h7:#1
qRvUi	a0-c1	1	36	36	2B4k/p4r2/7p/1n1pN3/7B/1P6/P1p3PP/2q4K w - - 2 35	10	1	h4e1:#-1
qRvUi	a0-c1	1	37	37	2B4k/p4r2/7p/1n1p4/8/qP3N2/P5PP/2q1B2K w - - 0 35	10	6	c8e6:#-4;h2h3:#-4;f3e5:#-1;h2h4:-1400;c8g4:#-4;h1g1:#-5
qRvUi	a0-c1	1	38	38	2r5/p4P1k/5B1p/1n1p4/8/qP3N1P/P1p3P1/7K b - - 0 35	10	3	c2c1q:#-8;c8f8:-897;h7g6:-748
qRvUi	a0-c1	1	39	39	2q2r1k/p4P2/5B1p/1n1p4/8/qP6/P5PP/6NK b - - 1 35	10	1	h8h7:-1009
qRvUi	a0-c1	1	40	40	2B2r1k/p4Pp1/7p/3p4/7B/nP3N2/P1p3PP/7K b - - 0 33	10	3	f8c8:-505;c2c1q:-597;f8f7:-597
qRvUi	a0-c1	1	41	41	2B4k/p4r2/7p/1n1p4/7B/qP3N1P/P5PK/2q5 b - - 1 35	10	6	a3a2:-723;a3d6:-812;c1c8:-864;f7f3:-1139;c1f4:-799;a3b2:-971
qRvUi	a0-c1	1	42	42	2B4k/p4r2/7p/1n1p4/7B/1P6/P1p3PP/2q3NK w - - 0 35	10	6	c8e6:#-3;h2h3:-891;h4g3:#-3;c8a6:#-3;a2a4:-892;c8g4:-872
qRvUi	a0-c1	1	43	43	2B2r1k/p4P2/5B1p/1n1p4/8/1P6/q5PP/2q3NK b - - 1 35	10	1	h8h7:#1
qRvUi	a0-c1	1	44	44	2B4k/p4r2/7p/1n1p4/7B/qP5P/P5P1/2q3NK b - - 0 35	10	5	f7f1:-1187;a3a2:-830;c1c8:-909;a3c5:#-5;a3d6:-1031
qRvUi	a0-c1	1	45	45	7k/p4r2/4B2p/1n1p4/7B/qP3N2/P5PP/2q4K w - - 0 35	10	3	f3g1:-1777;h4e1:#-4;f3e1:#-1
qRvUi	a0-c1	1	46	46	2B4k/p4r2/7p/1n1p4/7B/qP5P/P5P1/2q1N2K b - - 0 35	10	6	f7f1:#-6;c1c8:-925;a3a2:-812;c1e1:-843;a3b4:-983;a3d6:#-7
qRvUi	a0-c1	1	47	47	2B2r1k/p4P2/7p/1n1p4/7B/1P6/P1p3PP/6K1 b - - 0 35	10	3	c2c1q:-1008;f8c8:-591;f8f7:-803
qRvUi	a0-c1	1	48	48	2r2Q2/p6k/5B1p/1n1p4/8/qP3N2/P1p3PP/7K b - - 0 35	10	2	c8f8:-1046;a3f8:-1065
qRvUi	a0-c1	1	49	49	2B4k/p4r2/7p/1n1pN3/7B/qP6/P5PP/2q4K w - - 0 35	10	1	h4e1:#-1
mWhzd	a0-c1	1	0	0	2kr1b1r/1p1n1pp1/1Rn1p1p1/3p4/3P1BP1/2P1PP2/3N3P/4KB1R w K - 1 20	14	4	b6b1:83;b6b2:103;b6b3:90;b6b5:96
mWhzd	a0-c1	1	1	1	2kr1b1r/1p1n1pp1/2n1p1p1/3p4/3P1BP1/2P1PP2/3N3P/1R2KB1R b K - 2 20	14	6	f7f6:124;e6e5:77;f8e7:88;d7f6:104;f7f5:113;d7b8:108
mWhzd	a0-c1	1	2	2	2kr1b1r/1p1n1pp1/2n1p1p1/3p4/3P1BP1/2P1PP2/1R1N3P/4KB1R b K - 2 20	14	7	f7f6:169;e6e5:93;d7f6:137;f8a3:103;f8e7:105;f7f5:128;c6a5:168
mWhzd	a0-c1	1	3	3	2kr1b1r/1p1n1pp1/2n1p1p1/3p4/3P1BP1/1RP1PP2/3N3P/4KB1R b K - 2 20	14	6	f7f6:160;c6a5:131;e6e5:101;f8e7:92;d7f6:148;f7f5:108
mWhzd	a0-c1	1	4	4	2kr1b1r/1p1n2p1/2n1ppp1/3p4/3P1BP1/2P1PP2/3N3P/1R2KB1R w K - 0 21	10	7	f1b5:127;b1a1:69;c3c4:72;d2b3:70;f1d3:143;h2h4:70;f4g3:143
mWhzd	a0-c1	1	5	5	2kr1b1r/1p1n2p1/2n1ppp1/1B1p4/3P1BP1/2P1PP2/3N3P/1R2K2R b K - 1 21	10	4	e6e5:131;g6g5:125;d7b8:125;c6a7:139
mWhzd	a0-c1	1	6	6	2kr1b1r/1p1n2p1/2n1ppp1/3p4/3P1BP1/2P1PP2/1R1N3P/4KB1R w K - 0 21	10	9	f1b5:134;b2a2:69;f1d3:174;c3c4:68;e1f2:166;d2b3:76;h2h4:59;f1g2:125;f4g3:174
mWhzd	a0-c1	1	7	7	2kr1b1r/1p1n2p1/2n1ppp1/3p4/3P1BP1/1RP1PP2/3N3P/4KB1R w K - 0 21	10	9	f1b5:131;f1d3:173;c3c4:65;e1f2:146;b3a3:-422;h2h4:40;f1g2:113;f4g3:154;e3e4:104
mWhzd	a0-c1	1	8	8	2kr1b1r/1p1n1pp1/2n1p1p1/1R1p4/3P1BP1/2P1PP2/3N3P/4KB1R b K - 2 20	14	7	f7f6:185;f8e7:98;c6a7:131;e6e5:131;d7f6:95;f7f5:166;d7b8:134
mWhzd	a0-c1	1	9	9	2kr1b1r/1p1n1pp1/2n3p1/3pp3/3P1BP1/2P1PP2/3N3P/1R2KB1R w K - 0 21	10	2	d4e5:62;f4g3:79
mWhzd	a0-c1	1	10	10	2kr1b1r/1p1n2p1/2n1ppp1/1B1p4/3P1BP1/2P1PP2/1R1N3P/4K2R b K - 1 21	10	5	e6e5:119;g6g5:143;d7b8:144;f8a3:200;c6a5:303
mWhzd	a0-c1	1	11	11	2kr1b1r/1p1n1pp1/4p1p1/n2p4/3P1BP1/1RP1PP2/3N3P/4KB1R w K - 3 21	10	3	b3b5:128;b3a3:-345;b3b1:118
mWhzd	a0-c1	1	12	12	2kr3r/1p1nbpp1/2n1p1p1/3p4/3P1BP1/2P1PP2/3N3P/1R2KB1R w K - 3 21	10	8	f1b5:72;b1a1:51;c3c4:84;d2b3:26;f1d3:47;f4g3:64;e1f2:60;h2h4:8
mWhzd	a0-c1	1	13	13	2kr1b1r/1p1n2p1/2n1ppp1/1R1p4/3P1BP1/2P1PP2/3N3P/4KB1R w K - 0 21	10	9	f1d3:193;d2b3:130;c3c4:40;e1f2:187;f1e2:177;f1g2:134;h2h4:71;e1e2:105;e3e4:104
mWhzd	a0-c1	1	14	14	2kr1b1r/1p3pp1/2n1pnp1/3p4/3P1BP1/2P1PP2/3N3P/1R2KB1R w K - 3 21	10	8	f1b5:125;b1a1:85;d2b3:89;c3c4:86;f1d3:94;h2h4:79;g4g5:-73;e1f2:87
mWhzd	a0-c1	1	15	15	2kr1b1r/1p1n1pp1/2n3p1/3pp3/3P1BP1/2P1PP2/1R1N3P/4KB1R w K - 0 21	10	2	d4e5:77;f4g3:107
mWhzd	a0-c1	1	16	16	2kr1b1r/1p1n2p1/2n1ppp1/1B1p4/3P1BP1/1RP1PP2/3N3P/4K2R b K - 1 21	10	4	e6e5:120;g6g5:127;c6a5:134;d7b8:130
mWhzd	a0-c1	1	17	17	2kr1b1r/1p1n2p1/2n2pp1/1B1pp3/3P1BP1/2P1PP2/3N3P/1R2K2R w K - 0 22	10	3	d4e5:39;f4g3:132;b5c6:50
mWhzd	a0-c1	1	18	18	2kr1b1r/1p3pp1/2n1pnp1/3p4/3P1BP1/2P1PP2/1R1N3P/4KB1R w K - 3 21	10	9	f1b5:133;b2a2:90;f1d3:106;e1f2:94;d2b3:80;c3c4:83;f1g2:86;h2h4:97;f1e2:94
mWhzd	a0-c1	1	19	19	2kr1b1r/1p1n2p1/2n1ppp1/3p4/3P1BP1/2P1PP2/3N3P/R3KB1R b K - 1 21	10	4	e6e5:67;d7b6:66;g6g5:84;d7b8:99
mWhzd	a0-c1	1	20	20	2kr1b1r/1p1n1pp1/2n3p1/3pp3/3P1BP1/1RP1PP2/3N3P/4KB1R w K - 0 21	10	2	d4e5:58;f4g3:83
mWhzd	a0-c1	1	21	21	2kr1b1r/1p1n2p1/2n1ppp1/1R1p4/3P1BP1/2PBPP2/3N3P/4K2R b K - 1 21	10	4	e6e5:216;g6g5:188;f6f5:224;c6a7:204
mWhzd	a0-c1	1	22	22	2kr1b1r/1p1n2p1/2n1p1p1/3p1p2/3P1BP1/2P1PP2/3N3P/1R2KB1R w K - 0 21	10	9	f1b5:122;b1a1:68;g4g5:76;g4f5:58;c3c4:109;d2b3:72;h2h3:84;f1d3:109;f4g5:53
mWhzd	a0-c1	1	23	23	2kr3r/1p1n1pp1/2n1p1p1/3p4/3P1BP1/b1P1PP2/1R1N3P/4KB1R w K - 3 21	10	2	b2a2:104;b2b3:92
mWhzd	a0-c1	1	24	24	2kr1b1r/1p1n2p1/2n2pp1/1B1pP3/5BP1/2P1PP2/3N3P/1R2K2R b K - 0 22	10	3	f6e5:91;d7e5:36;c6e5:55
mWhzd	a0-c1	1	25	25	2kr3r/1p1nbpp1/2n1p1p1/3p4/3P1BP1/1RP1PP2/3N3P/4KB1R w K - 3 21	10	10	f1b5:85;c3c4:21;e1f2:74;f1d3:77;b3a3:-416;f1g2:92;f4g3:95;e1e2:72;h2h4:-7;f1e2:65
mWhzd	a0-c1	1	26	26	2kr3r/1p1nbpp1/2n1p1p1/3p4/3P1BP1/2P1PP2/1R1N3P/4KB1R w K - 3 21	10	10	f1b5:109;b2a2:45;c3c4:72;f1d3:57;e1f2:80;d2b3:35;f1g2:83;f4g3:91;e1e2:80;f1e2:79
mWhzd	a0-c1	1	27	27	2kr1b1r/1p1n1pp1/2n3p1/3pP3/5BP1/2P1PP2/3N3P/1R2KB1R b K - 0 21	10	2	d7e5:59;c6e5:111
mWhzd	a0-c1	1	28	28	2kr3r/1p1nbpp1/2n1p1p1/1R1p4/3P1BP1/2P1PP2/3N3P/4KB1R w K - 3 21	10	10	f1d3:89;d2b3:36;c3c4:79;e1f2:74;f1e2:66;f1g2:97;e1e2:93;f4g3:96;b5b1:1;h2h4:0
mWhzd	a0-c1	1	29	29	2kr3r/1p1nbpp1/2n1p1p1/1B1p4/3P1BP1/2P1PP2/3N3P/1R2K2R b K - 4 21	10	10	g6g5:129;e7h4:142;f7f6:152;d7b8:131;e6e5:87;c6a7:156;c6a5:184;f7f5:129;h8h3:199;d7f6:171
mWhzd	a0-c1	1	30	30	2kr1b1r/1p1n2p1/2n2pp1/1B1pp3/3P1BP1/1RP1PP2/3N3P/4K2R w K - 0 22	10	3	d4e5:34;f4g3:120;b5c6:55
mWhzd	a0-c1	1	31	31	2kr1b1r/1p1n2p1/2n1ppp1/3p4/3P1BP1/2P1PP2/R2N3P/4KB1R b K - 1 21	10	3	e6e5:81;d7b6:66;g6g5:76
mWhzd	a0-c1	1	32	32	2kr1b1r/1p3pp1/2n1pnp1/1B1p4/3P1BP1/2P1PP2/3N3P/1R2K2R b K - 4 21	10	7	f8d6:129;c8d7:181;c6a5:154;f6d7:188;c6a7:124;f8e7:155;h8h3:159
mWhzd	a0-c1	1	33	33	2kr1b1r/1p1n2p1/2n1ppp1/3p4/2PP1BP1/4PP2/3N3P/1R2KB1R b K - 0 21	10	4	e6e5:120;d5c4:58;g6g5:139;f8b4:113
mWhzd	a0-c1	1	34	34	2kr1b1r/1p1n2p1/2n2pp1/1B1pp3/3P1BP1/2P1PP2/1R1N3P/4K2R w K - 0 22	10	3	d4e5:54;f4g3:112;b5c6:54
mWhzd	a0-c1	1	35	35	2kr1b1r/np1n1pp1/4p1p1/1R1p4/3P1BP1/2P1PP2/3N3P/4KB1R w K - 3 21	10	4	b5a5:141;b5b3:139;b5b1:125;b5b2:136
mWhzd	a0-c1	1	36	36	2kr1b1r/1p1n1pp1/4p1p1/nR1p4/3P1BP1/2P1PP2/3N3P/4KB1R b K - 4 21	10	3	a5c6:132;b7b6:413;a5c4:302
mWhzd	a0-c1	1	37	37	2kr1b1r/1p1n2p1/2n1ppp1/3p4/3P1BP1/1NP1PP2/7P/1R2KB1R b K - 1 21	10	3	e6e5:62;g6g5:70;d7b6:74
mWhzd	a0-c1	1	38	38	2kr1b1r/1p3pp1/2n1pnp1/3p4/3P1BP1/1RP1PP2/3N3P/4KB1R w K - 3 21	10	9	f1b5:146;f1d3:107;c3c4:101;e1f2:90;b3a3:-414;f1g2:75;h2h4:98;f1e2:103;e1e2:54
mWhzd	a0-c1	1	39	39	2kr1b1r/1p1n2p1/2n1p1p1/3p1p2/3P1BP1/2P1PP2/1R1N3P/4KB1R w K - 0 21	10	11	f1b5:127;b2a2:62;g4g5:79;g4f5:87;c3c4:121;e1f2:109;f1d3:125;d2b3:70;h2h3:83;f1e2:105;f1g2:95
mWhzd	a0-c1	1	40	40	1nkr1b1r/1p3pp1/2n1p1p1/3p4/3P1BP1/2P1PP2/3N3P/1R2KB1R w K - 3 21	10	9	f1b5:85;d2b3:80;c3c4:79;f1d3:101;f4b8:43;h2h4:120;f1g2:86;e1f2:85;b1a1:79
mWhzd	a0-c1	1	41	41	2kr1b1r/1p1n2p1/2n2pp1/1R1pp3/3P1BP1/2PBPP2/3N3P/4K2R w K - 0 22	10	2	d4e5:49;f4g3:197
mWhzd	a0-c1	1	42	42	2kr1b1r/1p1n2p1/2n1pp2/1B1p2p1/3P1BP1/2P1PP2/3N3P/1R2K2R w K - 0 22	10	2	f4g3:136;b5c6:-12
mWhzd	a0-c1	1	43	43	2kr1b1r/1p1n2p1/2n2pp1/1B1pP3/5BP1/1RP1PP2/3N3P/4K2R b K - 0 22	10	3	f6e5:41;d7e5:24;c6e5:47
mWhzd	a0-c1	1	44	44	2kr1b1r/1p1n2p1/2n2pp1/1B1pP3/5BP1/2P1PP2/1R1N3P/4K2R b K - 0 22	10	3	f6e5:65;d7e5:48;c6e5:55
mWhzd	a0-c1	1	45	45	2kr1b1r/1p1n2p1/2n1p1p1/1B1p1p2/3P1BP1/2P1PP2/3N3P/1R2K2R b K - 1 21	10	8	f8e7:134;f5g4:143;e6e5:112;d7f6:164;d7b8:156;c6a7:166;c6a5:277;h8h3:196
mWhzd	a0-c1	1	46	46	2kr1b1r/1p1n2p1/2n1p1p1/3p1p2/3P1BP1/1RP1PP2/3N3P/4KB1R w K - 0 21	10	11	f1b5:130;g4g5:61;g4f5:63;c3c4:87;e1f2:87;b3a3:-379;f1d3:102;h2h3:51;f1e2:99;f1g2:86;f4g5:72
mWhzd	a0-c1	1	47	47	2kr1b1r/1p1n1pp1/2n3p1/3pp3/3P2P1/2P1PPB1/3N3P/1R2KB1R b K - 1 21	10	5	e5d4:102;f7f5:115;f7f6:136;f8d6:62;e5e4:284
mWhzd	a0-c1	1	48	48	2kr1b1r/1p1n1pp1/2n3p1/3pP3/5BP1/2P1PP2/1R1N3P/4KB1R b K - 0 21	10	2	d7e5:83;c6e5:106
mWhzd	a0-c1	1	49	49	2kr1b1r/1p1n1pp1/2n3p1/1R1pp3/3P1BP1/2P1PP2/3N3P/4KB1R w K - 0 21	10	2	d4e5:118;f4g3:135
I3vZ1	a0-c1	1	0	0	r6k/1b2pR1p/4Q1p1/p1pq4/8/2PB4/P1P3PP/7K w - - 1 22	14	4	e6d5:-100;f7h7:#3;e6e7:#-1;e6h3:-511
I3vZ1	a0-c1	1	1	1	r6k/1b2pR1p/6p1/p1pQ4/8/2PB4/P1P3PP/7K b - - 0 22	14	1	b7d5:-124
I3vZ1	a0-c1	1	2	2	r6k/1b2p2R/4Q1p1/p1pq4/8/2PB4/P1P3PP/7K b - - 0 22	14	1	h8h7:#2
I3vZ1	a0-c1	1	3	3	r7/1b2p2k/4Q1p1/p1pq4/8/2PB4/P1P3PP/7K w - - 0 23	10	2	e6g6:#2;e6e7:-158
I3vZ1	a0-c1	1	4	4	r6k/4pR1p/6p1/p1pb4/8/2PB4/P1P3PP/7K w - - 0 23	10	2	f7e7:-121;c3c4:-562
I3vZ1	a0-c1	1	5	5	r7/1b2p2k/6Q1/p1pq4/8/2PB4/P1P3PP/7K b - - 0 23	10	1	h7h8:#1
I3vZ1	a0-c1	1	6	6	r6k/4R2p/6p1/p1pb4/8/2PB4/P1P3PP/7K b - - 0 23	10	3	d5a2:-116;c5c4:24;a8b8:14
I3vZ1	a0-c1	1	7	7	r6k/1b2p3/6Q1/p1pq4/8/2PB4/P1P3PP/7K w - - 1 24	10	1	g6h7:#1
I3vZ1	a0-c1	1	8	8	r6k/4R2p/6p1/p1p5/8/2PB4/b1P3PP/7K w - - 0 24	10	7	c3c4:-129;e7c7:-320;h2h3:-250;d3e4:-138;h2h4:-174;e7e5:-274;d3b5:-227
I3vZ1	a0-c1	1	9	9	r7/1b2Q2k/6p1/p1pq4/8/2PB4/P1P3PP/7K b - - 0 23	10	2	h7h6:-394;h7g8:-347
I3vZ1	a0-c1	1	10	10	r7/1b2Q3/6pk/p1pq4/8/2PB4/P1P3PP/7K w - - 1 24	10	2	e7h4:-453;e7e3:-394
I3vZ1	a0-c1	1	11	11	r7/1b6/6pk/p1pq4/7Q/2PB4/P1P3PP/7K b - - 2 24	10	2	h6g7:-413;d5h5:-475
I3vZ1	a0-c1	1	12	12	r6k/4R2p/6p1/p1p5/2P5/3B4/b1P3PP/7K b - - 0 24	10	2	a5a4:-153;a8b8:-29
I3vZ1	a0-c1	1	13	13	r7/1b4k1/6p1/p1pq4/7Q/2PB4/P1P3PP/7K w - - 3 25	10	3	h4e7:-434;h4g3:-383;h4g4:-485
I3vZ1	a0-c1	1	14	14	r7/1b2Q1k1/6p1/p1pq4/8/2PB4/P1P3PP/7K b - - 4 25	10	3	g7h6:-429;d5f7:-432;g7g8:-452
I3vZ1	a0-c1	1	15	15	r7/1b6/6pk/p1p4q/7Q/2PB4/P1P3PP/7K w - - 3 25	10	3	h4f4:-535;h4e7:#-3;h4h5:-546
I3vZ1	a0-c1	1	16	16	r6k/2R4p/6p1/p1p5/8/2PB4/b1P3PP/7K b - - 1 24	10	5	a5a4:-311;c5c4:-187;a8b8:-63;a8e8:-63;a2b1:-84
I3vZ1	a0-c1	1	17	17	r5k1/1b2Q3/6p1/p1pq4/8/2PB4/P1P3PP/7K w - - 1 24	10	9	e7e2:-430;e7g5:#-5;d3c4:-627;d3f1:-545;c3c4:#-1;d3e4:#-1;d3g6:#-1;e7f6:#-1;h2h3:#-1
I3vZ1	a0-c1	1	18	18	r6k/1b2QR1p/6p1/p1pq4/8/2PB4/P1P3PP/7K b - - 0 22	14	1	d5g2:#-1
I3vZ1	a0-c1	1	19	19	r6k/4R2p/6p1/p2b4/2p5/2PB4/P1P3PP/7K w - - 0 24	10	3	d3e4:12;d3e2:-21;d3f1:-14
I3vZ1	a0-c1	1	20	20	r7/1b6/6pk/p1pq4/8/2PBQ3/P1P3PP/7K b - - 2 24	10	4	h6g7:-448;d5g5:-551;g6g5:-312;h6h7:-375
I3vZ1	a0-c1	1	21	21	r7/1b6/6pk/p1p4q/5Q2/2PB4/P1P3PP/7K b - - 4 25	10	3	h5g5:-530;h6g7:-399;g6g5:#2
I3vZ1	a0-c1	1	22	22	r6k/4R2p/6p1/2p5/p1P5/3B4/b1P3PP/7K w - - 0 25	10	7	e7c7:-406;e7e1:-236;d3e4:-146;h2h3:-252;h2h4:-225;e7e5:-353;e7b7:-429
I3vZ1	a0-c1	1	23	23	r7/1b4k1/6p1/p1pq4/8/2PB2Q1/P1P3PP/7K b - - 4 25	10	10	d5e6:-454;d5g2:-327;d5c6:-415;g6g5:-332;d5f7:-482;a8f8:#2;d5h5:-356;a8e8:-226;c5c4:-156;d5a2:-26
I3vZ1	a0-c1	1	24	24	r5k1/1b6/6p1/p1pq4/8/2PB4/P1P1Q1PP/7K b - - 2 24	10	11	a8f8:319;g8g7:-476;d5a2:243;c5c4:362;b7c6:307;d5g5:-515;d5g2:-297;a8d8:280;a8e8:353;d5f7:-423;b7a6:-436
I3vZ1	a0-c1	1	25	25	r7/1b4k1/6p1/p1pq4/8/2PBQ3/P1P3PP/7K w - - 3 25	10	3	e3e7:-473;e3g3:-405;c3c4:#-1
I3vZ1	a0-c1	1	26	26	r7/1b4k1/6p1/p1pq4/6Q1/2PB4/P1P3PP/7K b - - 4 25	10	11	d5d6:-495;d5f7:-497;d5g2:-317;d5c6:-473;g6g5:-340;a8e8:-150;a8f8:#2;d5h5:-391;d5e6:745;a8a6:-349;d5a2:-7
I3vZ1	a0-c1	1	27	27	r6k/1b2pR1p/6p1/p1pq4/8/2PB3Q/P1P3PP/7K b - - 2 22	14	2	d5f7:-529;c5c4:#1
I3vZ1	a0-c1	1	28	28	r6k/2R4p/6p1/2p5/p7/2PB4/b1P3PP/7K w - - 0 25	10	3	c7c5:-341;c3c4:-437;d3e4:-434
I3vZ1	a0-c1	1	29	29	5rk1/1b6/6p1/p1pq4/8/2PB4/P1P1Q1PP/7K w - - 3 25	10	4	d3c4:316;d3g6:#-2;e2g4:-486;h2h3:-528
I3vZ1	a0-c1	1	30	30	r7/1b6/6pk/p1p3q1/8/2PBQ3/P1P3PP/7K w - - 3 25	10	3	e3h3:-537;e3g5:-559;e3c5:#-1
I3vZ1	a0-c1	1	31	31	r6k/4R2p/6p1/p1p5/8/2PB3P/b1P3P1/7K b - - 0 24	10	4	a5a4:-243;c5c4:-112;a2d5:-125;a2g8:-228
I3vZ1	a0-c1	1	32	32	r5k1/1b6/6p1/p1pq2Q1/8/2PB4/P1P3PP/7K b - - 2 24	10	3	d5g5:#-5;d5g2:-296;a8e8:-150
I3vZ1	a0-c1	1	33	33	r7/1b2Q3/6pk/p1p4q/8/2PB4/P1P3PP/7K b - - 4 25	10	5	h5d1:#-3;a8b8:-121;b7g2:-351;h5g5:-515;b7d5:-413
I3vZ1	a0-c1	1	34	34	r6k/4R2p/6p1/p2b4/2p1B3/2P5/P1P3PP/7K b - - 1 24	10	3	d5e4:-24;a8f8:30;a8d8:-11
I3vZ1	a0-c1	1	35	35	r7/1b2Q1k1/6p1/p1pq4/8/2PB4/P1P3PP/7K b - - 4 25	10	3	g7h6:-463;d5f7:-478;g7g8:-516
I3vZ1	a0-c1	1	36	36	r7/1b6/6pk/p1p4Q/8/2PB4/P1P3PP/7K b - - 0 25	10	2	h6h5:-539;g6h5:-539
I3vZ1	a0-c1	1	37	37	r7/1b4k1/6p1/p1pq4/8/2PB4/P1P1Q1PP/7K w - - 3 25	10	4	e2e7:-486;e2g4:-477;c3c4:-514;d3c4:-480
I3vZ1	a0-c1	1	38	38	r6k/4R2p/6p1/p1p5/4B3/2P5/b1P3PP/7K b - - 1 24	10	7	a8b8:-28;a5a4:470;a8d8:-33;a8f8:-38;a8a6:-156;a8c8:5;a2c4:554
I3vZ1	a0-c1	1	39	39	r7/1b6/7k/p1pq2p1/8/2PBQ3/P1P3PP/7K w - - 0 25	10	3	e3h3:-349;e3g3:-396;h2h4:#-1
I3vZ1	a0-c1	1	40	40	r5k1/1b2Q3/6p1/p1pq4/2B5/2P5/P1P3PP/7K b - - 2 24	10	1	d5c4:-643
I3vZ1	a0-c1	1	41	41	1r5k/4R2p/6p1/p1pb4/8/2PB4/P1P3PP/7K w - - 1 24	10	8	h2h3:-16;c3c4:#-3;h1g1:-15;h2h4:-13;e7e1:-156;e7a7:#-2;e7e5:#-3;a2a3:#-3
I3vZ1	a0-c1	1	42	42	r5k1/1b6/6p1/p1p5/8/2PB4/q1P1Q1PP/7K w - - 0 25	10	3	d3c4:229;h2h3:-433;e2e6:#-7
I3vZ1	a0-c1	1	43	43	r6k/4R2p/6p1/p1p5/7P/2PB4/b1P3P1/7K b - - 0 24	10	4	a5a4:-199;c5c4:-100;a2d5:-152;a2g8:-195
I3vZ1	a0-c1	1	44	44	r7/1b5k/6p1/p1pq4/8/2PBQ3/P1P3PP/7K w - - 3 25	10	2	e3e7:-512;e3h3:-478
I3vZ1	a0-c1	1	45	45	r5k1/1b2Q3/6p1/p1pq4/8/2P5/P1P3PP/5B1K b - - 2 24	10	5	a8f8:-526;d5f7:-525;b7c6:-428;d5d1:-117;a8d8:-221
I3vZ1	a0-c1	1	46	46	r7/1b6/6pk/p1p3q1/8/2PB3Q/P1P3PP/7K b - - 4 25	10	2	g5h5:-450;h6g7:-509
I3vZ1	a0-c1	1	47	47	r7/1b6/7k/p1pq2p1/8/2PB3Q/P1P3PP/7K b - - 1 25	10	1	h6g7:-363
I3vZ1	a0-c1	1	48	48	r6k/2R4p/6p1/2p5/p1P5/3B4/b1P3PP/7K b - - 1 25	10	4	a4a3:-439;a8a5:-195;a2b1:68;a8b8:-90
I3vZ1	a0-c1	1	49	49	r5k1/1b6/6p1/p1p3q1/8/2PB4/P1P3PP/7K w - - 0 25	10	8	d3g6:#-1;d3c4:#-4;h2h3:#-1;d3e4:#-1;h2h4:#-1;d3f1:#-3;h1g1:#-1;c3c4:#-1
WwKKM	a0-c1	1	0	0	3r1r2/4Bpk1/p3b3/7Q/7P/2p5/qPP2PP1/2K4R w - - 2 26	14	3	h5g5:0;e7f8:-184;h5e5:-546
WwKKM	a0-c1	1	1	1	3r1r2/4Bpk1/p3b3/6Q1/7P/2p5/qPP2PP1/2K4R b - - 3 26	14	2	g7h7:0;g7h8:#2
WwKKM	a0-c1	1	2	2	3r1r2/4Bp1k/p3b3/6Q1/7P/2p5/qPP2PP1/2K4R w - - 4 27	10	2	g5h5:0;b2c3:#-1
WwKKM	a0-c1	1	3	3	3r1r2/4Bp1k/p3b3/7Q/7P/2p5/qPP2PP1/2K4R b - - 5 27	10	2	h7g7:#2;h7g8:0
WwKKM	a0-c1	1	4	4	3r1r2/4Bpk1/p3b3/7Q/7P/2p5/qPP2PP1/2K4R w - - 6 28	10	3	h5g5:0;e7f8:-217;h5e5:-537
WwKKM	a0-c1	1	5	5	3r1r1k/4Bp2/p3b3/6Q1/7P/2p5/qPP2PP1/2K4R w - - 4 27	10	3	e7f6:#2;g5h6:0;g5f6:-853
WwKKM	a0-c1	1	6	6	3r1rk1/4Bp2/p3b3/7Q/7P/2p5/qPP2PP1/2K4R w - - 6 28	10	2	h5g5:0;b2c3:#-1
WwKKM	a0-c1	1	7	7	3r1r2/4Bpk1/p3b3/6Q1/7P/2p5/qPP2PP1/2K4R b - - 7 28	10	2	g7h7:0;g7h8:#2
WwKKM	a0-c1	1	8	8	3r1r2/4Bp1k/p3b3/6Q1/7P/2p5/qPP2PP1/2K4R w - - 8 29	10	2	g5h5:0;b2c3:#-1
WwKKM	a0-c1	1	9	9	3r1rk1/4Bp2/p3b3/6Q1/7P/2p5/qPP2PP1/2K4R b - - 7 28	10	2	g8h7:0;g8h8:#2
WwKKM	a0-c1	1	10	10	3r1r1k/5p2/p3bB2/6Q1/7P/2p5/qPP2PP1/2K4R b - - 5 27	10	1	h8h7:#1
WwKKM	a0-c1	1	11	11	3r1r2/4Bp1k/p3b3/6Q1/7P/2P5/q1P2PP1/2K4R b - - 0 27	10	1	a2a1:#-1
WwKKM	a0-c1	1	12	12	3r1B2/5pk1/p3b3/7Q/7P/2p5/qPP2PP1/2K4R b - - 0 26	14	2	g7f8:-338;d8f8:0
WwKKM	a0-c1	1	13	13	3r1r2/4Bp1k/p3b3/7Q/7P/2p5/qPP2PP1/2K4R b - - 9 29	10	2	h7g7:#2;h7g8:0
WwKKM	a0-c1	1	14	14	3r1r2/4Bp1k/p3b3/6Q1/7P/2p5/qPP2PP1/2K4R w - - 8 29	10	2	g5h5:0;b2c3:#-1
WwKKM	a0-c1	1	15	15	3r1r2/5p1k/p3bB2/6Q1/7P/2p5/qPP2PP1/2K4R w - - 6 28	10	1	g5g7:#1
WwKKM	a0-c1	1	16	16	3r1r1k/4Bp2/p3b3/6Q1/7P/2p5/qPP2PP1/2K4R w - - 8 29	10	3	e7f6:#2;g5h6:0;g5f6:-907
WwKKM	a0-c1	1	17	17	3r1r2/4Bp1k/p3b3/7Q/7P/2p5/qPP2PP1/2K4R b - - 9 29	10	2	h7g7:#2;h7g8:0
WwKKM	a0-c1	1	18	18	3r1r2/4Bp1k/p3b3/6Q1/7P/2P5/q1P2PP1/2K4R b - - 0 29	10	1	a2a1:#-1
WwKKM	a0-c1	1	19	19	3r1r1k/4Bp2/p3b2Q/8/7P/2p5/qPP2PP1/2K4R b - - 5 27	10	1	h8g8:0
WwKKM	a0-c1	1	20	20	3r1B2/5pk1/p3b3/7Q/7P/2p5/qPP2PP1/2K4R b - - 0 28	10	2	g7f8:-386;d8f8:0
WwKKM	a0-c1	1	21	21	3r1r2/4Bpk1/p3b3/4Q3/7P/2p5/qPP2PP1/2K4R b - - 7 28	10	3	g7g8:0;f7f6:-537;g7h7:0
WwKKM	a0-c1	1	22	22	3r1r1k/5p2/p3bB2/6Q1/7P/2p5/qPP2PP1/2K4R b - - 9 29	10	1	h8h7:#1
WwKKM	a0-c1	1	23	23	3r1rk1/4Bp2/p3b2Q/8/7P/2p5/qPP2PP1/2K4R w - - 6 28	10	3	h6g5:0;b2c3:#-1;e7d8:#-1
WwKKM	a0-c1	1	24	24	3r1r1k/4Bp2/p3b3/6Q1/7P/2p5/qPP2PP1/2K4R w - - 8 29	10	3	e7f6:#2;g5h6:0;g5f6:-927
WwKKM	a0-c1	1	25	25	3r1r2/4Bpk1/p3b3/4Q3/7P/2p5/qPP2PP1/2K4R b - - 3 26	14	3	g7g8:0;f7f6:-545;g7h7:0
WwKKM	a0-c1	1	26	26	3r1r1k/4Bp2/p3b2Q/8/7P/2p5/qPP2PP1/2K4R b - - 9 29	10	1	h8g8:0
WwKKM	a0-c1	1	27	27	3r1rk1/4Bp2/p3b3/6Q1/7P/2p5/qPP2PP1/2K4R b - - 7 28	10	2	g8h7:0;g8h8:#2
WwKKM	a0-c1	1	28	28	3r1r2/4Bp1k/p3b3/6Q1/7P/2P5/q1P2PP1/2K4R b - - 0 29	10	1	a2a1:#-1
WwKKM	a0-c1	1	29	29	3r1r1k/4Bp2/p3bQ2/8/7P/2p5/qPP2PP1/2K4R b - - 9 29	10	2	h8g8:0;h8h7:-898
WwKKM	a0-c1	1	30	30	3r1r1k/4Bp2/p3bQ2/8/7P/2p5/qPP2PP1/2K4R b - - 5 27	10	2	h8g8:0;h8h7:-898
WwKKM	a0-c1	1	31	31	3r1r1k/5p2/p3bB2/6Q1/7P/2p5/qPP2PP1/2K4R b - - 9 29	10	1	h8h7:#1
WwKKM	a0-c1	1	32	32	3r1k2/5p2/p3b3/7Q/7P/2p5/qPP2PP1/2K4R w - - 0 29	10	3	h5h8:-604;h5c5:-386;h5h6:-565
WwKKM	a0-c1	1	33	33	3r1r2/4Bp1k/p3b3/6Q1/7P/2p5/qPP2PP1/2K4R w - - 8 29	10	2	g5h5:0;b2c3:#-1
WwKKM	a0-c1	1	34	34	3r1rk1/4Bp2/p3b3/4Q3/7P/2p5/qPP2PP1/2K4R w - - 8 29	10	4	e5g5:0;e5c3:#-1;b2c3:#-1;e7d8:#-1
WwKKM	a0-c1	1	35	35	3r1rk1/4Bp2/p3b3/4Q3/7P/2p5/qPP2PP1/2K4R w - - 4 27	10	4	e5g5:0;e5c3:#-1;b2c3:#-1;e7d8:#-1
WwKKM	a0-c1	1	36	36	3r1k1Q/5p2/p3b3/8/7P/2p5/qPP2PP1/2K4R b - - 1 29	10	1	f8e7:-604
WwKKM	a0-c1	1	37	37	3r1r1k/4Bp2/p3b2Q/8/7P/2p5/qPP2PP1/2K4R b - - 9 29	10	1	h8g8:0
WwKKM	a0-c1	1	38	38	3r1k2/5p2/p3b3/7Q/7P/2p5/qPP2PP1/2K4R w - - 0 27	10	3	h5h8:-631;h5c5:-383;h5h6:-616
WwKKM	a0-c1	1	39	39	3r1r2/4Bp1k/p3b3/7Q/7P/2p5/qPP2PP1/2K4R b - - 9 29	10	2	h7g7:#2;h7g8:0
WwKKM	a0-c1	1	40	40	3r1r2/4B1k1/p3bp2/4Q3/7P/2p5/qPP2PP1/2K4R w - - 0 29	10	4	e7f8:-548;e5g3:-979;e5c3:#-1;e7f6:-571
WwKKM	a0-c1	1	41	41	3r1k2/5p2/p3b3/2Q5/7P/2p5/qPP2PP1/2K4R b - - 1 29	10	3	f8e8:-374;f8g8:0;f8g7:0
WwKKM	a0-c1	1	42	42	3r1rk1/4Bp2/p3b3/6Q1/7P/2p5/qPP2PP1/2K4R b - - 9 29	10	2	g8h7:0;g8h8:#2
WwKKM	a0-c1	1	43	43	3r1rk1/4Bp2/p3b2Q/8/7P/2P5/q1P2PP1/2K4R b - - 0 28	10	1	a2a1:#-1
WwKKM	a0-c1	1	44	44	3r1rk1/4Bp2/p3b3/7Q/7P/2P5/q1P2PP1/2K4R b - - 0 28	10	1	a2a1:#-1
WwKKM	a0-c1	1	45	45	3r1B2/6k1/p3bp2/4Q3/7P/2p5/qPP2PP1/2K4R b - - 0 29	10	2	g7f8:-54;d8f8:-567
WwKKM	a0-c1	1	46	46	3r1r1k/4Bp2/p3bQ2/8/7P/2p5/qPP2PP1/2K4R b - - 9 29	10	2	h8g8:0;h8h7:-1008
WwKKM	a0-c1	1	47	47	5r2/5pk1/p3b3/7Q/7P/2p5/qPP2PP1/2K4R w - - 0 29	10	3	h5g5:0;h5e5:-570;b2c3:-1008
WwKKM	a0-c1	1	48	48	3r1rk1/4Bp2/p3bQ2/8/7P/2p5/qPP2PP1/2K4R w - - 6 28	10	4	f6g5:0;f6c3:#-1;b2c3:#-1;e7d8:#-1
WwKKM	a0-c1	1	49	49	3r1r2/4B1k1/p3bp2/8/7P/2p3Q1/qPP2PP1/2K4R b - - 1 29	10	1	g7f7:-1005
cBFTV	a0-c1	1	0	0	3rk2r/2q2pp1/p4b1p/1pp5/4B1b1/1P6/P3QRPP/4R2K w k - 0 24	14	4	e2g4:-123;e4f3:-267;e4c6:#3;e4f5:-474
cBFTV	a0-c1	1	1	1	3rk2r/2q2pp1/p4b1p/1pp5/4B1Q1/1P6/P4RPP/4R2K b k - 0 24	14	2	e8g8:227;e8f8:-128
cBFTV	a0-c1	1	2	2	3rk2r/2q2pp1/p1B2b1p/1pp5/6b1/1P6/P3QRPP/4R2K b k - 1 24	14	1	e8f8:#2
cBFTV	a0-c1	1	3	3	3r1rk1/2q2pp1/p4b1p/1pp5/4B1Q1/1P6/P4RPP/4R2K w - - 1 25	10	3	f2f6:253;e1f1:-179;g4f5:220
cBFTV	a0-c1	1	4	4	3r1rk1/2q2pp1/p4R1p/1pp5/4B1Q1/1P6/P5PP/4R2K b - - 0 25	10	11	d8d4:280;g8h8:299;c7e5:429;d8d6:285;f8e8:260;c7d7:284;c5c4:239;d8e8:295;g7g6:269;c7a5:301;c7e7:452
cBFTV	a0-c1	1	5	5	3r1k1r/2q2pp1/p1B2b1p/1pp5/6b1/1P6/P3QRPP/4R2K w - - 2 25	10	3	e2e8:#2;e2g4:-418;c6f3:-556
cBFTV	a0-c1	1	6	6	5rk1/2q2pp1/p4R1p/1pp5/3rB1Q1/1P6/P5PP/4R2K w - - 1 26	10	3	f6h6:25;f6f4:255;g4f5:-44
cBFTV	a0-c1	1	7	7	3r1r1k/2q2pp1/p4R1p/1pp5/4B1Q1/1P6/P5PP/4R2K w - - 1 26	10	8	g4f5:315;f6a6:238;f6f3:303;f6f1:333;f6c6:268;f6h6:-159;f6f5:250;f6f4:315
cBFTV	a0-c1	1	8	8	3r1k1r/2q2pp1/p4b1p/1pp5/4B1Q1/1P6/P4RPP/4R2K w - - 1 25	10	15	e1f1:-192;f2e2:-140;f2f6:-341;h2h3:-254;g4f5:-142;g4f3:-155;e4f5:-190;e4c2:-187;g4h5:-143;e4b1:-201;h2h4:-251;e4g6:-308;f2f5:-118;e4f3:-287;e1d1:-163
cBFTV	a0-c1	1	9	9	3rk2r/2q2pp1/p4b1p/1pp5/6b1/1P3B2/P3QRPP/4R2K b k - 1 24	14	3	g4e6:-423;e8f8:-177;f6e7:-122
cBFTV	a0-c1	1	10	10	3r1rk1/5pp1/p4R1p/1pp1q3/4B1Q1/1P6/P5PP/4R2K w - - 1 26	10	4	f6h6:58;e4h7:408;f6f5:313;f6a6:-22
cBFTV	a0-c1	1	11	11	5rk1/2q2pp1/p6R/1pp5/3rB1Q1/1P6/P5PP/4R2K b - - 0 26	10	8	f7f5:384;g7g6:235;d4e4:36;f8e8:217;c7e5:348;f8d8:344;c7a5:298;c7e7:#3
cBFTV	a0-c1	1	12	12	3r1r1k/2q2pp1/p4R1p/1pp2Q2/4B3/1P6/P5PP/4R2K b - - 2 26	10	2	g7g6:297;g7f6:#1
cBFTV	a0-c1	1	13	13	5rk1/2q2pp1/p2r1R1p/1pp5/4B1Q1/1P6/P5PP/4R2K w - - 1 26	10	6	f6d6:293;f6h6:-424;g4f5:302;e1f1:259;f6f3:259;f6f5:265
cBFTV	a0-c1	1	14	14	3r1k1r/2q2pp1/p4b1p/1pp5/4B1Q1/1P6/P4RPP/5R1K b - - 2 25	10	11	d8d4:-124;c7e5:-85;d8d6:-112;c7d6:-98;h6h5:-203;c5c4:-122;c7e7:-125;c7d7:-95;f6d4:-10;d8e8:-129;d8d7:-90
cBFTV	a0-c1	1	15	15	3rQk1r/2q2pp1/p1B2b1p/1pp5/6b1/1P6/P4RPP/4R2K b - - 3 25	10	1	d8e8:#1
cBFTV	a0-c1	1	16	16	3rr1k1/2q2pp1/p4R1p/1pp5/4B1Q1/1P6/P5PP/4R2K w - - 1 26	10	4	f6h6:177;f6f1:257;e1f1:-11;f6a6:212
cBFTV	a0-c1	1	17	17	3r1rk1/5pp1/p6R/1pp1q3/4B1Q1/1P6/P5PP/4R2K b - - 0 26	10	10	f7f5:126;g7g6:227;e5c3:296;d8d4:340;e5d4:359;f8e8:279;e5f6:678;e5b2:390;d8e8:396;d8d6:461
cBFTV	a0-c1	1	18	18	5rk1/2q3p1/p6R/1pp2p2/3rB1Q1/1P6/P5PP/4R2K w - - 0 27	10	8	g4g6:414;e4f5:62;e4d5:104;g4g5:-29;h6h8:78;g4h5:-178;g4h4:-303;h6c6:-405
cBFTV	a0-c1	1	19	19	4rk1r/2q2pp1/p1B2b1p/1pp5/6b1/1P6/P4RPP/4R2K w - - 0 26	10	2	e1e8:#1;c6e8:-427
cBFTV	a0-c1	1	20	20	3r1rk1/3q1pp1/p4R1p/1pp5/4B1Q1/1P6/P5PP/4R2K w - - 1 26	10	4	f6h6:-459;g4d7:286;g4g3:305;e4f5:171
cBFTV	a0-c1	1	21	21	5k1r/2q2pp1/p4b1p/1pp5/3rB1Q1/1P6/P4RPP/5R1K w - - 3 26	10	9	g4f5:-119;f2f6:-372;g4f3:-130;f2f4:-140;g4e2:-162;f2e2:-167;h2h3:-148;g4f4:-302;f2f5:-139
cBFTV	a0-c1	1	22	22	3r1rk1/2q2pp1/p4b1p/1pp5/4B1Q1/1P6/P4RPP/5R1K b - - 2 25	10	9	f6d4:-231;f6g5:-199;d8d4:9;c7e5:-70;g8h8:119;d8d6:227;c7d6:243;c5c4:246;f6e5:-217
cBFTV	a0-c1	1	23	23	3rk2r/2q2pp1/p3bb1p/1pp5/8/1P3B2/P3QRPP/4R2K w k - 2 25	10	8	f3g4:-429;f3h5:-400;e2e4:-562;a2a4:-544;f3d5:-570;e2c2:-510;f3e4:-453;e1f1:-544
cBFTV	a0-c1	1	24	24	3r1r1k/2q2pp1/R6p/1pp5/4B1Q1/1P6/P5PP/4R2K b - - 0 26	10	10	c5c4:313;d8d4:477;f8e8:246;f7f5:390;d8e8:345;c7e5:290;d8d2:460;d8d6:409;c7e7:290;b5b4:312
cBFTV	a0-c1	1	25	25	3rk2r/2q2pp1/p4b1p/1pp2B2/6b1/1P6/P3QRPP/4R2K b k - 1 24	14	3	g4e2:-622;e8f8:-192;f6e7:-122
cBFTV	a0-c1	1	26	26	3r1rk1/2q2pp1/p4R1p/1p6/2p1B1Q1/1P6/P5PP/4R2K w - - 0 26	10	3	f6h6:275;b3c4:239;g4f5:279
cBFTV	a0-c1	1	27	27	4rrk1/2q2pp1/p4R1p/1pp5/4B1Q1/1P6/P5PP/4R2K w - - 1 26	10	3	f6h6:45;g4f5:-24;f6a6:261
cBFTV	a0-c1	1	28	28	3r1k1r/5pp1/p4b1p/1pp1q3/4B1Q1/1P6/P4RPP/5R1K w - - 3 26	10	11	f2f5:-76;e4b7:-123;f2e2:-115;f2f6:-418;h2h3:-129;e4c6:-142;e4b1:-136;f1e1:-192;e4c2:-130;g4f3:-114;e4f5:-160
cBFTV	a0-c1	1	29	29	3r1rk1/2q2pp1/p4b1p/1pp2Q2/4B3/1P6/P4RPP/4R2K b - - 2 25	10	7	g7g6:285;f8e8:423;f6d4:#1;c5c4:#1;c7e5:#1;c7d6:#1;d8d6:#1
cBFTV	a0-c1	1	30	30	3r1rk1/2q2p2/p4Rpp/1pp5/4B1Q1/1P6/P5PP/4R2K w - - 0 26	10	6	e4g6:276;e1f1:303;f6a6:218;f6g6:-10;h2h4:257;h2h3:270
cBFTV	a0-c1	1	31	31	3r1k1r/2q2pp1/p1B2b1p/1pp5/6Q1/1P6/P4RPP/4R2K b - - 0 25	10	1	c7c6:-483
cBFTV	a0-c1	1	32	32	5rk1/2q3p1/p5QR/1pp2p2/3rB3/1P6/P5PP/4R2K b - - 1 27	10	2	d4e4:686;f5e4:614
cBFTV	a0-c1	1	33	33	3r1rk1/6p1/p6R/1pp1qp2/4B1Q1/1P6/P5PP/4R2K w - - 0 27	10	9	g4g6:113;e4f5:#-1;e4d5:0;g4g5:-15;g4h4:-276;h6h8:-403;g4h5:0;g4g3:-434;h6h5:-3
cBFTV	a0-c1	1	34	34	5k1r/2q2pp1/p2r1b1p/1pp5/4B1Q1/1P6/P4RPP/5R1K w - - 3 26	10	19	h2h3:-152;g4g3:-147;f2f6:-342;e4f5:-213;g4f4:-180;g4h5:-113;g4f5:-266;e4c2:-178;g4f3:-130;f2f5:-99;h2h4:-178;e4b1:-187;a2a4:-120;g4e2:-145;f2f3:-168;a2a3:-191;f1d1:-192;e4g6:-292;f2e2:-197
cBFTV	a0-c1	1	35	35	3r1r1k/2q2pp1/p6p/1pp5/4B1Q1/1P3R2/P5PP/4R2K b - - 2 26	10	12	d8d4:305;c5c4:309;d8e8:308;d8d2:329;c7e5:310;c7d6:318;c7a5:368;f8e8:279;g7g6:288;f7f5:501;d8d6:297;f7f6:672
cBFTV	a0-c1	1	36	36	5rk1/2q2p2/p5pR/1pp5/3rB1Q1/1P6/P5PP/4R2K w - - 0 27	10	7	g4h4:45;h6g6:34;g4h3:90;e4g6:-341;g4f3:218;g4g5:331;h2h4:228
cBFTV	a0-c1	1	37	37	4Bk1r/2q2pp1/p4b1p/1pp5/6b1/1P6/P4RPP/4R2K b - - 0 26	10	10	g4e6:-567;f8g8:-516;g4d7:-562;f6e7:-394;f6d4:-534;g7g6:-402;f6e5:-510;f6c3:-503;c5c4:-557;g7g5:-466
cBFTV	a0-c1	1	38	38	5rk1/2q2pp1/p2R3p/1pp5/4B1Q1/1P6/P5PP/4R2K b - - 0 26	10	1	c7d6:322
cBFTV	a0-c1	1	39	39	3r1rk1/5pp1/p4R1p/qpp5/4B1Q1/1P6/P5PP/4R2K w - - 1 26	10	5	e1f1:326;f6h6:#-1;f6f1:256;e1g1:231;g4f5:-686
cBFTV	a0-c1	1	40	40	3r1k1r/2q2pp1/p4b1p/1pp5/4B1Q1/1P6/P3R1PP/4R2K b - - 2 25	10	13	g7g6:-122;h6h5:-143;c5c4:-73;d8d4:-68;c7d7:-70;d8e8:-122;f6c3:-133;f6d4:-82;g7g5:-149;f6e5:67;c7d6:-90;f6g5:-64;f8g8:-82
cBFTV	a0-c1	1	41	41	3rk2r/2q2pp1/p3bb1p/1pp5/6B1/1P6/P3QRPP/4R2K b k - 3 25	10	5	e8g8:-405;d8d6:-437;c7e7:-312;c7d6:-426;c7c6:-432
cBFTV	a0-c1	1	42	42	3rr1k1/2q2pp1/p6R/1pp5/4B1Q1/1P6/P5PP/4R2K b - - 0 26	10	12	e8e4:136;g7g6:248;d8d4:246;f7f5:#6;c7e5:301;c5c4:364;g8f8:650;c7a5:#6;c7d7:209;e8e6:532;d8d6:387;c7e7:#4
cBFTV	a0-c1	1	43	43	3r1rk1/5ppB/p4R1p/1pp1q3/6Q1/1P6/P5PP/4R2K b - - 2 26	10	1	g8h7:407
cBFTV	a0-c1	1	44	44	4Bk1r/2q2pp1/p3bb1p/1pp5/8/1P6/P4RPP/4R2K w - - 1 27	10	6	e8f7:-567;e1e6:-718;e8b5:-641;f2e2:-586;f2f6:-666;e1f1:-668
cBFTV	a0-c1	1	45	45	3r1rk1/2q2pp1/p6p/1pp5/3bB1Q1/1P6/P4RPP/5R1K w - - 3 26	10	6	f2f3:-257;g4f5:-324;f2f5:-157;f2f4:-319;f2f6:-478;f2d2:-335
cBFTV	a0-c1	1	46	46	3r1rk1/4qpp1/p4R1p/1pp5/4B1Q1/1P6/P5PP/4R2K w - - 1 26	10	3	f6h6:317;e4h7:420;f6a6:19
cBFTV	a0-c1	1	47	47	5k1r/2q2pp1/p4b1p/1pp2Q2/3rB3/1P6/P4RPP/5R1K b - - 4 26	10	11	c7e5:-1;c7e7:-50;c5c4:-116;d4d6:-126;c7d6:-43;c7d7:-19;f8e7:-104;h6h5:-142;a6a5:-49;d4d7:-100;c7d8:-38
cBFTV	a0-c1	1	48	48	3r1r1k/2q2pp1/p6p/1pp5/4B1Q1/1P6/P5PP/4RR1K b - - 2 26	10	11	d8d4:311;c5c4:340;d8d2:357;d8e8:325;g7g6:322;c7d6:343;c7e5:372;f7f6:647;f7f5:488;d8d6:320;f8e8:361
cBFTV	a0-c1	1	49	49	5rk1/2q2pp1/p6R/1pp5/4r1Q1/1P6/P5PP/4R2K w - - 0 27	10	2	e1e4:37;g4e4:-13
RKFRP	a0-c1	1	0	0	r5kr/5Nqp/3NpQp1/p2bPp1P/2p5/1n4P1/1P2K3/8 w - - 6 29	14	6	f6e7:-387;f7h6:#2;h5h6:-659;f7h8:-531;f6g5:-524;f6g7:-545
RKFRP	a0-c1	1	1	1	r5kr/6qp/3NpQpN/p2bPp1P/2p5/1n4P1/1P2K3/8 b - - 7 29	14	1	g7h6:#1
RKFRP	a0-c1	1	2	2	r5kr/7p/3NpQpq/p2bPp1P/2p5/1n4P1/1P2K3/8 w - - 0 30	10	1	f6f7:#1
RKFRP	a0-c1	1	3	3	r5kr/4QNqp/3Np1p1/p2bPp1P/2p5/1n4P1/1P2K3/8 b - - 7 29	14	6	b3d4:-512;g6h5:#2;a8f8:-604;g7f8:#2;g7e5:932;h7h6:-572
RKFRP	a0-c1	1	4	4	r5kr/4QNqp/3Np1p1/p2bPp1P/2pn4/6P1/1P2K3/8 w - - 8 30	10	4	e2e3:-604;e2d2:-518;e2f2:-591;e2d1:-544
RKFRP	a0-c1	1	5	5	r5kr/4QNqp/3Np1p1/p2bPp1P/2pn4/4K1P1/1P6/8 b - - 9 30	10	6	d4c6:-615;d4c2:-428;f5f4:-271;a8f8:-526;g7e5:728;g6h5:-436
RKFRP	a0-c1	1	6	6	r5kr/4QNqp/2nNp1p1/p2bPp1P/2p5/4K1P1/1P6/8 w - - 10 31	10	7	e7b7:-600;h5h6:-791;e7g5:-648;e7c7:-639;e7d7:-659;f7h6:-1199;e7f6:-650
RKFRP	a0-c1	1	7	7	r5kr/4QNqp/3Np3/p2bPp1p/2p5/1n4P1/1P2K3/8 w - - 0 30	10	12	d6e8:#-5;e7h4:-448;f7h6:#2;e7b7:#-5;f7h8:-996;g3g4:#-7;e2e3:#-4;e2f2:-470;d6f5:-581;f7g5:-1115;e7c7:#-7;e7d7:#-5
RKFRP	a0-c1	1	8	8	r5kr/5Nqp/3NpQpP/p2bPp2/2p5/1n4P1/1P2K3/8 b - - 0 29	14	2	g7f6:-696;b3d4:-554
RKFRP	a0-c1	1	9	9	r5kN/6qp/3NpQp1/p2bPp1P/2p5/1n4P1/1P2K3/8 b - - 0 29	14	3	g7f6:-629;g7h8:#1;g8h8:-630
RKFRP	a0-c1	1	10	10	r5kN/7p/3Npqp1/p2bPp1P/2p5/1n4P1/1P2K3/8 w - - 0 30	10	1	e5f6:-647
RKFRP	a0-c1	1	11	11	r5kr/5Nqp/3Np1p1/p2bPpQP/2p5/1n4P1/1P2K3/8 b - - 7 29	14	6	b3d4:-573;h7h6:-606;g6h5:-629;a8f8:-195;a5a4:-151;a8a7:-201
RKFRP	a0-c1	1	12	12	r5kr/5NQp/3Np1p1/p2bPp1P/2p5/1n4P1/1P2K3/8 b - - 0 29	14	1	g8g7:-684
RKFRP	a0-c1	1	13	13	r5kq/7p/3NpQp1/p2bPp1P/2p5/1n4P1/1P2K3/8 w - - 0 30	10	1	f6f7:#1
RKFRP	a0-c1	1	14	14	5rkr/4QNqp/3Np1p1/p2bPp1P/2p5/1n4P1/1P2K3/8 w - - 8 30	10	4	h5h6:-630;h5g6:-739;f7h6:-878;f7h8:-1009
RKFRP	a0-c1	1	15	15	r5kN/7p/3NpPp1/p2b1p1P/2p5/1n4P1/1P2K3/8 b - - 0 30	10	3	g8h8:-667;g6h5:-621;b3d4:-537
RKFRP	a0-c1	1	16	16	r5kr/4QNqp/3Np1p1/p2bPp1P/2pn4/6P1/1P1K4/8 b - - 9 30	10	6	d4f3:-495;d4b3:-530;a8f8:-623;d4c6:-556;g6h5:-593;g7f8:-529
RKFRP	a0-c1	1	17	17	r5kr/4QNqp/3Np1p1/p2bPp1P/2p5/4K1P1/1Pn5/8 w - - 10 31	10	2	e3d2:-478;e3f4:-736
RKFRP	a0-c1	1	18	18	r6k/7p/3NpPp1/p2b1p1P/2p5/1n4P1/1P2K3/8 w - - 0 31	10	4	h5g6:-647;f6f7:-686;h5h6:-711;d6f7:-659
RKFRP	a0-c1	1	19	19	r5kr/5N1p/3NpqpP/p2bPp2/2p5/1n4P1/1P2K3/8 w - - 0 30	10	1	e5f6:-711
RKFRP	a0-c1	1	20	20	r6k/7p/3NpPP1/p2b1p2/2p5/1n4P1/1P2K3/8 b - - 0 31	10	1	h7g6:-664
RKFRP	a0-c1	1	21	21	r5kr/1Q3Nqp/2nNp1p1/p2bPp1P/2p5/4K1P1/1P6/8 b - - 11 31	10	7	a8b8:-671;c6e5:-649;a8f8:-618;c6b4:-571;c6d8:-673;g7f8:-531;g7e5:-294
RKFRP	a0-c1	1	22	22	r5kr/5Nqp/3Np1p1/p2bPpQP/2pn4/6P1/1P2K3/8 w - - 8 30	10	4	e2e3:-573;e2d2:-822;e2f2:-613;e2d1:-572
RKFRP	a0-c1	1	23	23	r5kr/4QNqp/3Np1p1/p2bPp1P/2pn4/6P1/1P3K2/8 b - - 9 30	10	6	d4c6:#2;a8f8:-554;g6h5:#2;g7f8:#2;h7h6:-603;a5a4:#2
RKFRP	a0-c1	1	24	24	r3N1kr/4QNqp/4p3/p2bPp1p/2p5/1n4P1/1P2K3/8 b - - 1 30	10	4	g7f7:-136;g7g4:#-5;b3d4:-517;a8e8:-641
RKFRP	a0-c1	1	25	25	5rkr/4QNqp/3Np1pP/p2bPp2/2p5/1n4P1/1P2K3/8 b - - 0 30	10	5	f8f7:-638;b3d4:-499;g7f7:-187;g7h6:#1;g7e5:#4
RKFRP	a0-c1	1	26	26	r5kr/4QNqp/3Np1p1/p2bPp1P/2p5/6P1/1PnK4/8 b - - 11 31	10	6	c2d4:143;c2b4:676;a8f8:-462;g6h5:-394;g7f8:-382;c4c3:-341
RKFRP	a0-c1	1	27	27	r5kr/4QNqp/3Np1p1/p2bPp1P/2p5/5nP1/1P1K4/8 w - - 10 31	10	4	d2e3:-610;d2c3:-599;d2c1:-607;d2e2:-627
RKFRP	a0-c1	1	28	28	r5kr/4QNqp/2nNp1pP/p2bPp2/2p5/4K1P1/1P6/8 b - - 0 31	10	4	c6e7:-811;g7f8:#4;g7h6:#1;g7e5:-531
RKFRP	a0-c1	1	29	29	r4qkr/4QN1p/3Np1p1/p2bPp1P/2p5/1n4P1/1P2K3/8 w - - 8 30	10	5	e7f6:-137;f7h6:#2;e7g5:-243;e7f8:-600;h5h6:-756
RKFRP	a0-c1	1	30	30	r6k/6qp/3NpQp1/p2bPp1P/2p5/1n4P1/1P2K3/8 w - - 0 30	10	3	d6f7:-702;f6g5:-721;h5g6:-642
RKFRP	a0-c1	1	31	31	r5kr/4QNqp/3Np1p1/p2bPp1P/2pn4/6P1/1P1K4/8 w - - 12 32	10	5	h5h6:162;h5g6:-475;d6e8:-604;f7h6:-921;f7h8:-978
RKFRP	a0-c1	1	32	32	r5kr/5Nqp/3Np3/p2bPp1p/2p4Q/1n4P1/1P2K3/8 b - - 1 30	10	8	g7g4:-728;b3d4:-588;a5a4:-521;b3c1:-530;a8f8:-651;h7h6:-613;a8a7:#3;g7f7:-485
RKFRP	a0-c1	1	33	33	r6k/5P1p/3Np1p1/p2b1p1P/2p5/1n4P1/1P2K3/8 b - - 0 31	10	6	h8g7:-673;g6h5:100;a8f8:-592;a5a4:103;e6e5:-599;b3d4:-604
RKFRP	a0-c1	1	34	34	r6k/8/3NpPp1/p2b1p2/2p5/1n4P1/1P2K3/8 w - - 0 32	10	3	f6f7:-688;d6f7:-652;e2e3:-685
RKFRP	a0-c1	1	35	35	r7/5Pkp/3Np1p1/p2b1p1P/2p5/1n4P1/1P2K3/8 w - - 1 32	10	4	h5g6:-682;h5h6:-750;e2e3:-741;d6e8:-702
RKFRP	a0-c1	1	36	36	6kr/4Qrqp/3Np1pP/p2bPp2/2p5/1n4P1/1P2K3/8 w - - 0 31	10	4	d6f7:-687;e7e8:-754;e7d8:-638;h6g7:-693
RKFRP	a0-c1	1	37	37	r6r/5Nkp/3Np1p1/p2bPp1P/2p5/1n4P1/1P2K3/8 w - - 0 30	10	3	h5h6:-700;f7h8:-701;h5g6:-732
RKFRP	a0-c1	1	38	38	r5kr/5N1p/3NpPpP/p2b1p2/2p5/1n4P1/1P2K3/8 b - - 0 30	10	6	a5a4:-468;b3d4:-507;e6e5:-425;a8f8:-481;a8a7:-453;g8f8:-351
RKFRP	a0-c1	1	39	39	r5kr/4QNqp/3Np1p1/p2bPp1P/2pn4/6P1/1P6/3K4 b - - 9 30	10	7	d5f3:-463;a8f8:-535;d4c6:#2;g6h5:#2;g7f8:#2;a5a4:#2;h7h6:-553
RKFRP	a0-c1	1	40	40	r5kr/4QNqp/3Np1p1/p2bP2P/2pn1p2/4K1P1/1P6/8 w - - 0 31	10	2	g3f4:-655;e3d4:-500
RKFRP	a0-c1	1	41	41	r6k/7p/3NpPpP/p2b1p2/2p5/1n4P1/1P2K3/8 b - - 0 31	10	6	a5a4:-609;h8g8:-717;a8f8:-663;b3d4:-676;e6e5:-680;a8d8:-604
RKFRP	a0-c1	1	42	42	r5kr/4QN1p/3Np1p1/p2bqp1P/2p5/1n4P1/1P2K3/8 w - - 0 30	10	3	e2f2:#-6;f7e5:868;e2d1:#-6
RKFRP	a0-c1	1	43	43	r6k/5Nqp/4pQp1/p2bPp1P/2p5/1n4P1/1P2K3/8 b - - 1 30	10	1	h8g8:-651
RKFRP	a0-c1	1	44	44	r5kr/5N1p/3NpPpP/3b1p2/p1p5/1n4P1/1P2K3/8 w - - 0 31	10	5	f7h8:-651;f7g5:-529;f7e5:-508;e2e3:-722;e2d1:-705
RKFRP	a0-c1	1	45	45	r5kr/5Nqp/3Np1p1/p2bPpQP/2pn4/4K1P1/1P6/8 b - - 9 30	10	6	d4c2:-523;d4f3:-590;d4c6:-230;h7h6:-574;g6h5:-576;g7e5:327
RKFRP	a0-c1	1	46	46	r6k/5N1p/4pPp1/p2b1p1P/2p5/1n4P1/1P2K3/8 b - - 1 31	10	1	h8g8:-636
RKFRP	a0-c1	1	47	47	r6k/5P2/3Np1p1/p2b1p2/2p5/1n4P1/1P2K3/8 b - - 0 32	10	4	h8g7:-693;a8f8:-619;a5a4:0;e6e5:-612
RKFRP	a0-c1	1	48	48	r6k/5P1p/3Np3/p2b1p1p/2p5/1n4P1/1P2K3/8 w - - 0 32	10	3	d6e8:92;e2e3:-754;e2d1:-756
RKFRP	a0-c1	1	49	49	r5kr/4QNqp/3Np1p1/p2bPp1P/2p5/4KnP1/1P6/8 b - - 11 31	10	8	f3e5:-701;a8f8:-626;g6h5:-612;f3g5:-378;g7e5:60;g7f8:-558;f5f4:-523;a5a4:214
zskVk	a0-c1	1	0	0	1r1q1rk1/pb1p1Npp/1p6/3Q4/4R3/8/PP3PPP/4R1K1 w - - 1 19	14	4	f7h6:#3;f7d8:-253;d5b3:-386;d5b7:24
zskVk	a0-c1	1	1	1	1r1q1rk1/pb1p2pp/1p5N/3Q4/4R3/8/PP3PPP/4R1K1 b - - 2 19	14	1	g8h8:#2
zskVk	a0-c1	1	2	2	1r1q1r1k/pb1p2pp/1p5N/3Q4/4R3/8/PP3PPP/4R1K1 w - - 3 20	10	2	h6f7:23;d5g8:#2
zskVk	a0-c1	1	3	3	1r1N1rk1/pb1p2pp/1p6/3Q4/4R3/8/PP3PPP/4R1K1 b - - 0 19	14	1	b7d5:-372
zskVk	a0-c1	1	4	4	1r1q1r1k/pb1p1Npp/1p6/3Q4/4R3/8/PP3PPP/4R1K1 b - - 4 20	10	2	f8f7:14;h8g8:#3
zskVk	a0-c1	1	5	5	1r1q1rQk/pb1p2pp/1p5N/8/4R3/8/PP3PPP/4R1K1 b - - 4 20	10	1	f8g8:#1
zskVk	a0-c1	1	6	6	1r1q3k/pb1p1rpp/1p6/3Q4/4R3/8/PP3PPP/4R1K1 w - - 0 21	10	2	d5f7:17;e4e8:-339
zskVk	a0-c1	1	7	7	1r1q3k/pb1p1Qpp/1p6/8/4R3/8/PP3PPP/4R1K1 b - - 0 21	10	1	b7e4:12
zskVk	a0-c1	1	8	8	1r1q2rk/pb1p2pp/1p5N/8/4R3/8/PP3PPP/4R1K1 w - - 0 21	10	1	h6f7:#1
zskVk	a0-c1	1	9	9	1r1N1rk1/p2p2pp/1p6/3b4/4R3/8/PP3PPP/4R1K1 w - - 0 20	10	4	e4d4:-362;e4e5:-369;e4e8:-457;e4e7:-418
zskVk	a0-c1	1	10	10	1r1q3k/p2p1Qpp/1p6/8/4b3/8/PP3PPP/4R1K1 w - - 0 22	10	1	e1e4:17
zskVk	a0-c1	1	11	11	1r1q1rk1/pQ1p1Npp/1p6/8/4R3/8/PP3PPP/4R1K1 b - - 0 19	14	3	f8f7:204;b8b7:16;g8f7:415
zskVk	a0-c1	1	12	12	1r1q3k/p2p1Qpp/1p6/8/4R3/8/PP3PPP/6K1 b - - 0 22	10	6	b8c8:97;d7d5:73;d8f8:84;h7h6:56;d8c7:#2;d8g8:10
zskVk	a0-c1	1	13	13	1r1q1rk1/pb1p1Npp/1p6/3Q4/4R3/8/PP3PPP/4R1K1 w - - 5 21	10	4	f7h6:#3;f7d8:-362;d5b3:-370;d5b7:16
zskVk	a0-c1	1	14	14	1r1q2k1/pQ1p1rpp/1p6/8/4R3/8/PP3PPP/4R1K1 w - - 0 20	10	4	b7a7:182;b7d5:185;e4e8:-9;b7b8:6
zskVk	a0-c1	1	15	15	1r1N1rk1/p2p2pp/1p6/3b4/3R4/8/PP3PPP/4R1K1 b - - 1 20	10	5	d5a2:-366;b8d8:33;d5g2:-32;d5c6:-7;f8d8:-14
zskVk	a0-c1	1	16	16	1r1qR2k/pb1p1rpp/1p6/3Q4/8/8/PP3PPP/4R1K1 b - - 1 21	10	1	d8e8:-546
zskVk	a0-c1	1	17	17	1r1q1rk1/pb1p2pp/1p5N/3Q4/4R3/8/PP3PPP/4R1K1 b - - 6 21	10	1	g8h8:#2
zskVk	a0-c1	1	18	18	1r1N1rk1/p2p2pp/1p6/3bR3/8/8/PP3PPP/4R1K1 b - - 1 20	10	5	d5a2:-394;b8d8:34;d5g2:-42;f8d8:-4;d5c6:2
zskVk	a0-c1	1	19	19	1r2q2k/pb1p1rpp/1p6/3Q4/8/8/PP3PPP/4R1K1 w - - 0 22	10	1	e1e8:-587
zskVk	a0-c1	1	20	20	1r1q1rk1/pb1p1Npp/1p6/8/4R3/1Q6/PP3PPP/4R1K1 b - - 2 19	14	2	f8f7:-392;d8f6:19
zskVk	a0-c1	1	21	21	1r2R2k/pb1p1rpp/1p6/3Q4/8/8/PP3PPP/6K1 b - - 0 22	10	1	b8e8:-626
zskVk	a0-c1	1	22	22	1r1N1rk1/p2p2pp/1p6/8/3R4/8/bP3PPP/4R1K1 w - - 0 21	10	3	d4d7:-360;e1a1:-366;d4a4:-400
zskVk	a0-c1	1	23	23	3q1rk1/pr1p1Npp/1p6/8/4R3/8/PP3PPP/4R1K1 w - - 0 20	10	1	f7d8:13
zskVk	a0-c1	1	24	24	1r1N1rk1/pb1p2pp/1p6/3Q4/4R3/8/PP3PPP/4R1K1 b - - 0 21	10	1	b7d5:-359
zskVk	a0-c1	1	25	25	1r1q1r1k/pb1p2pp/1p5N/3Q4/4R3/8/PP3PPP/4R1K1 w - - 7 22	10	2	h6f7:3;d5g8:#2
zskVk	a0-c1	1	26	26	1r1N1rk1/p2p2pp/1p6/3b4/4R3/8/PP3PPP/4R1K1 w - - 0 22	10	4	e4d4:-364;e4e5:-399;e4e8:-496;e4e7:-458
zskVk	a0-c1	1	27	27	1r1q1r1k/pb1p1Npp/1p6/3Q4/4R3/8/PP3PPP/4R1K1 b - - 8 22	10	2	f8f7:1;h8g8:#3
zskVk	a0-c1	1	28	28	1r1N1rk1/p2R2pp/1p6/8/8/8/bP3PPP/4R1K1 b - - 0 21	10	2	b8d8:-378;f8d8:-357
zskVk	a0-c1	1	29	29	1r1N1rk1/p2p2pp/1p6/3b4/3R4/8/PP3PPP/4R1K1 b - - 1 22	10	5	d5a2:-363;b8d8:-17;d5g2:-47;d5c6:-10;f8d8:-17
zskVk	a0-c1	1	30	30	1r1q2k1/Q2p1rpp/1p6/8/4R3/8/PP3PPP/4R1K1 b - - 0 20	10	7	f7f8:207;d7d5:295;b8a8:249;d8f6:466;d8f8:167;h7h6:191;b8c8:171
zskVk	a0-c1	1	31	31	1r1q1rQk/pb1p2pp/1p5N/8/4R3/8/PP3PPP/4R1K1 b - - 8 22	10	1	f8g8:#1
zskVk	a0-c1	1	32	32	1r1N1rk1/p2p2pp/1p6/3bR3/8/8/PP3PPP/4R1K1 b - - 1 22	10	5	d5a2:-350;b8d8:38;d5g2:-40;f8d8:-2;d5c6:-8
zskVk	a0-c1	1	33	33	1r1q1rk1/pb1p1Npp/1p6/8/4R3/1Q6/PP3PPP/4R1K1 b - - 6 21	10	2	f8f7:-392;d8f6:40
zskVk	a0-c1	1	34	34	1r1q2k1/p2p1rpp/1p6/3Q4/4R3/8/PP3PPP/4R1K1 b - - 1 20	10	6	d8f6:#2;d8f8:253;g8f8:199;d8c7:#2;b8c8:197;h7h6:268
zskVk	a0-c1	1	35	35	1r1q1r2/pQ1p1kpp/1p6/8/4R3/8/PP3PPP/4R1K1 w - - 0 20	10	3	b7d5:412;b7a7:233;e4e7:129
zskVk	a0-c1	1	36	36	1r1N1rk1/p2p2pp/1p6/4R3/8/8/bP3PPP/4R1K1 w - - 0 21	10	6	e5e8:-503;e1a1:-377;d8e6:-535;d8b7:-498;e5e7:-494;d8c6:-545
zskVk	a0-c1	1	37	37	1r1q1rk1/pQ1p1Npp/1p6/8/4R3/8/PP3PPP/4R1K1 b - - 0 21	10	3	f8f7:164;b8b7:16;g8f7:450
zskVk	a0-c1	1	38	38	1r1q2k1/pb1p1rpp/1p6/8/4R3/1Q6/PP3PPP/4R1K1 w - - 0 22	10	3	e4e8:-493;e4e7:-386;e4f4:-406
zskVk	a0-c1	1	39	39	3N1rk1/pr1p2pp/1p6/8/4R3/8/PP3PPP/4R1K1 b - - 0 20	10	1	f8d8:22
zskVk	a0-c1	1	40	40	1r1q2k1/pQ1p1rpp/1p6/8/4R3/8/PP3PPP/4R1K1 w - - 0 22	10	4	b7a7:173;b7d5:168;e4e8:5;b7b8:21
zskVk	a0-c1	1	41	41	3r1rk1/p2p2pp/1p6/3b4/3R4/8/PP3PPP/4R1K1 w - - 0 21	10	1	d4d5:21
zskVk	a0-c1	1	42	42	1r1NRrk1/p2p2pp/1p6/3b4/8/8/PP3PPP/4R1K1 b - - 1 22	10	2	b8d8:-479;f8e8:#1
zskVk	a0-c1	1	43	43	1r1qR1k1/pb1p1rpp/1p6/8/8/1Q6/PP3PPP/4R1K1 b - - 1 22	10	1	d8e8:-460
zskVk	a0-c1	1	44	44	1r1N1rk1/p2pR1pp/1p6/3b4/8/8/PP3PPP/4R1K1 b - - 1 22	10	1	b8d8:-473
zskVk	a0-c1	1	45	45	1r1q1rk1/Q2p2pp/1p6/8/4R3/8/PP3PPP/4R1K1 w - - 1 21	10	7	e4e7:225;a7a3:185;a7a4:185;e4d4:82;e1d1:74;h2h3:124;a7a6:151
zskVk	a0-c1	1	46	46	3q1rk1/pr1p1Npp/1p6/8/4R3/8/PP3PPP/4R1K1 w - - 0 22	10	1	f7d8:22
zskVk	a0-c1	1	47	47	3r1rk1/p2p2pp/1p6/3bR3/8/8/PP3PPP/4R1K1 w - - 0 21	10	1	e5d5:22
zskVk	a0-c1	1	48	48	1r1q2k1/pb1pRrpp/1p6/8/8/1Q6/PP3PPP/4R1K1 b - - 1 22	10	3	d8f8:-227;d7d5:-373;d8e7:284
zskVk	a0-c1	1	49	49	1r1q2k1/pb1p1rpp/1p6/8/4R3/1Q6/PP3PPP/4R1K1 w - - 0 20	10	3	e4e8:-440;e4e7:-393;e4f4:-409
