position	elo	stop_rule	root_move	snapshot_nodes	pre_value	post_value	delta
italian	2300	off	d2d3	2	0.520240	0.516676	-0.003565
italian	2300	off	f3g5	3	0.519321	0.491716	-0.027605
italian	2300	off	d2d4	4	0.515644	0.487931	-0.027712
italian	2300	off	e1g1	5	0.484356	0.487254	0.002897
middlegame	2300	off	h2h3	2	0.551367	0.556875	0.005507
middlegame	2300	off	a1b1	3	0.520240	0.552978	0.032738
middlegame	2300	off	f3g5	4	0.582992	0.601145	0.018153
middlegame	2300	off	e2d3	5	0.548633	0.554690	0.006057
middlegame	2300	off	a2a3	14	0.531257	0.552495	0.021238
middlegame	2300	off	f3e5	15	0.519321	0.518051	-0.001271
sharp	2300	off	h2h4	2	0.510124	0.547945	0.037821
sharp	2300	off	c3e2	3	0.533090	0.560704	0.027614
sharp	2300	off	e1c1	4	0.505523	0.493184	-0.012339
sharp	2300	off	e1g1	5	0.481598	0.526967	0.045369
endgame	2300	off	b4f4	2	0.509204	0.502762	-0.006443
endgame	2300	off	a5a6	3	0.473330	0.500000	0.026670
C50	2300	off	c2c3	2	0.518402	0.522870	0.004468
C50	2300	off	e1g1	3	0.521159	0.524141	0.002982
C50	2300	off	d2d3	4	0.518402	0.519645	0.001243
C50	2300	off	b1c3	5	0.518402	0.521809	0.003407
C60	2300	off	g8f6	2	0.464161	0.469723	0.005562
C60	2300	off	a7a6	3	0.469660	0.474128	0.004468
C60	2300	off	f8c5	4	0.450455	0.454600	0.004145
C60	2300	off	g8e7	5	0.457757	0.456975	-0.000782
C60	2300	off	c6d4	11	0.447722	0.452299	0.004577
C60	2300	off	d7d6	12	0.447722	0.442773	-0.004949
C70	2300	off	g8f6	2	0.462330	0.460850	-0.001480
C70	2300	off	b7b5	3	0.455930	0.457757	0.001827
C70	2300	off	d7d6	4	0.453191	0.456625	0.003434
C45	2300	off	e5d4	2	0.465077	0.474480	0.009403
C42	2300	off	f3e5	2	0.535839	0.557684	0.021846
C42	2300	off	b1c3	3	0.526670	0.528385	0.001715
C42	2300	off	d2d3	4	0.500921	0.492288	-0.008632
C47	2300	off	f1b5	2	0.515644	0.528294	0.012650
C47	2300	off	d2d4	3	0.521159	0.520452	-0.000708
C47	2300	off	f1c4	4	0.483437	0.496071	0.012634
C47	2300	off	g2g3	5	0.501841	0.498572	-0.003269
C47	2300	off	f1e2	12	0.481598	0.522391	0.040794
C47	2300	off	f3e5	19	0.364475	0.355146	-0.009329
C25	2300	off	g8f6	2	0.477922	0.482302	0.004380
C25	2300	off	b8c6	3	0.476085	0.496005	0.019920
C25	2300	off	f8c5	4	0.450455	0.477243	0.026788
C25	2300	off	c7c6	5	0.438636	0.453791	0.015155
C30	2300	off	e5f4	2	0.539500	0.551032	0.011532
C30	2300	off	d7d5	3	0.532174	0.561205	0.029031
C30	2300	off	d7d6	4	0.500921	0.520894	0.019974
C30	2300	off	b8c6	5	0.488956	0.501419	0.012463
B50	2300	off	d2d4	2	0.544070	0.547721	0.003651
B50	2300	off	c2c3	3	0.513804	0.531125	0.017321
B50	2300	off	b1c3	4	0.523915	0.542406	0.018491
B50	2300	off	f1c4	5	0.519321	0.523039	0.003717
B50	2300	off	f1b5	12	0.517483	0.527426	0.009943
B90	2300	off	c1g5	2	0.542243	0.538585	-0.003658
B90	2300	off	f1e2	3	0.543157	0.541319	-0.001838
B90	2300	off	f1c4	4	0.528505	0.529357	0.000852
B90	2300	off	c1e3	5	0.545896	0.541994	-0.003902
B90	2300	off	f2f3	8	0.541329	0.542188	0.000859
B90	2300	off	h2h3	9	0.529423	0.539300	0.009878
B90	2300	off	g2g3	10	0.523915	0.532623	0.008708
B90	2300	off	f2f4	11	0.520240	0.533795	0.013555
B70	2300	off	c1e3	2	0.553188	0.553188	0.000000
B70	2300	off	f1e2	3	0.534923	0.532174	-0.002749
B70	2300	off	f2f3	4	0.552278	0.564204	0.011926
B70	2300	off	f1c4	5	0.537670	0.526670	-0.011000
B70	2300	off	f2f4	10	0.518402	0.519483	0.001081
B70	2300	off	g2g3	11	0.514724	0.507962	-0.006762
C00	2300	off	d2d4	2	0.531257	0.533625	0.002368
C00	2300	off	g1f3	3	0.525752	0.528129	0.002377
C00	2300	off	b1c3	4	0.536754	0.530321	-0.006433
C00	2300	off	d2d3	5	0.510124	0.507461	-0.002663
C00	2300	off	f2f4	13	0.496318	0.483199	-0.013119
C00	2300	off	b2b3	14	0.481598	0.479706	-0.001892
